ISO-10303-21;
HEADER;
/* Generated by software containing ST-Developer
 * from STEP Tools, Inc. (www.steptools.com) 
 */

FILE_DESCRIPTION(
/* description */ (''),
/* implementation_level */ '2;1');

FILE_NAME(
/* name */ 'Base.stp',
/* time_stamp */ '2025-09-30T18:05:01-03:00',
/* author */ ('bello'),
/* organization */ (''),
/* preprocessor_version */ 'ST-DEVELOPER v20.1',
/* originating_system */ 'Autodesk Inventor 2026',
/* authorisation */ '');

FILE_SCHEMA (('AUTOMOTIVE_DESIGN { 1 0 10303 214 3 1 1 }'));
ENDSEC;

DATA;
#10=MECHANICAL_DESIGN_GEOMETRIC_PRESENTATION_REPRESENTATION('',(#19,#20,
#21,#22,#23,#24,#25,#26),#5907);
#11=GEOMETRICALLY_BOUNDED_WIREFRAME_SHAPE_REPRESENTATION('',(#12),#5906);
#12=GEOMETRIC_CURVE_SET('Boceto7',(#515,#516,#16,#517,#17,#518,#18,#5903));
#13=SHAPE_REPRESENTATION_RELATIONSHIP('SRR','None',#5914,#15);
#14=SHAPE_REPRESENTATION_RELATIONSHIP('SRR','None',#5914,#11);
#15=ADVANCED_BREP_SHAPE_REPRESENTATION('',(#27),#5906);
#16=POLYLINE('',(#5895,#5896));
#17=POLYLINE('',(#5898,#5899));
#18=POLYLINE('',(#5901,#5902));
#19=STYLED_ITEM('',(#5923),#27);
#20=STYLED_ITEM('',(#5924),#515);
#21=STYLED_ITEM('',(#5924),#516);
#22=STYLED_ITEM('',(#5925),#16);
#23=STYLED_ITEM('',(#5924),#517);
#24=STYLED_ITEM('',(#5925),#17);
#25=STYLED_ITEM('',(#5924),#518);
#26=STYLED_ITEM('',(#5925),#18);
#27=MANIFOLD_SOLID_BREP('S\X\F3lido1',#3295);
#28=TOROIDAL_SURFACE('',#3327,3.,2.);
#29=TOROIDAL_SURFACE('',#3333,3.,2.);
#30=TOROIDAL_SURFACE('',#3339,3.,2.);
#31=TOROIDAL_SURFACE('',#3345,3.,2.);
#32=CYLINDRICAL_SURFACE('',#3324,2.);
#33=CYLINDRICAL_SURFACE('',#3331,2.);
#34=CYLINDRICAL_SURFACE('',#3337,2.);
#35=CYLINDRICAL_SURFACE('',#3343,2.);
#36=CYLINDRICAL_SURFACE('',#3349,2.);
#37=CYLINDRICAL_SURFACE('',#3461,1.6);
#38=CYLINDRICAL_SURFACE('',#3464,1.6);
#39=CYLINDRICAL_SURFACE('',#3467,3.25);
#40=CYLINDRICAL_SURFACE('',#3471,3.25);
#41=CYLINDRICAL_SURFACE('',#3479,3.7);
#42=CYLINDRICAL_SURFACE('',#3482,3.7);
#43=CYLINDRICAL_SURFACE('',#3485,3.7);
#44=CYLINDRICAL_SURFACE('',#3488,3.7);
#45=CYLINDRICAL_SURFACE('',#3491,3.7);
#46=CYLINDRICAL_SURFACE('',#3494,3.7);
#47=CYLINDRICAL_SURFACE('',#3497,3.7);
#48=CYLINDRICAL_SURFACE('',#3500,3.7);
#49=CYLINDRICAL_SURFACE('',#3503,3.7);
#50=CYLINDRICAL_SURFACE('',#3506,3.7);
#51=CYLINDRICAL_SURFACE('',#3509,3.7);
#52=CYLINDRICAL_SURFACE('',#3512,3.7);
#53=CYLINDRICAL_SURFACE('',#3515,3.7);
#54=CYLINDRICAL_SURFACE('',#3518,3.7);
#55=CYLINDRICAL_SURFACE('',#3521,3.7);
#56=CYLINDRICAL_SURFACE('',#3524,3.7);
#57=CYLINDRICAL_SURFACE('',#3527,3.7);
#58=CYLINDRICAL_SURFACE('',#3530,3.7);
#59=CYLINDRICAL_SURFACE('',#3533,3.7);
#60=CYLINDRICAL_SURFACE('',#3536,3.7);
#61=CYLINDRICAL_SURFACE('',#3539,3.7);
#62=CYLINDRICAL_SURFACE('',#3542,3.7);
#63=CYLINDRICAL_SURFACE('',#3545,3.7);
#64=CYLINDRICAL_SURFACE('',#3548,3.7);
#65=CYLINDRICAL_SURFACE('',#3551,3.7);
#66=CYLINDRICAL_SURFACE('',#3554,3.7);
#67=CYLINDRICAL_SURFACE('',#3557,3.7);
#68=CYLINDRICAL_SURFACE('',#3560,3.7);
#69=CYLINDRICAL_SURFACE('',#3563,3.7);
#70=CYLINDRICAL_SURFACE('',#3566,3.7);
#71=CYLINDRICAL_SURFACE('',#3569,3.7);
#72=CYLINDRICAL_SURFACE('',#3572,3.7);
#73=CYLINDRICAL_SURFACE('',#3575,3.7);
#74=CYLINDRICAL_SURFACE('',#3578,3.7);
#75=CYLINDRICAL_SURFACE('',#3581,3.7);
#76=CYLINDRICAL_SURFACE('',#3584,3.7);
#77=CYLINDRICAL_SURFACE('',#3587,3.7);
#78=CYLINDRICAL_SURFACE('',#3590,3.7);
#79=CYLINDRICAL_SURFACE('',#3593,3.7);
#80=CYLINDRICAL_SURFACE('',#3596,3.7);
#81=CYLINDRICAL_SURFACE('',#3599,3.7);
#82=CYLINDRICAL_SURFACE('',#3602,3.7);
#83=CYLINDRICAL_SURFACE('',#3605,3.7);
#84=CYLINDRICAL_SURFACE('',#3608,3.7);
#85=CYLINDRICAL_SURFACE('',#3611,3.7);
#86=CYLINDRICAL_SURFACE('',#3614,3.7);
#87=CYLINDRICAL_SURFACE('',#3617,3.7);
#88=CYLINDRICAL_SURFACE('',#3620,3.7);
#89=CYLINDRICAL_SURFACE('',#3623,3.7);
#90=CYLINDRICAL_SURFACE('',#3626,3.7);
#91=CYLINDRICAL_SURFACE('',#3629,3.7);
#92=CYLINDRICAL_SURFACE('',#3632,3.7);
#93=CYLINDRICAL_SURFACE('',#3635,3.7);
#94=CYLINDRICAL_SURFACE('',#3638,3.7);
#95=CYLINDRICAL_SURFACE('',#3641,3.7);
#96=CYLINDRICAL_SURFACE('',#3644,3.7);
#97=CYLINDRICAL_SURFACE('',#3647,3.7);
#98=CYLINDRICAL_SURFACE('',#3650,3.7);
#99=CYLINDRICAL_SURFACE('',#3653,3.7);
#100=CYLINDRICAL_SURFACE('',#3656,3.7);
#101=CYLINDRICAL_SURFACE('',#3659,3.7);
#102=CYLINDRICAL_SURFACE('',#3662,3.7);
#103=CYLINDRICAL_SURFACE('',#3665,3.7);
#104=CYLINDRICAL_SURFACE('',#3668,3.7);
#105=CYLINDRICAL_SURFACE('',#3671,3.7);
#106=CYLINDRICAL_SURFACE('',#3674,3.7);
#107=CYLINDRICAL_SURFACE('',#3677,3.7);
#108=CYLINDRICAL_SURFACE('',#3680,3.7);
#109=CYLINDRICAL_SURFACE('',#3683,3.7);
#110=CYLINDRICAL_SURFACE('',#3686,3.7);
#111=CYLINDRICAL_SURFACE('',#3689,3.7);
#112=CYLINDRICAL_SURFACE('',#3692,3.7);
#113=CYLINDRICAL_SURFACE('',#3695,3.7);
#114=CYLINDRICAL_SURFACE('',#3698,3.7);
#115=CYLINDRICAL_SURFACE('',#3701,3.7);
#116=CYLINDRICAL_SURFACE('',#3704,3.7);
#117=CYLINDRICAL_SURFACE('',#3707,3.7);
#118=CYLINDRICAL_SURFACE('',#3710,3.7);
#119=CYLINDRICAL_SURFACE('',#3713,3.7);
#120=CYLINDRICAL_SURFACE('',#3716,3.7);
#121=CYLINDRICAL_SURFACE('',#3719,3.7);
#122=CYLINDRICAL_SURFACE('',#3722,3.7);
#123=CYLINDRICAL_SURFACE('',#3725,3.7);
#124=CYLINDRICAL_SURFACE('',#3728,3.7);
#125=CYLINDRICAL_SURFACE('',#3731,3.7);
#126=CYLINDRICAL_SURFACE('',#3734,3.7);
#127=CYLINDRICAL_SURFACE('',#3737,3.7);
#128=CYLINDRICAL_SURFACE('',#3740,3.7);
#129=CYLINDRICAL_SURFACE('',#3743,3.7);
#130=CYLINDRICAL_SURFACE('',#3746,3.7);
#131=CYLINDRICAL_SURFACE('',#3749,3.7);
#132=CYLINDRICAL_SURFACE('',#3752,3.7);
#133=CYLINDRICAL_SURFACE('',#3755,3.7);
#134=CYLINDRICAL_SURFACE('',#3758,3.7);
#135=CYLINDRICAL_SURFACE('',#3761,3.7);
#136=CYLINDRICAL_SURFACE('',#3764,3.7);
#137=CYLINDRICAL_SURFACE('',#3767,3.7);
#138=CYLINDRICAL_SURFACE('',#3770,3.7);
#139=CYLINDRICAL_SURFACE('',#3773,3.7);
#140=CYLINDRICAL_SURFACE('',#3776,3.7);
#141=CYLINDRICAL_SURFACE('',#3779,3.7);
#142=CYLINDRICAL_SURFACE('',#3782,3.7);
#143=CYLINDRICAL_SURFACE('',#3785,3.7);
#144=CYLINDRICAL_SURFACE('',#3786,3.7);
#145=CYLINDRICAL_SURFACE('',#3789,3.7);
#146=CYLINDRICAL_SURFACE('',#3792,3.7);
#147=CYLINDRICAL_SURFACE('',#3795,3.7);
#148=CYLINDRICAL_SURFACE('',#3798,3.7);
#149=CYLINDRICAL_SURFACE('',#3801,5.);
#150=CYLINDRICAL_SURFACE('',#3804,5.);
#151=CYLINDRICAL_SURFACE('',#3807,5.);
#152=CYLINDRICAL_SURFACE('',#3809,5.);
#153=FACE_BOUND('',#773,.T.);
#154=FACE_BOUND('',#784,.T.);
#155=FACE_BOUND('',#785,.T.);
#156=FACE_BOUND('',#786,.T.);
#157=FACE_BOUND('',#787,.T.);
#158=FACE_BOUND('',#788,.T.);
#159=FACE_BOUND('',#789,.T.);
#160=FACE_BOUND('',#790,.T.);
#161=FACE_BOUND('',#791,.T.);
#162=FACE_BOUND('',#792,.T.);
#163=FACE_BOUND('',#793,.T.);
#164=FACE_BOUND('',#794,.T.);
#165=FACE_BOUND('',#795,.T.);
#166=FACE_BOUND('',#796,.T.);
#167=FACE_BOUND('',#797,.T.);
#168=FACE_BOUND('',#798,.T.);
#169=FACE_BOUND('',#799,.T.);
#170=FACE_BOUND('',#800,.T.);
#171=FACE_BOUND('',#801,.T.);
#172=FACE_BOUND('',#802,.T.);
#173=FACE_BOUND('',#803,.T.);
#174=FACE_BOUND('',#804,.T.);
#175=FACE_BOUND('',#805,.T.);
#176=FACE_BOUND('',#806,.T.);
#177=FACE_BOUND('',#807,.T.);
#178=FACE_BOUND('',#808,.T.);
#179=FACE_BOUND('',#809,.T.);
#180=FACE_BOUND('',#810,.T.);
#181=FACE_BOUND('',#811,.T.);
#182=FACE_BOUND('',#812,.T.);
#183=FACE_BOUND('',#813,.T.);
#184=FACE_BOUND('',#814,.T.);
#185=FACE_BOUND('',#815,.T.);
#186=FACE_BOUND('',#816,.T.);
#187=FACE_BOUND('',#817,.T.);
#188=FACE_BOUND('',#818,.T.);
#189=FACE_BOUND('',#819,.T.);
#190=FACE_BOUND('',#820,.T.);
#191=FACE_BOUND('',#821,.T.);
#192=FACE_BOUND('',#822,.T.);
#193=FACE_BOUND('',#823,.T.);
#194=FACE_BOUND('',#824,.T.);
#195=FACE_BOUND('',#825,.T.);
#196=FACE_BOUND('',#826,.T.);
#197=FACE_BOUND('',#827,.T.);
#198=FACE_BOUND('',#828,.T.);
#199=FACE_BOUND('',#829,.T.);
#200=FACE_BOUND('',#830,.T.);
#201=FACE_BOUND('',#831,.T.);
#202=FACE_BOUND('',#832,.T.);
#203=FACE_BOUND('',#833,.T.);
#204=FACE_BOUND('',#834,.T.);
#205=FACE_BOUND('',#835,.T.);
#206=FACE_BOUND('',#836,.T.);
#207=FACE_BOUND('',#837,.T.);
#208=FACE_BOUND('',#838,.T.);
#209=FACE_BOUND('',#839,.T.);
#210=FACE_BOUND('',#840,.T.);
#211=FACE_BOUND('',#841,.T.);
#212=FACE_BOUND('',#842,.T.);
#213=FACE_BOUND('',#843,.T.);
#214=FACE_BOUND('',#844,.T.);
#215=FACE_BOUND('',#845,.T.);
#216=FACE_BOUND('',#846,.T.);
#217=FACE_BOUND('',#847,.T.);
#218=FACE_BOUND('',#848,.T.);
#219=FACE_BOUND('',#849,.T.);
#220=FACE_BOUND('',#850,.T.);
#221=FACE_BOUND('',#851,.T.);
#222=FACE_BOUND('',#852,.T.);
#223=FACE_BOUND('',#853,.T.);
#224=FACE_BOUND('',#854,.T.);
#225=FACE_BOUND('',#855,.T.);
#226=FACE_BOUND('',#856,.T.);
#227=FACE_BOUND('',#857,.T.);
#228=FACE_BOUND('',#858,.T.);
#229=FACE_BOUND('',#859,.T.);
#230=FACE_BOUND('',#860,.T.);
#231=FACE_BOUND('',#861,.T.);
#232=FACE_BOUND('',#862,.T.);
#233=FACE_BOUND('',#863,.T.);
#234=FACE_BOUND('',#864,.T.);
#235=FACE_BOUND('',#865,.T.);
#236=FACE_BOUND('',#866,.T.);
#237=FACE_BOUND('',#867,.T.);
#238=FACE_BOUND('',#868,.T.);
#239=FACE_BOUND('',#869,.T.);
#240=FACE_BOUND('',#870,.T.);
#241=FACE_BOUND('',#871,.T.);
#242=FACE_BOUND('',#872,.T.);
#243=FACE_BOUND('',#873,.T.);
#244=FACE_BOUND('',#874,.T.);
#245=FACE_BOUND('',#875,.T.);
#246=FACE_BOUND('',#876,.T.);
#247=FACE_BOUND('',#877,.T.);
#248=FACE_BOUND('',#878,.T.);
#249=FACE_BOUND('',#879,.T.);
#250=FACE_BOUND('',#880,.T.);
#251=FACE_BOUND('',#881,.T.);
#252=FACE_BOUND('',#882,.T.);
#253=FACE_BOUND('',#883,.T.);
#254=FACE_BOUND('',#884,.T.);
#255=FACE_BOUND('',#885,.T.);
#256=FACE_BOUND('',#886,.T.);
#257=FACE_BOUND('',#887,.T.);
#258=FACE_BOUND('',#888,.T.);
#259=FACE_BOUND('',#889,.T.);
#260=FACE_BOUND('',#890,.T.);
#261=FACE_BOUND('',#891,.T.);
#262=FACE_BOUND('',#897,.T.);
#263=FACE_BOUND('',#900,.T.);
#264=FACE_BOUND('',#904,.T.);
#265=FACE_BOUND('',#905,.T.);
#266=FACE_BOUND('',#1130,.T.);
#267=FACE_BOUND('',#1131,.T.);
#268=FACE_BOUND('',#1132,.T.);
#269=CIRCLE('',#3323,3.7);
#270=CIRCLE('',#3325,2.);
#271=CIRCLE('',#3326,2.);
#272=CIRCLE('',#3328,2.);
#273=CIRCLE('',#3329,3.);
#274=CIRCLE('',#3330,5.);
#275=CIRCLE('',#3332,2.);
#276=CIRCLE('',#3334,1.99999999999999);
#277=CIRCLE('',#3335,3.);
#278=CIRCLE('',#3336,5.);
#279=CIRCLE('',#3338,1.99999999999999);
#280=CIRCLE('',#3340,2.00000000000003);
#281=CIRCLE('',#3341,3.);
#282=CIRCLE('',#3342,5.);
#283=CIRCLE('',#3344,1.99999999999999);
#284=CIRCLE('',#3346,1.99999999999999);
#285=CIRCLE('',#3347,3.);
#286=CIRCLE('',#3348,5.);
#287=CIRCLE('',#3350,2.);
#288=CIRCLE('',#3352,3.7);
#289=CIRCLE('',#3353,3.7);
#290=CIRCLE('',#3354,3.7);
#291=CIRCLE('',#3355,3.7);
#292=CIRCLE('',#3356,3.7);
#293=CIRCLE('',#3357,3.7);
#294=CIRCLE('',#3358,3.7);
#295=CIRCLE('',#3359,3.7);
#296=CIRCLE('',#3360,3.7);
#297=CIRCLE('',#3361,3.7);
#298=CIRCLE('',#3362,3.7);
#299=CIRCLE('',#3363,3.7);
#300=CIRCLE('',#3364,3.7);
#301=CIRCLE('',#3365,3.7);
#302=CIRCLE('',#3366,3.7);
#303=CIRCLE('',#3367,3.7);
#304=CIRCLE('',#3368,3.7);
#305=CIRCLE('',#3369,3.7);
#306=CIRCLE('',#3370,3.7);
#307=CIRCLE('',#3371,3.7);
#308=CIRCLE('',#3372,3.7);
#309=CIRCLE('',#3373,3.7);
#310=CIRCLE('',#3374,3.7);
#311=CIRCLE('',#3375,3.7);
#312=CIRCLE('',#3376,3.7);
#313=CIRCLE('',#3377,3.7);
#314=CIRCLE('',#3378,3.7);
#315=CIRCLE('',#3379,3.7);
#316=CIRCLE('',#3380,3.7);
#317=CIRCLE('',#3381,3.7);
#318=CIRCLE('',#3382,3.7);
#319=CIRCLE('',#3383,3.7);
#320=CIRCLE('',#3384,3.7);
#321=CIRCLE('',#3385,3.7);
#322=CIRCLE('',#3386,3.7);
#323=CIRCLE('',#3387,3.7);
#324=CIRCLE('',#3388,3.7);
#325=CIRCLE('',#3389,3.7);
#326=CIRCLE('',#3390,3.7);
#327=CIRCLE('',#3391,3.7);
#328=CIRCLE('',#3392,3.7);
#329=CIRCLE('',#3393,3.7);
#330=CIRCLE('',#3394,3.7);
#331=CIRCLE('',#3395,3.7);
#332=CIRCLE('',#3396,3.7);
#333=CIRCLE('',#3397,3.7);
#334=CIRCLE('',#3398,3.7);
#335=CIRCLE('',#3399,3.7);
#336=CIRCLE('',#3400,3.7);
#337=CIRCLE('',#3401,3.7);
#338=CIRCLE('',#3402,3.7);
#339=CIRCLE('',#3403,3.7);
#340=CIRCLE('',#3404,3.7);
#341=CIRCLE('',#3405,3.7);
#342=CIRCLE('',#3406,3.7);
#343=CIRCLE('',#3407,3.7);
#344=CIRCLE('',#3408,3.7);
#345=CIRCLE('',#3409,3.7);
#346=CIRCLE('',#3410,3.7);
#347=CIRCLE('',#3411,3.7);
#348=CIRCLE('',#3412,3.7);
#349=CIRCLE('',#3413,3.7);
#350=CIRCLE('',#3414,3.7);
#351=CIRCLE('',#3415,3.7);
#352=CIRCLE('',#3416,3.7);
#353=CIRCLE('',#3417,3.7);
#354=CIRCLE('',#3418,3.7);
#355=CIRCLE('',#3419,3.7);
#356=CIRCLE('',#3420,3.7);
#357=CIRCLE('',#3421,3.7);
#358=CIRCLE('',#3422,3.7);
#359=CIRCLE('',#3423,3.7);
#360=CIRCLE('',#3424,3.7);
#361=CIRCLE('',#3425,3.7);
#362=CIRCLE('',#3426,3.7);
#363=CIRCLE('',#3427,3.7);
#364=CIRCLE('',#3428,3.7);
#365=CIRCLE('',#3429,3.7);
#366=CIRCLE('',#3430,3.7);
#367=CIRCLE('',#3431,3.7);
#368=CIRCLE('',#3432,3.7);
#369=CIRCLE('',#3433,3.7);
#370=CIRCLE('',#3434,3.7);
#371=CIRCLE('',#3435,3.7);
#372=CIRCLE('',#3436,3.7);
#373=CIRCLE('',#3437,3.7);
#374=CIRCLE('',#3438,3.7);
#375=CIRCLE('',#3439,3.7);
#376=CIRCLE('',#3440,3.7);
#377=CIRCLE('',#3441,3.7);
#378=CIRCLE('',#3442,3.7);
#379=CIRCLE('',#3443,3.7);
#380=CIRCLE('',#3444,3.7);
#381=CIRCLE('',#3445,3.7);
#382=CIRCLE('',#3446,3.7);
#383=CIRCLE('',#3447,3.7);
#384=CIRCLE('',#3448,3.7);
#385=CIRCLE('',#3449,3.7);
#386=CIRCLE('',#3450,3.7);
#387=CIRCLE('',#3451,3.7);
#388=CIRCLE('',#3452,3.7);
#389=CIRCLE('',#3453,3.7);
#390=CIRCLE('',#3454,3.7);
#391=CIRCLE('',#3455,3.7);
#392=CIRCLE('',#3456,3.7);
#393=CIRCLE('',#3457,3.7);
#394=CIRCLE('',#3458,3.7);
#395=CIRCLE('',#3459,3.7);
#396=CIRCLE('',#3462,1.6);
#397=CIRCLE('',#3463,1.6);
#398=CIRCLE('',#3465,1.6);
#399=CIRCLE('',#3466,1.6);
#400=CIRCLE('',#3468,3.25);
#401=CIRCLE('',#3469,3.25);
#402=CIRCLE('',#3472,3.25);
#403=CIRCLE('',#3473,3.25);
#404=CIRCLE('',#3480,3.7);
#405=CIRCLE('',#3483,3.7);
#406=CIRCLE('',#3486,3.7);
#407=CIRCLE('',#3489,3.7);
#408=CIRCLE('',#3492,3.7);
#409=CIRCLE('',#3495,3.7);
#410=CIRCLE('',#3498,3.7);
#411=CIRCLE('',#3501,3.7);
#412=CIRCLE('',#3504,3.7);
#413=CIRCLE('',#3507,3.7);
#414=CIRCLE('',#3510,3.7);
#415=CIRCLE('',#3513,3.7);
#416=CIRCLE('',#3516,3.7);
#417=CIRCLE('',#3519,3.7);
#418=CIRCLE('',#3522,3.7);
#419=CIRCLE('',#3525,3.7);
#420=CIRCLE('',#3528,3.7);
#421=CIRCLE('',#3531,3.7);
#422=CIRCLE('',#3534,3.7);
#423=CIRCLE('',#3537,3.7);
#424=CIRCLE('',#3540,3.7);
#425=CIRCLE('',#3543,3.7);
#426=CIRCLE('',#3546,3.7);
#427=CIRCLE('',#3549,3.7);
#428=CIRCLE('',#3552,3.7);
#429=CIRCLE('',#3555,3.7);
#430=CIRCLE('',#3558,3.7);
#431=CIRCLE('',#3561,3.7);
#432=CIRCLE('',#3564,3.7);
#433=CIRCLE('',#3567,3.7);
#434=CIRCLE('',#3570,3.7);
#435=CIRCLE('',#3573,3.7);
#436=CIRCLE('',#3576,3.7);
#437=CIRCLE('',#3579,3.7);
#438=CIRCLE('',#3582,3.7);
#439=CIRCLE('',#3585,3.7);
#440=CIRCLE('',#3588,3.7);
#441=CIRCLE('',#3591,3.7);
#442=CIRCLE('',#3594,3.7);
#443=CIRCLE('',#3597,3.7);
#444=CIRCLE('',#3600,3.7);
#445=CIRCLE('',#3603,3.7);
#446=CIRCLE('',#3606,3.7);
#447=CIRCLE('',#3609,3.7);
#448=CIRCLE('',#3612,3.7);
#449=CIRCLE('',#3615,3.7);
#450=CIRCLE('',#3618,3.7);
#451=CIRCLE('',#3621,3.7);
#452=CIRCLE('',#3624,3.7);
#453=CIRCLE('',#3627,3.7);
#454=CIRCLE('',#3630,3.7);
#455=CIRCLE('',#3633,3.7);
#456=CIRCLE('',#3636,3.7);
#457=CIRCLE('',#3639,3.7);
#458=CIRCLE('',#3642,3.7);
#459=CIRCLE('',#3645,3.7);
#460=CIRCLE('',#3648,3.7);
#461=CIRCLE('',#3651,3.7);
#462=CIRCLE('',#3654,3.7);
#463=CIRCLE('',#3657,3.7);
#464=CIRCLE('',#3660,3.7);
#465=CIRCLE('',#3663,3.7);
#466=CIRCLE('',#3666,3.7);
#467=CIRCLE('',#3669,3.7);
#468=CIRCLE('',#3672,3.7);
#469=CIRCLE('',#3675,3.7);
#470=CIRCLE('',#3678,3.7);
#471=CIRCLE('',#3681,3.7);
#472=CIRCLE('',#3684,3.7);
#473=CIRCLE('',#3687,3.7);
#474=CIRCLE('',#3690,3.7);
#475=CIRCLE('',#3693,3.7);
#476=CIRCLE('',#3696,3.7);
#477=CIRCLE('',#3699,3.7);
#478=CIRCLE('',#3702,3.7);
#479=CIRCLE('',#3705,3.7);
#480=CIRCLE('',#3708,3.7);
#481=CIRCLE('',#3711,3.7);
#482=CIRCLE('',#3714,3.7);
#483=CIRCLE('',#3717,3.7);
#484=CIRCLE('',#3720,3.7);
#485=CIRCLE('',#3723,3.7);
#486=CIRCLE('',#3726,3.7);
#487=CIRCLE('',#3729,3.7);
#488=CIRCLE('',#3732,3.7);
#489=CIRCLE('',#3735,3.7);
#490=CIRCLE('',#3738,3.7);
#491=CIRCLE('',#3741,3.7);
#492=CIRCLE('',#3744,3.7);
#493=CIRCLE('',#3747,3.7);
#494=CIRCLE('',#3750,3.7);
#495=CIRCLE('',#3753,3.7);
#496=CIRCLE('',#3756,3.7);
#497=CIRCLE('',#3759,3.7);
#498=CIRCLE('',#3762,3.7);
#499=CIRCLE('',#3765,3.7);
#500=CIRCLE('',#3768,3.7);
#501=CIRCLE('',#3771,3.7);
#502=CIRCLE('',#3774,3.7);
#503=CIRCLE('',#3777,3.7);
#504=CIRCLE('',#3780,3.7);
#505=CIRCLE('',#3783,3.7);
#506=CIRCLE('',#3787,3.7);
#507=CIRCLE('',#3790,3.7);
#508=CIRCLE('',#3793,3.7);
#509=CIRCLE('',#3796,3.7);
#510=CIRCLE('',#3799,3.7);
#511=CIRCLE('',#3802,5.);
#512=CIRCLE('',#3805,5.);
#513=CIRCLE('',#3808,5.);
#514=CIRCLE('',#3810,5.);
#515=CIRCLE('',#3813,3.7);
#516=CIRCLE('',#3814,3.7);
#517=CIRCLE('',#3815,3.7);
#518=CIRCLE('',#3816,3.7);
#519=FACE_OUTER_BOUND('',#768,.T.);
#520=FACE_OUTER_BOUND('',#769,.T.);
#521=FACE_OUTER_BOUND('',#770,.T.);
#522=FACE_OUTER_BOUND('',#771,.T.);
#523=FACE_OUTER_BOUND('',#772,.T.);
#524=FACE_OUTER_BOUND('',#774,.T.);
#525=FACE_OUTER_BOUND('',#775,.T.);
#526=FACE_OUTER_BOUND('',#776,.T.);
#527=FACE_OUTER_BOUND('',#777,.T.);
#528=FACE_OUTER_BOUND('',#778,.T.);
#529=FACE_OUTER_BOUND('',#779,.T.);
#530=FACE_OUTER_BOUND('',#780,.T.);
#531=FACE_OUTER_BOUND('',#781,.T.);
#532=FACE_OUTER_BOUND('',#782,.T.);
#533=FACE_OUTER_BOUND('',#783,.T.);
#534=FACE_OUTER_BOUND('',#892,.T.);
#535=FACE_OUTER_BOUND('',#893,.T.);
#536=FACE_OUTER_BOUND('',#894,.T.);
#537=FACE_OUTER_BOUND('',#895,.T.);
#538=FACE_OUTER_BOUND('',#896,.T.);
#539=FACE_OUTER_BOUND('',#898,.T.);
#540=FACE_OUTER_BOUND('',#899,.T.);
#541=FACE_OUTER_BOUND('',#901,.T.);
#542=FACE_OUTER_BOUND('',#902,.T.);
#543=FACE_OUTER_BOUND('',#903,.T.);
#544=FACE_OUTER_BOUND('',#906,.T.);
#545=FACE_OUTER_BOUND('',#907,.T.);
#546=FACE_OUTER_BOUND('',#908,.T.);
#547=FACE_OUTER_BOUND('',#909,.T.);
#548=FACE_OUTER_BOUND('',#910,.T.);
#549=FACE_OUTER_BOUND('',#911,.T.);
#550=FACE_OUTER_BOUND('',#912,.T.);
#551=FACE_OUTER_BOUND('',#913,.T.);
#552=FACE_OUTER_BOUND('',#914,.T.);
#553=FACE_OUTER_BOUND('',#915,.T.);
#554=FACE_OUTER_BOUND('',#916,.T.);
#555=FACE_OUTER_BOUND('',#917,.T.);
#556=FACE_OUTER_BOUND('',#918,.T.);
#557=FACE_OUTER_BOUND('',#919,.T.);
#558=FACE_OUTER_BOUND('',#920,.T.);
#559=FACE_OUTER_BOUND('',#921,.T.);
#560=FACE_OUTER_BOUND('',#922,.T.);
#561=FACE_OUTER_BOUND('',#923,.T.);
#562=FACE_OUTER_BOUND('',#924,.T.);
#563=FACE_OUTER_BOUND('',#925,.T.);
#564=FACE_OUTER_BOUND('',#926,.T.);
#565=FACE_OUTER_BOUND('',#927,.T.);
#566=FACE_OUTER_BOUND('',#928,.T.);
#567=FACE_OUTER_BOUND('',#929,.T.);
#568=FACE_OUTER_BOUND('',#930,.T.);
#569=FACE_OUTER_BOUND('',#931,.T.);
#570=FACE_OUTER_BOUND('',#932,.T.);
#571=FACE_OUTER_BOUND('',#933,.T.);
#572=FACE_OUTER_BOUND('',#934,.T.);
#573=FACE_OUTER_BOUND('',#935,.T.);
#574=FACE_OUTER_BOUND('',#936,.T.);
#575=FACE_OUTER_BOUND('',#937,.T.);
#576=FACE_OUTER_BOUND('',#938,.T.);
#577=FACE_OUTER_BOUND('',#939,.T.);
#578=FACE_OUTER_BOUND('',#940,.T.);
#579=FACE_OUTER_BOUND('',#941,.T.);
#580=FACE_OUTER_BOUND('',#942,.T.);
#581=FACE_OUTER_BOUND('',#943,.T.);
#582=FACE_OUTER_BOUND('',#944,.T.);
#583=FACE_OUTER_BOUND('',#945,.T.);
#584=FACE_OUTER_BOUND('',#946,.T.);
#585=FACE_OUTER_BOUND('',#947,.T.);
#586=FACE_OUTER_BOUND('',#948,.T.);
#587=FACE_OUTER_BOUND('',#949,.T.);
#588=FACE_OUTER_BOUND('',#950,.T.);
#589=FACE_OUTER_BOUND('',#951,.T.);
#590=FACE_OUTER_BOUND('',#952,.T.);
#591=FACE_OUTER_BOUND('',#953,.T.);
#592=FACE_OUTER_BOUND('',#954,.T.);
#593=FACE_OUTER_BOUND('',#955,.T.);
#594=FACE_OUTER_BOUND('',#956,.T.);
#595=FACE_OUTER_BOUND('',#957,.T.);
#596=FACE_OUTER_BOUND('',#958,.T.);
#597=FACE_OUTER_BOUND('',#959,.T.);
#598=FACE_OUTER_BOUND('',#960,.T.);
#599=FACE_OUTER_BOUND('',#961,.T.);
#600=FACE_OUTER_BOUND('',#962,.T.);
#601=FACE_OUTER_BOUND('',#963,.T.);
#602=FACE_OUTER_BOUND('',#964,.T.);
#603=FACE_OUTER_BOUND('',#965,.T.);
#604=FACE_OUTER_BOUND('',#966,.T.);
#605=FACE_OUTER_BOUND('',#967,.T.);
#606=FACE_OUTER_BOUND('',#968,.T.);
#607=FACE_OUTER_BOUND('',#969,.T.);
#608=FACE_OUTER_BOUND('',#970,.T.);
#609=FACE_OUTER_BOUND('',#971,.T.);
#610=FACE_OUTER_BOUND('',#972,.T.);
#611=FACE_OUTER_BOUND('',#973,.T.);
#612=FACE_OUTER_BOUND('',#974,.T.);
#613=FACE_OUTER_BOUND('',#975,.T.);
#614=FACE_OUTER_BOUND('',#976,.T.);
#615=FACE_OUTER_BOUND('',#977,.T.);
#616=FACE_OUTER_BOUND('',#978,.T.);
#617=FACE_OUTER_BOUND('',#979,.T.);
#618=FACE_OUTER_BOUND('',#980,.T.);
#619=FACE_OUTER_BOUND('',#981,.T.);
#620=FACE_OUTER_BOUND('',#982,.T.);
#621=FACE_OUTER_BOUND('',#983,.T.);
#622=FACE_OUTER_BOUND('',#984,.T.);
#623=FACE_OUTER_BOUND('',#985,.T.);
#624=FACE_OUTER_BOUND('',#986,.T.);
#625=FACE_OUTER_BOUND('',#987,.T.);
#626=FACE_OUTER_BOUND('',#988,.T.);
#627=FACE_OUTER_BOUND('',#989,.T.);
#628=FACE_OUTER_BOUND('',#990,.T.);
#629=FACE_OUTER_BOUND('',#991,.T.);
#630=FACE_OUTER_BOUND('',#992,.T.);
#631=FACE_OUTER_BOUND('',#993,.T.);
#632=FACE_OUTER_BOUND('',#994,.T.);
#633=FACE_OUTER_BOUND('',#995,.T.);
#634=FACE_OUTER_BOUND('',#996,.T.);
#635=FACE_OUTER_BOUND('',#997,.T.);
#636=FACE_OUTER_BOUND('',#998,.T.);
#637=FACE_OUTER_BOUND('',#999,.T.);
#638=FACE_OUTER_BOUND('',#1000,.T.);
#639=FACE_OUTER_BOUND('',#1001,.T.);
#640=FACE_OUTER_BOUND('',#1002,.T.);
#641=FACE_OUTER_BOUND('',#1003,.T.);
#642=FACE_OUTER_BOUND('',#1004,.T.);
#643=FACE_OUTER_BOUND('',#1005,.T.);
#644=FACE_OUTER_BOUND('',#1006,.T.);
#645=FACE_OUTER_BOUND('',#1007,.T.);
#646=FACE_OUTER_BOUND('',#1008,.T.);
#647=FACE_OUTER_BOUND('',#1009,.T.);
#648=FACE_OUTER_BOUND('',#1010,.T.);
#649=FACE_OUTER_BOUND('',#1011,.T.);
#650=FACE_OUTER_BOUND('',#1012,.T.);
#651=FACE_OUTER_BOUND('',#1013,.T.);
#652=FACE_OUTER_BOUND('',#1014,.T.);
#653=FACE_OUTER_BOUND('',#1015,.T.);
#654=FACE_OUTER_BOUND('',#1016,.T.);
#655=FACE_OUTER_BOUND('',#1017,.T.);
#656=FACE_OUTER_BOUND('',#1018,.T.);
#657=FACE_OUTER_BOUND('',#1019,.T.);
#658=FACE_OUTER_BOUND('',#1020,.T.);
#659=FACE_OUTER_BOUND('',#1021,.T.);
#660=FACE_OUTER_BOUND('',#1022,.T.);
#661=FACE_OUTER_BOUND('',#1023,.T.);
#662=FACE_OUTER_BOUND('',#1024,.T.);
#663=FACE_OUTER_BOUND('',#1025,.T.);
#664=FACE_OUTER_BOUND('',#1026,.T.);
#665=FACE_OUTER_BOUND('',#1027,.T.);
#666=FACE_OUTER_BOUND('',#1028,.T.);
#667=FACE_OUTER_BOUND('',#1029,.T.);
#668=FACE_OUTER_BOUND('',#1030,.T.);
#669=FACE_OUTER_BOUND('',#1031,.T.);
#670=FACE_OUTER_BOUND('',#1032,.T.);
#671=FACE_OUTER_BOUND('',#1033,.T.);
#672=FACE_OUTER_BOUND('',#1034,.T.);
#673=FACE_OUTER_BOUND('',#1035,.T.);
#674=FACE_OUTER_BOUND('',#1036,.T.);
#675=FACE_OUTER_BOUND('',#1037,.T.);
#676=FACE_OUTER_BOUND('',#1038,.T.);
#677=FACE_OUTER_BOUND('',#1039,.T.);
#678=FACE_OUTER_BOUND('',#1040,.T.);
#679=FACE_OUTER_BOUND('',#1041,.T.);
#680=FACE_OUTER_BOUND('',#1042,.T.);
#681=FACE_OUTER_BOUND('',#1043,.T.);
#682=FACE_OUTER_BOUND('',#1044,.T.);
#683=FACE_OUTER_BOUND('',#1045,.T.);
#684=FACE_OUTER_BOUND('',#1046,.T.);
#685=FACE_OUTER_BOUND('',#1047,.T.);
#686=FACE_OUTER_BOUND('',#1048,.T.);
#687=FACE_OUTER_BOUND('',#1049,.T.);
#688=FACE_OUTER_BOUND('',#1050,.T.);
#689=FACE_OUTER_BOUND('',#1051,.T.);
#690=FACE_OUTER_BOUND('',#1052,.T.);
#691=FACE_OUTER_BOUND('',#1053,.T.);
#692=FACE_OUTER_BOUND('',#1054,.T.);
#693=FACE_OUTER_BOUND('',#1055,.T.);
#694=FACE_OUTER_BOUND('',#1056,.T.);
#695=FACE_OUTER_BOUND('',#1057,.T.);
#696=FACE_OUTER_BOUND('',#1058,.T.);
#697=FACE_OUTER_BOUND('',#1059,.T.);
#698=FACE_OUTER_BOUND('',#1060,.T.);
#699=FACE_OUTER_BOUND('',#1061,.T.);
#700=FACE_OUTER_BOUND('',#1062,.T.);
#701=FACE_OUTER_BOUND('',#1063,.T.);
#702=FACE_OUTER_BOUND('',#1064,.T.);
#703=FACE_OUTER_BOUND('',#1065,.T.);
#704=FACE_OUTER_BOUND('',#1066,.T.);
#705=FACE_OUTER_BOUND('',#1067,.T.);
#706=FACE_OUTER_BOUND('',#1068,.T.);
#707=FACE_OUTER_BOUND('',#1069,.T.);
#708=FACE_OUTER_BOUND('',#1070,.T.);
#709=FACE_OUTER_BOUND('',#1071,.T.);
#710=FACE_OUTER_BOUND('',#1072,.T.);
#711=FACE_OUTER_BOUND('',#1073,.T.);
#712=FACE_OUTER_BOUND('',#1074,.T.);
#713=FACE_OUTER_BOUND('',#1075,.T.);
#714=FACE_OUTER_BOUND('',#1076,.T.);
#715=FACE_OUTER_BOUND('',#1077,.T.);
#716=FACE_OUTER_BOUND('',#1078,.T.);
#717=FACE_OUTER_BOUND('',#1079,.T.);
#718=FACE_OUTER_BOUND('',#1080,.T.);
#719=FACE_OUTER_BOUND('',#1081,.T.);
#720=FACE_OUTER_BOUND('',#1082,.T.);
#721=FACE_OUTER_BOUND('',#1083,.T.);
#722=FACE_OUTER_BOUND('',#1084,.T.);
#723=FACE_OUTER_BOUND('',#1085,.T.);
#724=FACE_OUTER_BOUND('',#1086,.T.);
#725=FACE_OUTER_BOUND('',#1087,.T.);
#726=FACE_OUTER_BOUND('',#1088,.T.);
#727=FACE_OUTER_BOUND('',#1089,.T.);
#728=FACE_OUTER_BOUND('',#1090,.T.);
#729=FACE_OUTER_BOUND('',#1091,.T.);
#730=FACE_OUTER_BOUND('',#1092,.T.);
#731=FACE_OUTER_BOUND('',#1093,.T.);
#732=FACE_OUTER_BOUND('',#1094,.T.);
#733=FACE_OUTER_BOUND('',#1095,.T.);
#734=FACE_OUTER_BOUND('',#1096,.T.);
#735=FACE_OUTER_BOUND('',#1097,.T.);
#736=FACE_OUTER_BOUND('',#1098,.T.);
#737=FACE_OUTER_BOUND('',#1099,.T.);
#738=FACE_OUTER_BOUND('',#1100,.T.);
#739=FACE_OUTER_BOUND('',#1101,.T.);
#740=FACE_OUTER_BOUND('',#1102,.T.);
#741=FACE_OUTER_BOUND('',#1103,.T.);
#742=FACE_OUTER_BOUND('',#1104,.T.);
#743=FACE_OUTER_BOUND('',#1105,.T.);
#744=FACE_OUTER_BOUND('',#1106,.T.);
#745=FACE_OUTER_BOUND('',#1107,.T.);
#746=FACE_OUTER_BOUND('',#1108,.T.);
#747=FACE_OUTER_BOUND('',#1109,.T.);
#748=FACE_OUTER_BOUND('',#1110,.T.);
#749=FACE_OUTER_BOUND('',#1111,.T.);
#750=FACE_OUTER_BOUND('',#1112,.T.);
#751=FACE_OUTER_BOUND('',#1113,.T.);
#752=FACE_OUTER_BOUND('',#1114,.T.);
#753=FACE_OUTER_BOUND('',#1115,.T.);
#754=FACE_OUTER_BOUND('',#1116,.T.);
#755=FACE_OUTER_BOUND('',#1117,.T.);
#756=FACE_OUTER_BOUND('',#1118,.T.);
#757=FACE_OUTER_BOUND('',#1119,.T.);
#758=FACE_OUTER_BOUND('',#1120,.T.);
#759=FACE_OUTER_BOUND('',#1121,.T.);
#760=FACE_OUTER_BOUND('',#1122,.T.);
#761=FACE_OUTER_BOUND('',#1123,.T.);
#762=FACE_OUTER_BOUND('',#1124,.T.);
#763=FACE_OUTER_BOUND('',#1125,.T.);
#764=FACE_OUTER_BOUND('',#1126,.T.);
#765=FACE_OUTER_BOUND('',#1127,.T.);
#766=FACE_OUTER_BOUND('',#1128,.T.);
#767=FACE_OUTER_BOUND('',#1129,.T.);
#768=EDGE_LOOP('',(#2116,#2117,#2118,#2119));
#769=EDGE_LOOP('',(#2120,#2121,#2122,#2123));
#770=EDGE_LOOP('',(#2124,#2125,#2126,#2127));
#771=EDGE_LOOP('',(#2128,#2129,#2130,#2131));
#772=EDGE_LOOP('',(#2132,#2133,#2134,#2135));
#773=EDGE_LOOP('',(#2136));
#774=EDGE_LOOP('',(#2137,#2138,#2139,#2140));
#775=EDGE_LOOP('',(#2141,#2142,#2143,#2144));
#776=EDGE_LOOP('',(#2145,#2146,#2147,#2148));
#777=EDGE_LOOP('',(#2149,#2150,#2151,#2152));
#778=EDGE_LOOP('',(#2153,#2154,#2155,#2156));
#779=EDGE_LOOP('',(#2157,#2158,#2159,#2160));
#780=EDGE_LOOP('',(#2161,#2162,#2163,#2164));
#781=EDGE_LOOP('',(#2165,#2166,#2167,#2168));
#782=EDGE_LOOP('',(#2169,#2170,#2171,#2172));
#783=EDGE_LOOP('',(#2173,#2174,#2175,#2176,#2177,#2178,#2179,#2180,#2181,
#2182,#2183,#2184));
#784=EDGE_LOOP('',(#2185));
#785=EDGE_LOOP('',(#2186));
#786=EDGE_LOOP('',(#2187));
#787=EDGE_LOOP('',(#2188));
#788=EDGE_LOOP('',(#2189));
#789=EDGE_LOOP('',(#2190));
#790=EDGE_LOOP('',(#2191));
#791=EDGE_LOOP('',(#2192));
#792=EDGE_LOOP('',(#2193));
#793=EDGE_LOOP('',(#2194));
#794=EDGE_LOOP('',(#2195));
#795=EDGE_LOOP('',(#2196));
#796=EDGE_LOOP('',(#2197));
#797=EDGE_LOOP('',(#2198));
#798=EDGE_LOOP('',(#2199));
#799=EDGE_LOOP('',(#2200));
#800=EDGE_LOOP('',(#2201));
#801=EDGE_LOOP('',(#2202));
#802=EDGE_LOOP('',(#2203));
#803=EDGE_LOOP('',(#2204));
#804=EDGE_LOOP('',(#2205));
#805=EDGE_LOOP('',(#2206));
#806=EDGE_LOOP('',(#2207));
#807=EDGE_LOOP('',(#2208));
#808=EDGE_LOOP('',(#2209));
#809=EDGE_LOOP('',(#2210));
#810=EDGE_LOOP('',(#2211));
#811=EDGE_LOOP('',(#2212));
#812=EDGE_LOOP('',(#2213));
#813=EDGE_LOOP('',(#2214));
#814=EDGE_LOOP('',(#2215));
#815=EDGE_LOOP('',(#2216));
#816=EDGE_LOOP('',(#2217));
#817=EDGE_LOOP('',(#2218));
#818=EDGE_LOOP('',(#2219));
#819=EDGE_LOOP('',(#2220));
#820=EDGE_LOOP('',(#2221));
#821=EDGE_LOOP('',(#2222));
#822=EDGE_LOOP('',(#2223));
#823=EDGE_LOOP('',(#2224));
#824=EDGE_LOOP('',(#2225));
#825=EDGE_LOOP('',(#2226));
#826=EDGE_LOOP('',(#2227));
#827=EDGE_LOOP('',(#2228));
#828=EDGE_LOOP('',(#2229));
#829=EDGE_LOOP('',(#2230));
#830=EDGE_LOOP('',(#2231));
#831=EDGE_LOOP('',(#2232));
#832=EDGE_LOOP('',(#2233));
#833=EDGE_LOOP('',(#2234));
#834=EDGE_LOOP('',(#2235));
#835=EDGE_LOOP('',(#2236));
#836=EDGE_LOOP('',(#2237));
#837=EDGE_LOOP('',(#2238));
#838=EDGE_LOOP('',(#2239));
#839=EDGE_LOOP('',(#2240));
#840=EDGE_LOOP('',(#2241));
#841=EDGE_LOOP('',(#2242));
#842=EDGE_LOOP('',(#2243));
#843=EDGE_LOOP('',(#2244));
#844=EDGE_LOOP('',(#2245));
#845=EDGE_LOOP('',(#2246));
#846=EDGE_LOOP('',(#2247));
#847=EDGE_LOOP('',(#2248));
#848=EDGE_LOOP('',(#2249));
#849=EDGE_LOOP('',(#2250));
#850=EDGE_LOOP('',(#2251));
#851=EDGE_LOOP('',(#2252));
#852=EDGE_LOOP('',(#2253));
#853=EDGE_LOOP('',(#2254));
#854=EDGE_LOOP('',(#2255));
#855=EDGE_LOOP('',(#2256));
#856=EDGE_LOOP('',(#2257));
#857=EDGE_LOOP('',(#2258));
#858=EDGE_LOOP('',(#2259));
#859=EDGE_LOOP('',(#2260));
#860=EDGE_LOOP('',(#2261));
#861=EDGE_LOOP('',(#2262));
#862=EDGE_LOOP('',(#2263));
#863=EDGE_LOOP('',(#2264));
#864=EDGE_LOOP('',(#2265));
#865=EDGE_LOOP('',(#2266));
#866=EDGE_LOOP('',(#2267));
#867=EDGE_LOOP('',(#2268));
#868=EDGE_LOOP('',(#2269));
#869=EDGE_LOOP('',(#2270));
#870=EDGE_LOOP('',(#2271));
#871=EDGE_LOOP('',(#2272));
#872=EDGE_LOOP('',(#2273));
#873=EDGE_LOOP('',(#2274));
#874=EDGE_LOOP('',(#2275));
#875=EDGE_LOOP('',(#2276));
#876=EDGE_LOOP('',(#2277));
#877=EDGE_LOOP('',(#2278));
#878=EDGE_LOOP('',(#2279));
#879=EDGE_LOOP('',(#2280));
#880=EDGE_LOOP('',(#2281));
#881=EDGE_LOOP('',(#2282));
#882=EDGE_LOOP('',(#2283));
#883=EDGE_LOOP('',(#2284));
#884=EDGE_LOOP('',(#2285));
#885=EDGE_LOOP('',(#2286));
#886=EDGE_LOOP('',(#2287));
#887=EDGE_LOOP('',(#2288));
#888=EDGE_LOOP('',(#2289));
#889=EDGE_LOOP('',(#2290));
#890=EDGE_LOOP('',(#2291));
#891=EDGE_LOOP('',(#2292));
#892=EDGE_LOOP('',(#2293,#2294,#2295,#2296,#2297));
#893=EDGE_LOOP('',(#2298,#2299,#2300,#2301));
#894=EDGE_LOOP('',(#2302,#2303,#2304,#2305));
#895=EDGE_LOOP('',(#2306,#2307,#2308,#2309));
#896=EDGE_LOOP('',(#2310));
#897=EDGE_LOOP('',(#2311));
#898=EDGE_LOOP('',(#2312,#2313,#2314,#2315));
#899=EDGE_LOOP('',(#2316));
#900=EDGE_LOOP('',(#2317));
#901=EDGE_LOOP('',(#2318,#2319,#2320,#2321,#2322));
#902=EDGE_LOOP('',(#2323,#2324,#2325,#2326));
#903=EDGE_LOOP('',(#2327,#2328,#2329,#2330));
#904=EDGE_LOOP('',(#2331));
#905=EDGE_LOOP('',(#2332));
#906=EDGE_LOOP('',(#2333,#2334,#2335,#2336,#2337,#2338,#2339,#2340));
#907=EDGE_LOOP('',(#2341,#2342,#2343,#2344));
#908=EDGE_LOOP('',(#2345));
#909=EDGE_LOOP('',(#2346,#2347,#2348,#2349));
#910=EDGE_LOOP('',(#2350));
#911=EDGE_LOOP('',(#2351,#2352,#2353,#2354));
#912=EDGE_LOOP('',(#2355));
#913=EDGE_LOOP('',(#2356,#2357,#2358,#2359));
#914=EDGE_LOOP('',(#2360));
#915=EDGE_LOOP('',(#2361,#2362,#2363,#2364));
#916=EDGE_LOOP('',(#2365));
#917=EDGE_LOOP('',(#2366,#2367,#2368,#2369));
#918=EDGE_LOOP('',(#2370));
#919=EDGE_LOOP('',(#2371,#2372,#2373,#2374));
#920=EDGE_LOOP('',(#2375));
#921=EDGE_LOOP('',(#2376,#2377,#2378,#2379));
#922=EDGE_LOOP('',(#2380));
#923=EDGE_LOOP('',(#2381,#2382,#2383,#2384));
#924=EDGE_LOOP('',(#2385));
#925=EDGE_LOOP('',(#2386,#2387,#2388,#2389));
#926=EDGE_LOOP('',(#2390));
#927=EDGE_LOOP('',(#2391,#2392,#2393,#2394));
#928=EDGE_LOOP('',(#2395));
#929=EDGE_LOOP('',(#2396,#2397,#2398,#2399));
#930=EDGE_LOOP('',(#2400));
#931=EDGE_LOOP('',(#2401,#2402,#2403,#2404));
#932=EDGE_LOOP('',(#2405));
#933=EDGE_LOOP('',(#2406,#2407,#2408,#2409));
#934=EDGE_LOOP('',(#2410));
#935=EDGE_LOOP('',(#2411,#2412,#2413,#2414));
#936=EDGE_LOOP('',(#2415));
#937=EDGE_LOOP('',(#2416,#2417,#2418,#2419));
#938=EDGE_LOOP('',(#2420));
#939=EDGE_LOOP('',(#2421,#2422,#2423,#2424));
#940=EDGE_LOOP('',(#2425));
#941=EDGE_LOOP('',(#2426,#2427,#2428,#2429));
#942=EDGE_LOOP('',(#2430));
#943=EDGE_LOOP('',(#2431,#2432,#2433,#2434));
#944=EDGE_LOOP('',(#2435));
#945=EDGE_LOOP('',(#2436,#2437,#2438,#2439));
#946=EDGE_LOOP('',(#2440));
#947=EDGE_LOOP('',(#2441,#2442,#2443,#2444));
#948=EDGE_LOOP('',(#2445));
#949=EDGE_LOOP('',(#2446,#2447,#2448,#2449));
#950=EDGE_LOOP('',(#2450));
#951=EDGE_LOOP('',(#2451,#2452,#2453,#2454));
#952=EDGE_LOOP('',(#2455));
#953=EDGE_LOOP('',(#2456,#2457,#2458,#2459));
#954=EDGE_LOOP('',(#2460));
#955=EDGE_LOOP('',(#2461,#2462,#2463,#2464));
#956=EDGE_LOOP('',(#2465));
#957=EDGE_LOOP('',(#2466,#2467,#2468,#2469));
#958=EDGE_LOOP('',(#2470));
#959=EDGE_LOOP('',(#2471,#2472,#2473,#2474));
#960=EDGE_LOOP('',(#2475));
#961=EDGE_LOOP('',(#2476,#2477,#2478,#2479));
#962=EDGE_LOOP('',(#2480));
#963=EDGE_LOOP('',(#2481,#2482,#2483,#2484));
#964=EDGE_LOOP('',(#2485));
#965=EDGE_LOOP('',(#2486,#2487,#2488,#2489));
#966=EDGE_LOOP('',(#2490));
#967=EDGE_LOOP('',(#2491,#2492,#2493,#2494));
#968=EDGE_LOOP('',(#2495));
#969=EDGE_LOOP('',(#2496,#2497,#2498,#2499));
#970=EDGE_LOOP('',(#2500));
#971=EDGE_LOOP('',(#2501,#2502,#2503,#2504));
#972=EDGE_LOOP('',(#2505));
#973=EDGE_LOOP('',(#2506,#2507,#2508,#2509));
#974=EDGE_LOOP('',(#2510));
#975=EDGE_LOOP('',(#2511,#2512,#2513,#2514));
#976=EDGE_LOOP('',(#2515));
#977=EDGE_LOOP('',(#2516,#2517,#2518,#2519));
#978=EDGE_LOOP('',(#2520));
#979=EDGE_LOOP('',(#2521,#2522,#2523,#2524));
#980=EDGE_LOOP('',(#2525));
#981=EDGE_LOOP('',(#2526,#2527,#2528,#2529));
#982=EDGE_LOOP('',(#2530));
#983=EDGE_LOOP('',(#2531,#2532,#2533,#2534));
#984=EDGE_LOOP('',(#2535));
#985=EDGE_LOOP('',(#2536,#2537,#2538,#2539));
#986=EDGE_LOOP('',(#2540));
#987=EDGE_LOOP('',(#2541,#2542,#2543,#2544));
#988=EDGE_LOOP('',(#2545));
#989=EDGE_LOOP('',(#2546,#2547,#2548,#2549));
#990=EDGE_LOOP('',(#2550));
#991=EDGE_LOOP('',(#2551,#2552,#2553,#2554));
#992=EDGE_LOOP('',(#2555));
#993=EDGE_LOOP('',(#2556,#2557,#2558,#2559));
#994=EDGE_LOOP('',(#2560));
#995=EDGE_LOOP('',(#2561,#2562,#2563,#2564));
#996=EDGE_LOOP('',(#2565));
#997=EDGE_LOOP('',(#2566,#2567,#2568,#2569));
#998=EDGE_LOOP('',(#2570));
#999=EDGE_LOOP('',(#2571,#2572,#2573,#2574));
#1000=EDGE_LOOP('',(#2575));
#1001=EDGE_LOOP('',(#2576,#2577,#2578,#2579));
#1002=EDGE_LOOP('',(#2580));
#1003=EDGE_LOOP('',(#2581,#2582,#2583,#2584));
#1004=EDGE_LOOP('',(#2585));
#1005=EDGE_LOOP('',(#2586,#2587,#2588,#2589));
#1006=EDGE_LOOP('',(#2590));
#1007=EDGE_LOOP('',(#2591,#2592,#2593,#2594));
#1008=EDGE_LOOP('',(#2595));
#1009=EDGE_LOOP('',(#2596,#2597,#2598,#2599));
#1010=EDGE_LOOP('',(#2600));
#1011=EDGE_LOOP('',(#2601,#2602,#2603,#2604));
#1012=EDGE_LOOP('',(#2605));
#1013=EDGE_LOOP('',(#2606,#2607,#2608,#2609));
#1014=EDGE_LOOP('',(#2610));
#1015=EDGE_LOOP('',(#2611,#2612,#2613,#2614));
#1016=EDGE_LOOP('',(#2615));
#1017=EDGE_LOOP('',(#2616,#2617,#2618,#2619));
#1018=EDGE_LOOP('',(#2620));
#1019=EDGE_LOOP('',(#2621,#2622,#2623,#2624));
#1020=EDGE_LOOP('',(#2625));
#1021=EDGE_LOOP('',(#2626,#2627,#2628,#2629));
#1022=EDGE_LOOP('',(#2630));
#1023=EDGE_LOOP('',(#2631,#2632,#2633,#2634));
#1024=EDGE_LOOP('',(#2635));
#1025=EDGE_LOOP('',(#2636,#2637,#2638,#2639));
#1026=EDGE_LOOP('',(#2640));
#1027=EDGE_LOOP('',(#2641,#2642,#2643,#2644));
#1028=EDGE_LOOP('',(#2645));
#1029=EDGE_LOOP('',(#2646,#2647,#2648,#2649));
#1030=EDGE_LOOP('',(#2650));
#1031=EDGE_LOOP('',(#2651,#2652,#2653,#2654));
#1032=EDGE_LOOP('',(#2655));
#1033=EDGE_LOOP('',(#2656,#2657,#2658,#2659));
#1034=EDGE_LOOP('',(#2660));
#1035=EDGE_LOOP('',(#2661,#2662,#2663,#2664));
#1036=EDGE_LOOP('',(#2665));
#1037=EDGE_LOOP('',(#2666,#2667,#2668,#2669));
#1038=EDGE_LOOP('',(#2670));
#1039=EDGE_LOOP('',(#2671,#2672,#2673,#2674));
#1040=EDGE_LOOP('',(#2675));
#1041=EDGE_LOOP('',(#2676,#2677,#2678,#2679));
#1042=EDGE_LOOP('',(#2680));
#1043=EDGE_LOOP('',(#2681,#2682,#2683,#2684));
#1044=EDGE_LOOP('',(#2685));
#1045=EDGE_LOOP('',(#2686,#2687,#2688,#2689));
#1046=EDGE_LOOP('',(#2690));
#1047=EDGE_LOOP('',(#2691,#2692,#2693,#2694));
#1048=EDGE_LOOP('',(#2695));
#1049=EDGE_LOOP('',(#2696,#2697,#2698,#2699));
#1050=EDGE_LOOP('',(#2700));
#1051=EDGE_LOOP('',(#2701,#2702,#2703,#2704));
#1052=EDGE_LOOP('',(#2705));
#1053=EDGE_LOOP('',(#2706,#2707,#2708,#2709));
#1054=EDGE_LOOP('',(#2710));
#1055=EDGE_LOOP('',(#2711,#2712,#2713,#2714));
#1056=EDGE_LOOP('',(#2715));
#1057=EDGE_LOOP('',(#2716,#2717,#2718,#2719));
#1058=EDGE_LOOP('',(#2720));
#1059=EDGE_LOOP('',(#2721,#2722,#2723,#2724));
#1060=EDGE_LOOP('',(#2725));
#1061=EDGE_LOOP('',(#2726,#2727,#2728,#2729));
#1062=EDGE_LOOP('',(#2730));
#1063=EDGE_LOOP('',(#2731,#2732,#2733,#2734));
#1064=EDGE_LOOP('',(#2735));
#1065=EDGE_LOOP('',(#2736,#2737,#2738,#2739));
#1066=EDGE_LOOP('',(#2740));
#1067=EDGE_LOOP('',(#2741,#2742,#2743,#2744));
#1068=EDGE_LOOP('',(#2745));
#1069=EDGE_LOOP('',(#2746,#2747,#2748,#2749));
#1070=EDGE_LOOP('',(#2750));
#1071=EDGE_LOOP('',(#2751,#2752,#2753,#2754));
#1072=EDGE_LOOP('',(#2755));
#1073=EDGE_LOOP('',(#2756,#2757,#2758,#2759));
#1074=EDGE_LOOP('',(#2760));
#1075=EDGE_LOOP('',(#2761,#2762,#2763,#2764));
#1076=EDGE_LOOP('',(#2765));
#1077=EDGE_LOOP('',(#2766,#2767,#2768,#2769));
#1078=EDGE_LOOP('',(#2770));
#1079=EDGE_LOOP('',(#2771,#2772,#2773,#2774));
#1080=EDGE_LOOP('',(#2775));
#1081=EDGE_LOOP('',(#2776,#2777,#2778,#2779));
#1082=EDGE_LOOP('',(#2780));
#1083=EDGE_LOOP('',(#2781,#2782,#2783,#2784));
#1084=EDGE_LOOP('',(#2785));
#1085=EDGE_LOOP('',(#2786,#2787,#2788,#2789));
#1086=EDGE_LOOP('',(#2790));
#1087=EDGE_LOOP('',(#2791,#2792,#2793,#2794));
#1088=EDGE_LOOP('',(#2795));
#1089=EDGE_LOOP('',(#2796,#2797,#2798,#2799));
#1090=EDGE_LOOP('',(#2800));
#1091=EDGE_LOOP('',(#2801,#2802,#2803,#2804));
#1092=EDGE_LOOP('',(#2805));
#1093=EDGE_LOOP('',(#2806,#2807,#2808,#2809));
#1094=EDGE_LOOP('',(#2810));
#1095=EDGE_LOOP('',(#2811,#2812,#2813,#2814));
#1096=EDGE_LOOP('',(#2815));
#1097=EDGE_LOOP('',(#2816,#2817,#2818,#2819));
#1098=EDGE_LOOP('',(#2820));
#1099=EDGE_LOOP('',(#2821,#2822,#2823,#2824));
#1100=EDGE_LOOP('',(#2825));
#1101=EDGE_LOOP('',(#2826,#2827,#2828,#2829));
#1102=EDGE_LOOP('',(#2830));
#1103=EDGE_LOOP('',(#2831,#2832,#2833,#2834));
#1104=EDGE_LOOP('',(#2835));
#1105=EDGE_LOOP('',(#2836,#2837,#2838,#2839));
#1106=EDGE_LOOP('',(#2840));
#1107=EDGE_LOOP('',(#2841,#2842,#2843,#2844));
#1108=EDGE_LOOP('',(#2845));
#1109=EDGE_LOOP('',(#2846,#2847,#2848,#2849));
#1110=EDGE_LOOP('',(#2850));
#1111=EDGE_LOOP('',(#2851,#2852,#2853,#2854));
#1112=EDGE_LOOP('',(#2855,#2856,#2857,#2858));
#1113=EDGE_LOOP('',(#2859));
#1114=EDGE_LOOP('',(#2860,#2861,#2862,#2863));
#1115=EDGE_LOOP('',(#2864));
#1116=EDGE_LOOP('',(#2865,#2866,#2867,#2868));
#1117=EDGE_LOOP('',(#2869));
#1118=EDGE_LOOP('',(#2870,#2871,#2872,#2873));
#1119=EDGE_LOOP('',(#2874));
#1120=EDGE_LOOP('',(#2875,#2876,#2877,#2878));
#1121=EDGE_LOOP('',(#2879));
#1122=EDGE_LOOP('',(#2880,#2881,#2882,#2883));
#1123=EDGE_LOOP('',(#2884,#2885,#2886,#2887));
#1124=EDGE_LOOP('',(#2888,#2889,#2890,#2891));
#1125=EDGE_LOOP('',(#2892,#2893,#2894,#2895));
#1126=EDGE_LOOP('',(#2896,#2897,#2898,#2899));
#1127=EDGE_LOOP('',(#2900,#2901,#2902,#2903));
#1128=EDGE_LOOP('',(#2904,#2905,#2906,#2907));
#1129=EDGE_LOOP('',(#2908,#2909,#2910,#2911,#2912,#2913,#2914,#2915));
#1130=EDGE_LOOP('',(#2916,#2917,#2918,#2919));
#1131=EDGE_LOOP('',(#2920));
#1132=EDGE_LOOP('',(#2921));
#1133=LINE('',#4978,#1290);
#1134=LINE('',#4980,#1291);
#1135=LINE('',#4982,#1292);
#1136=LINE('',#4983,#1293);
#1137=LINE('',#4986,#1294);
#1138=LINE('',#4988,#1295);
#1139=LINE('',#4989,#1296);
#1140=LINE('',#4992,#1297);
#1141=LINE('',#4994,#1298);
#1142=LINE('',#4995,#1299);
#1143=LINE('',#4997,#1300);
#1144=LINE('',#4998,#1301);
#1145=LINE('',#5007,#1302);
#1146=LINE('',#5010,#1303);
#1147=LINE('',#5021,#1304);
#1148=LINE('',#5022,#1305);
#1149=LINE('',#5033,#1306);
#1150=LINE('',#5034,#1307);
#1151=LINE('',#5045,#1308);
#1152=LINE('',#5046,#1309);
#1153=LINE('',#5057,#1310);
#1154=LINE('',#5058,#1311);
#1155=LINE('',#5061,#1312);
#1156=LINE('',#5063,#1313);
#1157=LINE('',#5064,#1314);
#1158=LINE('',#5283,#1315);
#1159=LINE('',#5285,#1316);
#1160=LINE('',#5286,#1317);
#1161=LINE('',#5291,#1318);
#1162=LINE('',#5297,#1319);
#1163=LINE('',#5303,#1320);
#1164=LINE('',#5310,#1321);
#1165=LINE('',#5315,#1322);
#1166=LINE('',#5317,#1323);
#1167=LINE('',#5318,#1324);
#1168=LINE('',#5320,#1325);
#1169=LINE('',#5322,#1326);
#1170=LINE('',#5325,#1327);
#1171=LINE('',#5327,#1328);
#1172=LINE('',#5328,#1329);
#1173=LINE('',#5331,#1330);
#1174=LINE('',#5336,#1331);
#1175=LINE('',#5341,#1332);
#1176=LINE('',#5346,#1333);
#1177=LINE('',#5351,#1334);
#1178=LINE('',#5356,#1335);
#1179=LINE('',#5361,#1336);
#1180=LINE('',#5366,#1337);
#1181=LINE('',#5371,#1338);
#1182=LINE('',#5376,#1339);
#1183=LINE('',#5381,#1340);
#1184=LINE('',#5386,#1341);
#1185=LINE('',#5391,#1342);
#1186=LINE('',#5396,#1343);
#1187=LINE('',#5401,#1344);
#1188=LINE('',#5406,#1345);
#1189=LINE('',#5411,#1346);
#1190=LINE('',#5416,#1347);
#1191=LINE('',#5421,#1348);
#1192=LINE('',#5426,#1349);
#1193=LINE('',#5431,#1350);
#1194=LINE('',#5436,#1351);
#1195=LINE('',#5441,#1352);
#1196=LINE('',#5446,#1353);
#1197=LINE('',#5451,#1354);
#1198=LINE('',#5456,#1355);
#1199=LINE('',#5461,#1356);
#1200=LINE('',#5466,#1357);
#1201=LINE('',#5471,#1358);
#1202=LINE('',#5476,#1359);
#1203=LINE('',#5481,#1360);
#1204=LINE('',#5486,#1361);
#1205=LINE('',#5491,#1362);
#1206=LINE('',#5496,#1363);
#1207=LINE('',#5501,#1364);
#1208=LINE('',#5506,#1365);
#1209=LINE('',#5511,#1366);
#1210=LINE('',#5516,#1367);
#1211=LINE('',#5521,#1368);
#1212=LINE('',#5526,#1369);
#1213=LINE('',#5531,#1370);
#1214=LINE('',#5536,#1371);
#1215=LINE('',#5541,#1372);
#1216=LINE('',#5546,#1373);
#1217=LINE('',#5551,#1374);
#1218=LINE('',#5556,#1375);
#1219=LINE('',#5561,#1376);
#1220=LINE('',#5566,#1377);
#1221=LINE('',#5571,#1378);
#1222=LINE('',#5576,#1379);
#1223=LINE('',#5581,#1380);
#1224=LINE('',#5586,#1381);
#1225=LINE('',#5591,#1382);
#1226=LINE('',#5596,#1383);
#1227=LINE('',#5601,#1384);
#1228=LINE('',#5606,#1385);
#1229=LINE('',#5611,#1386);
#1230=LINE('',#5616,#1387);
#1231=LINE('',#5621,#1388);
#1232=LINE('',#5626,#1389);
#1233=LINE('',#5631,#1390);
#1234=LINE('',#5636,#1391);
#1235=LINE('',#5641,#1392);
#1236=LINE('',#5646,#1393);
#1237=LINE('',#5651,#1394);
#1238=LINE('',#5656,#1395);
#1239=LINE('',#5661,#1396);
#1240=LINE('',#5666,#1397);
#1241=LINE('',#5671,#1398);
#1242=LINE('',#5676,#1399);
#1243=LINE('',#5681,#1400);
#1244=LINE('',#5686,#1401);
#1245=LINE('',#5691,#1402);
#1246=LINE('',#5696,#1403);
#1247=LINE('',#5701,#1404);
#1248=LINE('',#5706,#1405);
#1249=LINE('',#5711,#1406);
#1250=LINE('',#5716,#1407);
#1251=LINE('',#5721,#1408);
#1252=LINE('',#5726,#1409);
#1253=LINE('',#5731,#1410);
#1254=LINE('',#5736,#1411);
#1255=LINE('',#5741,#1412);
#1256=LINE('',#5746,#1413);
#1257=LINE('',#5751,#1414);
#1258=LINE('',#5756,#1415);
#1259=LINE('',#5761,#1416);
#1260=LINE('',#5766,#1417);
#1261=LINE('',#5771,#1418);
#1262=LINE('',#5776,#1419);
#1263=LINE('',#5781,#1420);
#1264=LINE('',#5786,#1421);
#1265=LINE('',#5791,#1422);
#1266=LINE('',#5796,#1423);
#1267=LINE('',#5801,#1424);
#1268=LINE('',#5806,#1425);
#1269=LINE('',#5811,#1426);
#1270=LINE('',#5816,#1427);
#1271=LINE('',#5821,#1428);
#1272=LINE('',#5826,#1429);
#1273=LINE('',#5831,#1430);
#1274=LINE('',#5836,#1431);
#1275=LINE('',#5840,#1432);
#1276=LINE('',#5843,#1433);
#1277=LINE('',#5848,#1434);
#1278=LINE('',#5853,#1435);
#1279=LINE('',#5858,#1436);
#1280=LINE('',#5863,#1437);
#1281=LINE('',#5868,#1438);
#1282=LINE('',#5872,#1439);
#1283=LINE('',#5873,#1440);
#1284=LINE('',#5876,#1441);
#1285=LINE('',#5880,#1442);
#1286=LINE('',#5881,#1443);
#1287=LINE('',#5885,#1444);
#1288=LINE('',#5888,#1445);
#1289=LINE('',#5891,#1446);
#1290=VECTOR('',#3821,10.);
#1291=VECTOR('',#3822,10.);
#1292=VECTOR('',#3823,10.);
#1293=VECTOR('',#3824,10.);
#1294=VECTOR('',#3827,10.);
#1295=VECTOR('',#3828,10.);
#1296=VECTOR('',#3829,10.);
#1297=VECTOR('',#3832,10.);
#1298=VECTOR('',#3833,10.);
#1299=VECTOR('',#3834,10.);
#1300=VECTOR('',#3837,10.);
#1301=VECTOR('',#3838,10.);
#1302=VECTOR('',#3847,10.);
#1303=VECTOR('',#3850,10.);
#1304=VECTOR('',#3863,10.);
#1305=VECTOR('',#3864,10.);
#1306=VECTOR('',#3877,10.);
#1307=VECTOR('',#3878,10.);
#1308=VECTOR('',#3891,10.);
#1309=VECTOR('',#3892,10.);
#1310=VECTOR('',#3905,10.);
#1311=VECTOR('',#3906,10.);
#1312=VECTOR('',#3909,10.);
#1313=VECTOR('',#3910,10.);
#1314=VECTOR('',#3911,10.);
#1315=VECTOR('',#4130,10.);
#1316=VECTOR('',#4131,10.);
#1317=VECTOR('',#4132,10.);
#1318=VECTOR('',#4137,1.6);
#1319=VECTOR('',#4144,1.6);
#1320=VECTOR('',#4151,3.25);
#1321=VECTOR('',#4160,3.25);
#1322=VECTOR('',#4167,10.);
#1323=VECTOR('',#4168,10.);
#1324=VECTOR('',#4169,10.);
#1325=VECTOR('',#4172,10.);
#1326=VECTOR('',#4175,10.);
#1327=VECTOR('',#4178,10.);
#1328=VECTOR('',#4179,10.);
#1329=VECTOR('',#4180,10.);
#1330=VECTOR('',#4183,3.7);
#1331=VECTOR('',#4190,3.7);
#1332=VECTOR('',#4197,3.7);
#1333=VECTOR('',#4204,3.7);
#1334=VECTOR('',#4211,3.7);
#1335=VECTOR('',#4218,3.7);
#1336=VECTOR('',#4225,3.7);
#1337=VECTOR('',#4232,3.7);
#1338=VECTOR('',#4239,3.7);
#1339=VECTOR('',#4246,3.7);
#1340=VECTOR('',#4253,3.7);
#1341=VECTOR('',#4260,3.7);
#1342=VECTOR('',#4267,3.7);
#1343=VECTOR('',#4274,3.7);
#1344=VECTOR('',#4281,3.7);
#1345=VECTOR('',#4288,3.7);
#1346=VECTOR('',#4295,3.7);
#1347=VECTOR('',#4302,3.7);
#1348=VECTOR('',#4309,3.7);
#1349=VECTOR('',#4316,3.7);
#1350=VECTOR('',#4323,3.7);
#1351=VECTOR('',#4330,3.7);
#1352=VECTOR('',#4337,3.7);
#1353=VECTOR('',#4344,3.7);
#1354=VECTOR('',#4351,3.7);
#1355=VECTOR('',#4358,3.7);
#1356=VECTOR('',#4365,3.7);
#1357=VECTOR('',#4372,3.7);
#1358=VECTOR('',#4379,3.7);
#1359=VECTOR('',#4386,3.7);
#1360=VECTOR('',#4393,3.7);
#1361=VECTOR('',#4400,3.7);
#1362=VECTOR('',#4407,3.7);
#1363=VECTOR('',#4414,3.7);
#1364=VECTOR('',#4421,3.7);
#1365=VECTOR('',#4428,3.7);
#1366=VECTOR('',#4435,3.7);
#1367=VECTOR('',#4442,3.7);
#1368=VECTOR('',#4449,3.7);
#1369=VECTOR('',#4456,3.7);
#1370=VECTOR('',#4463,3.7);
#1371=VECTOR('',#4470,3.7);
#1372=VECTOR('',#4477,3.7);
#1373=VECTOR('',#4484,3.7);
#1374=VECTOR('',#4491,3.7);
#1375=VECTOR('',#4498,3.7);
#1376=VECTOR('',#4505,3.7);
#1377=VECTOR('',#4512,3.7);
#1378=VECTOR('',#4519,3.7);
#1379=VECTOR('',#4526,3.7);
#1380=VECTOR('',#4533,3.7);
#1381=VECTOR('',#4540,3.7);
#1382=VECTOR('',#4547,3.7);
#1383=VECTOR('',#4554,3.7);
#1384=VECTOR('',#4561,3.7);
#1385=VECTOR('',#4568,3.7);
#1386=VECTOR('',#4575,3.7);
#1387=VECTOR('',#4582,3.7);
#1388=VECTOR('',#4589,3.7);
#1389=VECTOR('',#4596,3.7);
#1390=VECTOR('',#4603,3.7);
#1391=VECTOR('',#4610,3.7);
#1392=VECTOR('',#4617,3.7);
#1393=VECTOR('',#4624,3.7);
#1394=VECTOR('',#4631,3.7);
#1395=VECTOR('',#4638,3.7);
#1396=VECTOR('',#4645,3.7);
#1397=VECTOR('',#4652,3.7);
#1398=VECTOR('',#4659,3.7);
#1399=VECTOR('',#4666,3.7);
#1400=VECTOR('',#4673,3.7);
#1401=VECTOR('',#4680,3.7);
#1402=VECTOR('',#4687,3.7);
#1403=VECTOR('',#4694,3.7);
#1404=VECTOR('',#4701,3.7);
#1405=VECTOR('',#4708,3.7);
#1406=VECTOR('',#4715,3.7);
#1407=VECTOR('',#4722,3.7);
#1408=VECTOR('',#4729,3.7);
#1409=VECTOR('',#4736,3.7);
#1410=VECTOR('',#4743,3.7);
#1411=VECTOR('',#4750,3.7);
#1412=VECTOR('',#4757,3.7);
#1413=VECTOR('',#4764,3.7);
#1414=VECTOR('',#4771,3.7);
#1415=VECTOR('',#4778,3.7);
#1416=VECTOR('',#4785,3.7);
#1417=VECTOR('',#4792,3.7);
#1418=VECTOR('',#4799,3.7);
#1419=VECTOR('',#4806,3.7);
#1420=VECTOR('',#4813,3.7);
#1421=VECTOR('',#4820,3.7);
#1422=VECTOR('',#4827,3.7);
#1423=VECTOR('',#4834,3.7);
#1424=VECTOR('',#4841,3.7);
#1425=VECTOR('',#4848,3.7);
#1426=VECTOR('',#4855,3.7);
#1427=VECTOR('',#4862,3.7);
#1428=VECTOR('',#4869,3.7);
#1429=VECTOR('',#4876,3.7);
#1430=VECTOR('',#4883,3.7);
#1431=VECTOR('',#4890,3.7);
#1432=VECTOR('',#4897,3.7);
#1433=VECTOR('',#4900,3.7);
#1434=VECTOR('',#4907,3.7);
#1435=VECTOR('',#4914,3.7);
#1436=VECTOR('',#4921,3.7);
#1437=VECTOR('',#4928,3.7);
#1438=VECTOR('',#4935,10.);
#1439=VECTOR('',#4940,10.);
#1440=VECTOR('',#4941,10.);
#1441=VECTOR('',#4944,10.);
#1442=VECTOR('',#4949,10.);
#1443=VECTOR('',#4950,10.);
#1444=VECTOR('',#4955,10.);
#1445=VECTOR('',#4958,10.);
#1446=VECTOR('',#4963,10.);
#1447=VERTEX_POINT('',#4976);
#1448=VERTEX_POINT('',#4977);
#1449=VERTEX_POINT('',#4979);
#1450=VERTEX_POINT('',#4981);
#1451=VERTEX_POINT('',#4985);
#1452=VERTEX_POINT('',#4987);
#1453=VERTEX_POINT('',#4991);
#1454=VERTEX_POINT('',#4993);
#1455=VERTEX_POINT('',#5000);
#1456=VERTEX_POINT('',#5003);
#1457=VERTEX_POINT('',#5004);
#1458=VERTEX_POINT('',#5006);
#1459=VERTEX_POINT('',#5008);
#1460=VERTEX_POINT('',#5012);
#1461=VERTEX_POINT('',#5013);
#1462=VERTEX_POINT('',#5018);
#1463=VERTEX_POINT('',#5019);
#1464=VERTEX_POINT('',#5024);
#1465=VERTEX_POINT('',#5025);
#1466=VERTEX_POINT('',#5030);
#1467=VERTEX_POINT('',#5031);
#1468=VERTEX_POINT('',#5036);
#1469=VERTEX_POINT('',#5037);
#1470=VERTEX_POINT('',#5042);
#1471=VERTEX_POINT('',#5043);
#1472=VERTEX_POINT('',#5048);
#1473=VERTEX_POINT('',#5049);
#1474=VERTEX_POINT('',#5054);
#1475=VERTEX_POINT('',#5055);
#1476=VERTEX_POINT('',#5060);
#1477=VERTEX_POINT('',#5062);
#1478=VERTEX_POINT('',#5065);
#1479=VERTEX_POINT('',#5067);
#1480=VERTEX_POINT('',#5069);
#1481=VERTEX_POINT('',#5071);
#1482=VERTEX_POINT('',#5073);
#1483=VERTEX_POINT('',#5075);
#1484=VERTEX_POINT('',#5077);
#1485=VERTEX_POINT('',#5079);
#1486=VERTEX_POINT('',#5081);
#1487=VERTEX_POINT('',#5083);
#1488=VERTEX_POINT('',#5085);
#1489=VERTEX_POINT('',#5087);
#1490=VERTEX_POINT('',#5089);
#1491=VERTEX_POINT('',#5091);
#1492=VERTEX_POINT('',#5093);
#1493=VERTEX_POINT('',#5095);
#1494=VERTEX_POINT('',#5097);
#1495=VERTEX_POINT('',#5099);
#1496=VERTEX_POINT('',#5101);
#1497=VERTEX_POINT('',#5103);
#1498=VERTEX_POINT('',#5105);
#1499=VERTEX_POINT('',#5107);
#1500=VERTEX_POINT('',#5109);
#1501=VERTEX_POINT('',#5111);
#1502=VERTEX_POINT('',#5113);
#1503=VERTEX_POINT('',#5115);
#1504=VERTEX_POINT('',#5117);
#1505=VERTEX_POINT('',#5119);
#1506=VERTEX_POINT('',#5121);
#1507=VERTEX_POINT('',#5123);
#1508=VERTEX_POINT('',#5125);
#1509=VERTEX_POINT('',#5127);
#1510=VERTEX_POINT('',#5129);
#1511=VERTEX_POINT('',#5131);
#1512=VERTEX_POINT('',#5133);
#1513=VERTEX_POINT('',#5135);
#1514=VERTEX_POINT('',#5137);
#1515=VERTEX_POINT('',#5139);
#1516=VERTEX_POINT('',#5141);
#1517=VERTEX_POINT('',#5143);
#1518=VERTEX_POINT('',#5145);
#1519=VERTEX_POINT('',#5147);
#1520=VERTEX_POINT('',#5149);
#1521=VERTEX_POINT('',#5151);
#1522=VERTEX_POINT('',#5153);
#1523=VERTEX_POINT('',#5155);
#1524=VERTEX_POINT('',#5157);
#1525=VERTEX_POINT('',#5159);
#1526=VERTEX_POINT('',#5161);
#1527=VERTEX_POINT('',#5163);
#1528=VERTEX_POINT('',#5165);
#1529=VERTEX_POINT('',#5167);
#1530=VERTEX_POINT('',#5169);
#1531=VERTEX_POINT('',#5171);
#1532=VERTEX_POINT('',#5173);
#1533=VERTEX_POINT('',#5175);
#1534=VERTEX_POINT('',#5177);
#1535=VERTEX_POINT('',#5179);
#1536=VERTEX_POINT('',#5181);
#1537=VERTEX_POINT('',#5183);
#1538=VERTEX_POINT('',#5185);
#1539=VERTEX_POINT('',#5187);
#1540=VERTEX_POINT('',#5189);
#1541=VERTEX_POINT('',#5191);
#1542=VERTEX_POINT('',#5193);
#1543=VERTEX_POINT('',#5195);
#1544=VERTEX_POINT('',#5197);
#1545=VERTEX_POINT('',#5199);
#1546=VERTEX_POINT('',#5201);
#1547=VERTEX_POINT('',#5203);
#1548=VERTEX_POINT('',#5205);
#1549=VERTEX_POINT('',#5207);
#1550=VERTEX_POINT('',#5209);
#1551=VERTEX_POINT('',#5211);
#1552=VERTEX_POINT('',#5213);
#1553=VERTEX_POINT('',#5215);
#1554=VERTEX_POINT('',#5217);
#1555=VERTEX_POINT('',#5219);
#1556=VERTEX_POINT('',#5221);
#1557=VERTEX_POINT('',#5223);
#1558=VERTEX_POINT('',#5225);
#1559=VERTEX_POINT('',#5227);
#1560=VERTEX_POINT('',#5229);
#1561=VERTEX_POINT('',#5231);
#1562=VERTEX_POINT('',#5233);
#1563=VERTEX_POINT('',#5235);
#1564=VERTEX_POINT('',#5237);
#1565=VERTEX_POINT('',#5239);
#1566=VERTEX_POINT('',#5241);
#1567=VERTEX_POINT('',#5243);
#1568=VERTEX_POINT('',#5245);
#1569=VERTEX_POINT('',#5247);
#1570=VERTEX_POINT('',#5249);
#1571=VERTEX_POINT('',#5251);
#1572=VERTEX_POINT('',#5253);
#1573=VERTEX_POINT('',#5255);
#1574=VERTEX_POINT('',#5257);
#1575=VERTEX_POINT('',#5259);
#1576=VERTEX_POINT('',#5261);
#1577=VERTEX_POINT('',#5263);
#1578=VERTEX_POINT('',#5265);
#1579=VERTEX_POINT('',#5267);
#1580=VERTEX_POINT('',#5269);
#1581=VERTEX_POINT('',#5271);
#1582=VERTEX_POINT('',#5273);
#1583=VERTEX_POINT('',#5275);
#1584=VERTEX_POINT('',#5277);
#1585=VERTEX_POINT('',#5279);
#1586=VERTEX_POINT('',#5282);
#1587=VERTEX_POINT('',#5284);
#1588=VERTEX_POINT('',#5288);
#1589=VERTEX_POINT('',#5290);
#1590=VERTEX_POINT('',#5294);
#1591=VERTEX_POINT('',#5296);
#1592=VERTEX_POINT('',#5300);
#1593=VERTEX_POINT('',#5302);
#1594=VERTEX_POINT('',#5307);
#1595=VERTEX_POINT('',#5309);
#1596=VERTEX_POINT('',#5314);
#1597=VERTEX_POINT('',#5316);
#1598=VERTEX_POINT('',#5324);
#1599=VERTEX_POINT('',#5326);
#1600=VERTEX_POINT('',#5330);
#1601=VERTEX_POINT('',#5335);
#1602=VERTEX_POINT('',#5340);
#1603=VERTEX_POINT('',#5345);
#1604=VERTEX_POINT('',#5350);
#1605=VERTEX_POINT('',#5355);
#1606=VERTEX_POINT('',#5360);
#1607=VERTEX_POINT('',#5365);
#1608=VERTEX_POINT('',#5370);
#1609=VERTEX_POINT('',#5375);
#1610=VERTEX_POINT('',#5380);
#1611=VERTEX_POINT('',#5385);
#1612=VERTEX_POINT('',#5390);
#1613=VERTEX_POINT('',#5395);
#1614=VERTEX_POINT('',#5400);
#1615=VERTEX_POINT('',#5405);
#1616=VERTEX_POINT('',#5410);
#1617=VERTEX_POINT('',#5415);
#1618=VERTEX_POINT('',#5420);
#1619=VERTEX_POINT('',#5425);
#1620=VERTEX_POINT('',#5430);
#1621=VERTEX_POINT('',#5435);
#1622=VERTEX_POINT('',#5440);
#1623=VERTEX_POINT('',#5445);
#1624=VERTEX_POINT('',#5450);
#1625=VERTEX_POINT('',#5455);
#1626=VERTEX_POINT('',#5460);
#1627=VERTEX_POINT('',#5465);
#1628=VERTEX_POINT('',#5470);
#1629=VERTEX_POINT('',#5475);
#1630=VERTEX_POINT('',#5480);
#1631=VERTEX_POINT('',#5485);
#1632=VERTEX_POINT('',#5490);
#1633=VERTEX_POINT('',#5495);
#1634=VERTEX_POINT('',#5500);
#1635=VERTEX_POINT('',#5505);
#1636=VERTEX_POINT('',#5510);
#1637=VERTEX_POINT('',#5515);
#1638=VERTEX_POINT('',#5520);
#1639=VERTEX_POINT('',#5525);
#1640=VERTEX_POINT('',#5530);
#1641=VERTEX_POINT('',#5535);
#1642=VERTEX_POINT('',#5540);
#1643=VERTEX_POINT('',#5545);
#1644=VERTEX_POINT('',#5550);
#1645=VERTEX_POINT('',#5555);
#1646=VERTEX_POINT('',#5560);
#1647=VERTEX_POINT('',#5565);
#1648=VERTEX_POINT('',#5570);
#1649=VERTEX_POINT('',#5575);
#1650=VERTEX_POINT('',#5580);
#1651=VERTEX_POINT('',#5585);
#1652=VERTEX_POINT('',#5590);
#1653=VERTEX_POINT('',#5595);
#1654=VERTEX_POINT('',#5600);
#1655=VERTEX_POINT('',#5605);
#1656=VERTEX_POINT('',#5610);
#1657=VERTEX_POINT('',#5615);
#1658=VERTEX_POINT('',#5620);
#1659=VERTEX_POINT('',#5625);
#1660=VERTEX_POINT('',#5630);
#1661=VERTEX_POINT('',#5635);
#1662=VERTEX_POINT('',#5640);
#1663=VERTEX_POINT('',#5645);
#1664=VERTEX_POINT('',#5650);
#1665=VERTEX_POINT('',#5655);
#1666=VERTEX_POINT('',#5660);
#1667=VERTEX_POINT('',#5665);
#1668=VERTEX_POINT('',#5670);
#1669=VERTEX_POINT('',#5675);
#1670=VERTEX_POINT('',#5680);
#1671=VERTEX_POINT('',#5685);
#1672=VERTEX_POINT('',#5690);
#1673=VERTEX_POINT('',#5695);
#1674=VERTEX_POINT('',#5700);
#1675=VERTEX_POINT('',#5705);
#1676=VERTEX_POINT('',#5710);
#1677=VERTEX_POINT('',#5715);
#1678=VERTEX_POINT('',#5720);
#1679=VERTEX_POINT('',#5725);
#1680=VERTEX_POINT('',#5730);
#1681=VERTEX_POINT('',#5735);
#1682=VERTEX_POINT('',#5740);
#1683=VERTEX_POINT('',#5745);
#1684=VERTEX_POINT('',#5750);
#1685=VERTEX_POINT('',#5755);
#1686=VERTEX_POINT('',#5760);
#1687=VERTEX_POINT('',#5765);
#1688=VERTEX_POINT('',#5770);
#1689=VERTEX_POINT('',#5775);
#1690=VERTEX_POINT('',#5780);
#1691=VERTEX_POINT('',#5785);
#1692=VERTEX_POINT('',#5790);
#1693=VERTEX_POINT('',#5795);
#1694=VERTEX_POINT('',#5800);
#1695=VERTEX_POINT('',#5805);
#1696=VERTEX_POINT('',#5810);
#1697=VERTEX_POINT('',#5815);
#1698=VERTEX_POINT('',#5820);
#1699=VERTEX_POINT('',#5825);
#1700=VERTEX_POINT('',#5830);
#1701=VERTEX_POINT('',#5835);
#1702=VERTEX_POINT('',#5842);
#1703=VERTEX_POINT('',#5847);
#1704=VERTEX_POINT('',#5852);
#1705=VERTEX_POINT('',#5857);
#1706=VERTEX_POINT('',#5862);
#1707=VERTEX_POINT('',#5867);
#1708=VERTEX_POINT('',#5871);
#1709=VERTEX_POINT('',#5875);
#1710=VERTEX_POINT('',#5879);
#1711=VERTEX_POINT('',#5883);
#1712=VERTEX_POINT('',#5887);
#1713=EDGE_CURVE('',#1447,#1448,#1133,.T.);
#1714=EDGE_CURVE('',#1447,#1449,#1134,.T.);
#1715=EDGE_CURVE('',#1449,#1450,#1135,.T.);
#1716=EDGE_CURVE('',#1448,#1450,#1136,.T.);
#1717=EDGE_CURVE('',#1451,#1447,#1137,.T.);
#1718=EDGE_CURVE('',#1451,#1452,#1138,.T.);
#1719=EDGE_CURVE('',#1452,#1449,#1139,.T.);
#1720=EDGE_CURVE('',#1453,#1451,#1140,.T.);
#1721=EDGE_CURVE('',#1453,#1454,#1141,.T.);
#1722=EDGE_CURVE('',#1454,#1452,#1142,.T.);
#1723=EDGE_CURVE('',#1448,#1453,#1143,.T.);
#1724=EDGE_CURVE('',#1450,#1454,#1144,.T.);
#1725=EDGE_CURVE('',#1455,#1455,#269,.T.);
#1726=EDGE_CURVE('',#1456,#1457,#270,.T.);
#1727=EDGE_CURVE('',#1457,#1458,#1145,.T.);
#1728=EDGE_CURVE('',#1458,#1459,#271,.T.);
#1729=EDGE_CURVE('',#1459,#1456,#1146,.T.);
#1730=EDGE_CURVE('',#1460,#1461,#272,.T.);
#1731=EDGE_CURVE('',#1461,#1459,#273,.T.);
#1732=EDGE_CURVE('',#1458,#1460,#274,.T.);
#1733=EDGE_CURVE('',#1462,#1463,#275,.T.);
#1734=EDGE_CURVE('',#1463,#1461,#1147,.T.);
#1735=EDGE_CURVE('',#1460,#1462,#1148,.T.);
#1736=EDGE_CURVE('',#1464,#1465,#276,.T.);
#1737=EDGE_CURVE('',#1465,#1463,#277,.T.);
#1738=EDGE_CURVE('',#1462,#1464,#278,.T.);
#1739=EDGE_CURVE('',#1466,#1467,#279,.T.);
#1740=EDGE_CURVE('',#1467,#1465,#1149,.T.);
#1741=EDGE_CURVE('',#1464,#1466,#1150,.T.);
#1742=EDGE_CURVE('',#1468,#1469,#280,.T.);
#1743=EDGE_CURVE('',#1469,#1467,#281,.T.);
#1744=EDGE_CURVE('',#1466,#1468,#282,.T.);
#1745=EDGE_CURVE('',#1470,#1471,#283,.T.);
#1746=EDGE_CURVE('',#1471,#1469,#1151,.T.);
#1747=EDGE_CURVE('',#1468,#1470,#1152,.T.);
#1748=EDGE_CURVE('',#1472,#1473,#284,.T.);
#1749=EDGE_CURVE('',#1473,#1471,#285,.T.);
#1750=EDGE_CURVE('',#1470,#1472,#286,.T.);
#1751=EDGE_CURVE('',#1474,#1475,#287,.T.);
#1752=EDGE_CURVE('',#1475,#1473,#1153,.T.);
#1753=EDGE_CURVE('',#1472,#1474,#1154,.T.);
#1754=EDGE_CURVE('',#1475,#1476,#1155,.T.);
#1755=EDGE_CURVE('',#1476,#1477,#1156,.T.);
#1756=EDGE_CURVE('',#1477,#1456,#1157,.T.);
#1757=EDGE_CURVE('',#1478,#1478,#288,.T.);
#1758=EDGE_CURVE('',#1479,#1479,#289,.T.);
#1759=EDGE_CURVE('',#1480,#1480,#290,.T.);
#1760=EDGE_CURVE('',#1481,#1481,#291,.T.);
#1761=EDGE_CURVE('',#1482,#1482,#292,.T.);
#1762=EDGE_CURVE('',#1483,#1483,#293,.T.);
#1763=EDGE_CURVE('',#1484,#1484,#294,.T.);
#1764=EDGE_CURVE('',#1485,#1485,#295,.T.);
#1765=EDGE_CURVE('',#1486,#1486,#296,.T.);
#1766=EDGE_CURVE('',#1487,#1487,#297,.T.);
#1767=EDGE_CURVE('',#1488,#1488,#298,.T.);
#1768=EDGE_CURVE('',#1489,#1489,#299,.T.);
#1769=EDGE_CURVE('',#1490,#1490,#300,.T.);
#1770=EDGE_CURVE('',#1491,#1491,#301,.T.);
#1771=EDGE_CURVE('',#1492,#1492,#302,.T.);
#1772=EDGE_CURVE('',#1493,#1493,#303,.T.);
#1773=EDGE_CURVE('',#1494,#1494,#304,.T.);
#1774=EDGE_CURVE('',#1495,#1495,#305,.T.);
#1775=EDGE_CURVE('',#1496,#1496,#306,.T.);
#1776=EDGE_CURVE('',#1497,#1497,#307,.T.);
#1777=EDGE_CURVE('',#1498,#1498,#308,.T.);
#1778=EDGE_CURVE('',#1499,#1499,#309,.T.);
#1779=EDGE_CURVE('',#1500,#1500,#310,.T.);
#1780=EDGE_CURVE('',#1501,#1501,#311,.T.);
#1781=EDGE_CURVE('',#1502,#1502,#312,.T.);
#1782=EDGE_CURVE('',#1503,#1503,#313,.T.);
#1783=EDGE_CURVE('',#1504,#1504,#314,.T.);
#1784=EDGE_CURVE('',#1505,#1505,#315,.T.);
#1785=EDGE_CURVE('',#1506,#1506,#316,.T.);
#1786=EDGE_CURVE('',#1507,#1507,#317,.T.);
#1787=EDGE_CURVE('',#1508,#1508,#318,.T.);
#1788=EDGE_CURVE('',#1509,#1509,#319,.T.);
#1789=EDGE_CURVE('',#1510,#1510,#320,.T.);
#1790=EDGE_CURVE('',#1511,#1511,#321,.T.);
#1791=EDGE_CURVE('',#1512,#1512,#322,.T.);
#1792=EDGE_CURVE('',#1513,#1513,#323,.T.);
#1793=EDGE_CURVE('',#1514,#1514,#324,.T.);
#1794=EDGE_CURVE('',#1515,#1515,#325,.T.);
#1795=EDGE_CURVE('',#1516,#1516,#326,.T.);
#1796=EDGE_CURVE('',#1517,#1517,#327,.T.);
#1797=EDGE_CURVE('',#1518,#1518,#328,.T.);
#1798=EDGE_CURVE('',#1519,#1519,#329,.T.);
#1799=EDGE_CURVE('',#1520,#1520,#330,.T.);
#1800=EDGE_CURVE('',#1521,#1521,#331,.T.);
#1801=EDGE_CURVE('',#1522,#1522,#332,.T.);
#1802=EDGE_CURVE('',#1523,#1523,#333,.T.);
#1803=EDGE_CURVE('',#1524,#1524,#334,.T.);
#1804=EDGE_CURVE('',#1525,#1525,#335,.T.);
#1805=EDGE_CURVE('',#1526,#1526,#336,.T.);
#1806=EDGE_CURVE('',#1527,#1527,#337,.T.);
#1807=EDGE_CURVE('',#1528,#1528,#338,.T.);
#1808=EDGE_CURVE('',#1529,#1529,#339,.T.);
#1809=EDGE_CURVE('',#1530,#1530,#340,.T.);
#1810=EDGE_CURVE('',#1531,#1531,#341,.T.);
#1811=EDGE_CURVE('',#1532,#1532,#342,.T.);
#1812=EDGE_CURVE('',#1533,#1533,#343,.T.);
#1813=EDGE_CURVE('',#1534,#1534,#344,.T.);
#1814=EDGE_CURVE('',#1535,#1535,#345,.T.);
#1815=EDGE_CURVE('',#1536,#1536,#346,.T.);
#1816=EDGE_CURVE('',#1537,#1537,#347,.T.);
#1817=EDGE_CURVE('',#1538,#1538,#348,.T.);
#1818=EDGE_CURVE('',#1539,#1539,#349,.T.);
#1819=EDGE_CURVE('',#1540,#1540,#350,.T.);
#1820=EDGE_CURVE('',#1541,#1541,#351,.T.);
#1821=EDGE_CURVE('',#1542,#1542,#352,.T.);
#1822=EDGE_CURVE('',#1543,#1543,#353,.T.);
#1823=EDGE_CURVE('',#1544,#1544,#354,.T.);
#1824=EDGE_CURVE('',#1545,#1545,#355,.T.);
#1825=EDGE_CURVE('',#1546,#1546,#356,.T.);
#1826=EDGE_CURVE('',#1547,#1547,#357,.T.);
#1827=EDGE_CURVE('',#1548,#1548,#358,.T.);
#1828=EDGE_CURVE('',#1549,#1549,#359,.T.);
#1829=EDGE_CURVE('',#1550,#1550,#360,.T.);
#1830=EDGE_CURVE('',#1551,#1551,#361,.T.);
#1831=EDGE_CURVE('',#1552,#1552,#362,.T.);
#1832=EDGE_CURVE('',#1553,#1553,#363,.T.);
#1833=EDGE_CURVE('',#1554,#1554,#364,.T.);
#1834=EDGE_CURVE('',#1555,#1555,#365,.T.);
#1835=EDGE_CURVE('',#1556,#1556,#366,.T.);
#1836=EDGE_CURVE('',#1557,#1557,#367,.T.);
#1837=EDGE_CURVE('',#1558,#1558,#368,.T.);
#1838=EDGE_CURVE('',#1559,#1559,#369,.T.);
#1839=EDGE_CURVE('',#1560,#1560,#370,.T.);
#1840=EDGE_CURVE('',#1561,#1561,#371,.T.);
#1841=EDGE_CURVE('',#1562,#1562,#372,.T.);
#1842=EDGE_CURVE('',#1563,#1563,#373,.T.);
#1843=EDGE_CURVE('',#1564,#1564,#374,.T.);
#1844=EDGE_CURVE('',#1565,#1565,#375,.T.);
#1845=EDGE_CURVE('',#1566,#1566,#376,.T.);
#1846=EDGE_CURVE('',#1567,#1567,#377,.T.);
#1847=EDGE_CURVE('',#1568,#1568,#378,.T.);
#1848=EDGE_CURVE('',#1569,#1569,#379,.T.);
#1849=EDGE_CURVE('',#1570,#1570,#380,.T.);
#1850=EDGE_CURVE('',#1571,#1571,#381,.T.);
#1851=EDGE_CURVE('',#1572,#1572,#382,.T.);
#1852=EDGE_CURVE('',#1573,#1573,#383,.T.);
#1853=EDGE_CURVE('',#1574,#1574,#384,.T.);
#1854=EDGE_CURVE('',#1575,#1575,#385,.T.);
#1855=EDGE_CURVE('',#1576,#1576,#386,.T.);
#1856=EDGE_CURVE('',#1577,#1577,#387,.T.);
#1857=EDGE_CURVE('',#1578,#1578,#388,.T.);
#1858=EDGE_CURVE('',#1579,#1579,#389,.T.);
#1859=EDGE_CURVE('',#1580,#1580,#390,.T.);
#1860=EDGE_CURVE('',#1581,#1581,#391,.T.);
#1861=EDGE_CURVE('',#1582,#1582,#392,.T.);
#1862=EDGE_CURVE('',#1583,#1583,#393,.T.);
#1863=EDGE_CURVE('',#1584,#1584,#394,.T.);
#1864=EDGE_CURVE('',#1585,#1585,#395,.T.);
#1865=EDGE_CURVE('',#1586,#1474,#1158,.T.);
#1866=EDGE_CURVE('',#1586,#1587,#1159,.T.);
#1867=EDGE_CURVE('',#1476,#1587,#1160,.T.);
#1868=EDGE_CURVE('',#1588,#1588,#396,.T.);
#1869=EDGE_CURVE('',#1588,#1589,#1161,.T.);
#1870=EDGE_CURVE('',#1589,#1589,#397,.T.);
#1871=EDGE_CURVE('',#1590,#1590,#398,.T.);
#1872=EDGE_CURVE('',#1590,#1591,#1162,.T.);
#1873=EDGE_CURVE('',#1591,#1591,#399,.T.);
#1874=EDGE_CURVE('',#1592,#1592,#400,.T.);
#1875=EDGE_CURVE('',#1592,#1593,#1163,.T.);
#1876=EDGE_CURVE('',#1593,#1593,#401,.T.);
#1877=EDGE_CURVE('',#1594,#1594,#402,.T.);
#1878=EDGE_CURVE('',#1594,#1595,#1164,.T.);
#1879=EDGE_CURVE('',#1595,#1595,#403,.T.);
#1880=EDGE_CURVE('',#1477,#1596,#1165,.T.);
#1881=EDGE_CURVE('',#1596,#1597,#1166,.T.);
#1882=EDGE_CURVE('',#1457,#1597,#1167,.T.);
#1883=EDGE_CURVE('',#1587,#1596,#1168,.T.);
#1884=EDGE_CURVE('',#1597,#1586,#1169,.T.);
#1885=EDGE_CURVE('',#1598,#1472,#1170,.T.);
#1886=EDGE_CURVE('',#1598,#1599,#1171,.T.);
#1887=EDGE_CURVE('',#1458,#1599,#1172,.T.);
#1888=EDGE_CURVE('',#1585,#1600,#1173,.T.);
#1889=EDGE_CURVE('',#1600,#1600,#404,.T.);
#1890=EDGE_CURVE('',#1584,#1601,#1174,.T.);
#1891=EDGE_CURVE('',#1601,#1601,#405,.T.);
#1892=EDGE_CURVE('',#1583,#1602,#1175,.T.);
#1893=EDGE_CURVE('',#1602,#1602,#406,.T.);
#1894=EDGE_CURVE('',#1582,#1603,#1176,.T.);
#1895=EDGE_CURVE('',#1603,#1603,#407,.T.);
#1896=EDGE_CURVE('',#1581,#1604,#1177,.T.);
#1897=EDGE_CURVE('',#1604,#1604,#408,.T.);
#1898=EDGE_CURVE('',#1580,#1605,#1178,.T.);
#1899=EDGE_CURVE('',#1605,#1605,#409,.T.);
#1900=EDGE_CURVE('',#1579,#1606,#1179,.T.);
#1901=EDGE_CURVE('',#1606,#1606,#410,.T.);
#1902=EDGE_CURVE('',#1578,#1607,#1180,.T.);
#1903=EDGE_CURVE('',#1607,#1607,#411,.T.);
#1904=EDGE_CURVE('',#1577,#1608,#1181,.T.);
#1905=EDGE_CURVE('',#1608,#1608,#412,.T.);
#1906=EDGE_CURVE('',#1576,#1609,#1182,.T.);
#1907=EDGE_CURVE('',#1609,#1609,#413,.T.);
#1908=EDGE_CURVE('',#1575,#1610,#1183,.T.);
#1909=EDGE_CURVE('',#1610,#1610,#414,.T.);
#1910=EDGE_CURVE('',#1574,#1611,#1184,.T.);
#1911=EDGE_CURVE('',#1611,#1611,#415,.T.);
#1912=EDGE_CURVE('',#1573,#1612,#1185,.T.);
#1913=EDGE_CURVE('',#1612,#1612,#416,.T.);
#1914=EDGE_CURVE('',#1572,#1613,#1186,.T.);
#1915=EDGE_CURVE('',#1613,#1613,#417,.T.);
#1916=EDGE_CURVE('',#1571,#1614,#1187,.T.);
#1917=EDGE_CURVE('',#1614,#1614,#418,.T.);
#1918=EDGE_CURVE('',#1570,#1615,#1188,.T.);
#1919=EDGE_CURVE('',#1615,#1615,#419,.T.);
#1920=EDGE_CURVE('',#1569,#1616,#1189,.T.);
#1921=EDGE_CURVE('',#1616,#1616,#420,.T.);
#1922=EDGE_CURVE('',#1568,#1617,#1190,.T.);
#1923=EDGE_CURVE('',#1617,#1617,#421,.T.);
#1924=EDGE_CURVE('',#1567,#1618,#1191,.T.);
#1925=EDGE_CURVE('',#1618,#1618,#422,.T.);
#1926=EDGE_CURVE('',#1566,#1619,#1192,.T.);
#1927=EDGE_CURVE('',#1619,#1619,#423,.T.);
#1928=EDGE_CURVE('',#1565,#1620,#1193,.T.);
#1929=EDGE_CURVE('',#1620,#1620,#424,.T.);
#1930=EDGE_CURVE('',#1564,#1621,#1194,.T.);
#1931=EDGE_CURVE('',#1621,#1621,#425,.T.);
#1932=EDGE_CURVE('',#1563,#1622,#1195,.T.);
#1933=EDGE_CURVE('',#1622,#1622,#426,.T.);
#1934=EDGE_CURVE('',#1562,#1623,#1196,.T.);
#1935=EDGE_CURVE('',#1623,#1623,#427,.T.);
#1936=EDGE_CURVE('',#1561,#1624,#1197,.T.);
#1937=EDGE_CURVE('',#1624,#1624,#428,.T.);
#1938=EDGE_CURVE('',#1560,#1625,#1198,.T.);
#1939=EDGE_CURVE('',#1625,#1625,#429,.T.);
#1940=EDGE_CURVE('',#1559,#1626,#1199,.T.);
#1941=EDGE_CURVE('',#1626,#1626,#430,.T.);
#1942=EDGE_CURVE('',#1558,#1627,#1200,.T.);
#1943=EDGE_CURVE('',#1627,#1627,#431,.T.);
#1944=EDGE_CURVE('',#1557,#1628,#1201,.T.);
#1945=EDGE_CURVE('',#1628,#1628,#432,.T.);
#1946=EDGE_CURVE('',#1556,#1629,#1202,.T.);
#1947=EDGE_CURVE('',#1629,#1629,#433,.T.);
#1948=EDGE_CURVE('',#1555,#1630,#1203,.T.);
#1949=EDGE_CURVE('',#1630,#1630,#434,.T.);
#1950=EDGE_CURVE('',#1554,#1631,#1204,.T.);
#1951=EDGE_CURVE('',#1631,#1631,#435,.T.);
#1952=EDGE_CURVE('',#1553,#1632,#1205,.T.);
#1953=EDGE_CURVE('',#1632,#1632,#436,.T.);
#1954=EDGE_CURVE('',#1552,#1633,#1206,.T.);
#1955=EDGE_CURVE('',#1633,#1633,#437,.T.);
#1956=EDGE_CURVE('',#1551,#1634,#1207,.T.);
#1957=EDGE_CURVE('',#1634,#1634,#438,.T.);
#1958=EDGE_CURVE('',#1550,#1635,#1208,.T.);
#1959=EDGE_CURVE('',#1635,#1635,#439,.T.);
#1960=EDGE_CURVE('',#1549,#1636,#1209,.T.);
#1961=EDGE_CURVE('',#1636,#1636,#440,.T.);
#1962=EDGE_CURVE('',#1548,#1637,#1210,.T.);
#1963=EDGE_CURVE('',#1637,#1637,#441,.T.);
#1964=EDGE_CURVE('',#1547,#1638,#1211,.T.);
#1965=EDGE_CURVE('',#1638,#1638,#442,.T.);
#1966=EDGE_CURVE('',#1546,#1639,#1212,.T.);
#1967=EDGE_CURVE('',#1639,#1639,#443,.T.);
#1968=EDGE_CURVE('',#1545,#1640,#1213,.T.);
#1969=EDGE_CURVE('',#1640,#1640,#444,.T.);
#1970=EDGE_CURVE('',#1544,#1641,#1214,.T.);
#1971=EDGE_CURVE('',#1641,#1641,#445,.T.);
#1972=EDGE_CURVE('',#1543,#1642,#1215,.T.);
#1973=EDGE_CURVE('',#1642,#1642,#446,.T.);
#1974=EDGE_CURVE('',#1542,#1643,#1216,.T.);
#1975=EDGE_CURVE('',#1643,#1643,#447,.T.);
#1976=EDGE_CURVE('',#1541,#1644,#1217,.T.);
#1977=EDGE_CURVE('',#1644,#1644,#448,.T.);
#1978=EDGE_CURVE('',#1540,#1645,#1218,.T.);
#1979=EDGE_CURVE('',#1645,#1645,#449,.T.);
#1980=EDGE_CURVE('',#1539,#1646,#1219,.T.);
#1981=EDGE_CURVE('',#1646,#1646,#450,.T.);
#1982=EDGE_CURVE('',#1538,#1647,#1220,.T.);
#1983=EDGE_CURVE('',#1647,#1647,#451,.T.);
#1984=EDGE_CURVE('',#1537,#1648,#1221,.T.);
#1985=EDGE_CURVE('',#1648,#1648,#452,.T.);
#1986=EDGE_CURVE('',#1536,#1649,#1222,.T.);
#1987=EDGE_CURVE('',#1649,#1649,#453,.T.);
#1988=EDGE_CURVE('',#1535,#1650,#1223,.T.);
#1989=EDGE_CURVE('',#1650,#1650,#454,.T.);
#1990=EDGE_CURVE('',#1534,#1651,#1224,.T.);
#1991=EDGE_CURVE('',#1651,#1651,#455,.T.);
#1992=EDGE_CURVE('',#1533,#1652,#1225,.T.);
#1993=EDGE_CURVE('',#1652,#1652,#456,.T.);
#1994=EDGE_CURVE('',#1532,#1653,#1226,.T.);
#1995=EDGE_CURVE('',#1653,#1653,#457,.T.);
#1996=EDGE_CURVE('',#1531,#1654,#1227,.T.);
#1997=EDGE_CURVE('',#1654,#1654,#458,.T.);
#1998=EDGE_CURVE('',#1530,#1655,#1228,.T.);
#1999=EDGE_CURVE('',#1655,#1655,#459,.T.);
#2000=EDGE_CURVE('',#1529,#1656,#1229,.T.);
#2001=EDGE_CURVE('',#1656,#1656,#460,.T.);
#2002=EDGE_CURVE('',#1528,#1657,#1230,.T.);
#2003=EDGE_CURVE('',#1657,#1657,#461,.T.);
#2004=EDGE_CURVE('',#1527,#1658,#1231,.T.);
#2005=EDGE_CURVE('',#1658,#1658,#462,.T.);
#2006=EDGE_CURVE('',#1526,#1659,#1232,.T.);
#2007=EDGE_CURVE('',#1659,#1659,#463,.T.);
#2008=EDGE_CURVE('',#1525,#1660,#1233,.T.);
#2009=EDGE_CURVE('',#1660,#1660,#464,.T.);
#2010=EDGE_CURVE('',#1524,#1661,#1234,.T.);
#2011=EDGE_CURVE('',#1661,#1661,#465,.T.);
#2012=EDGE_CURVE('',#1523,#1662,#1235,.T.);
#2013=EDGE_CURVE('',#1662,#1662,#466,.T.);
#2014=EDGE_CURVE('',#1522,#1663,#1236,.T.);
#2015=EDGE_CURVE('',#1663,#1663,#467,.T.);
#2016=EDGE_CURVE('',#1521,#1664,#1237,.T.);
#2017=EDGE_CURVE('',#1664,#1664,#468,.T.);
#2018=EDGE_CURVE('',#1520,#1665,#1238,.T.);
#2019=EDGE_CURVE('',#1665,#1665,#469,.T.);
#2020=EDGE_CURVE('',#1519,#1666,#1239,.T.);
#2021=EDGE_CURVE('',#1666,#1666,#470,.T.);
#2022=EDGE_CURVE('',#1518,#1667,#1240,.T.);
#2023=EDGE_CURVE('',#1667,#1667,#471,.T.);
#2024=EDGE_CURVE('',#1517,#1668,#1241,.T.);
#2025=EDGE_CURVE('',#1668,#1668,#472,.T.);
#2026=EDGE_CURVE('',#1516,#1669,#1242,.T.);
#2027=EDGE_CURVE('',#1669,#1669,#473,.T.);
#2028=EDGE_CURVE('',#1515,#1670,#1243,.T.);
#2029=EDGE_CURVE('',#1670,#1670,#474,.T.);
#2030=EDGE_CURVE('',#1514,#1671,#1244,.T.);
#2031=EDGE_CURVE('',#1671,#1671,#475,.T.);
#2032=EDGE_CURVE('',#1513,#1672,#1245,.T.);
#2033=EDGE_CURVE('',#1672,#1672,#476,.T.);
#2034=EDGE_CURVE('',#1512,#1673,#1246,.T.);
#2035=EDGE_CURVE('',#1673,#1673,#477,.T.);
#2036=EDGE_CURVE('',#1511,#1674,#1247,.T.);
#2037=EDGE_CURVE('',#1674,#1674,#478,.T.);
#2038=EDGE_CURVE('',#1510,#1675,#1248,.T.);
#2039=EDGE_CURVE('',#1675,#1675,#479,.T.);
#2040=EDGE_CURVE('',#1509,#1676,#1249,.T.);
#2041=EDGE_CURVE('',#1676,#1676,#480,.T.);
#2042=EDGE_CURVE('',#1508,#1677,#1250,.T.);
#2043=EDGE_CURVE('',#1677,#1677,#481,.T.);
#2044=EDGE_CURVE('',#1507,#1678,#1251,.T.);
#2045=EDGE_CURVE('',#1678,#1678,#482,.T.);
#2046=EDGE_CURVE('',#1506,#1679,#1252,.T.);
#2047=EDGE_CURVE('',#1679,#1679,#483,.T.);
#2048=EDGE_CURVE('',#1505,#1680,#1253,.T.);
#2049=EDGE_CURVE('',#1680,#1680,#484,.T.);
#2050=EDGE_CURVE('',#1504,#1681,#1254,.T.);
#2051=EDGE_CURVE('',#1681,#1681,#485,.T.);
#2052=EDGE_CURVE('',#1503,#1682,#1255,.T.);
#2053=EDGE_CURVE('',#1682,#1682,#486,.T.);
#2054=EDGE_CURVE('',#1502,#1683,#1256,.T.);
#2055=EDGE_CURVE('',#1683,#1683,#487,.T.);
#2056=EDGE_CURVE('',#1501,#1684,#1257,.T.);
#2057=EDGE_CURVE('',#1684,#1684,#488,.T.);
#2058=EDGE_CURVE('',#1500,#1685,#1258,.T.);
#2059=EDGE_CURVE('',#1685,#1685,#489,.T.);
#2060=EDGE_CURVE('',#1499,#1686,#1259,.T.);
#2061=EDGE_CURVE('',#1686,#1686,#490,.T.);
#2062=EDGE_CURVE('',#1498,#1687,#1260,.T.);
#2063=EDGE_CURVE('',#1687,#1687,#491,.T.);
#2064=EDGE_CURVE('',#1497,#1688,#1261,.T.);
#2065=EDGE_CURVE('',#1688,#1688,#492,.T.);
#2066=EDGE_CURVE('',#1496,#1689,#1262,.T.);
#2067=EDGE_CURVE('',#1689,#1689,#493,.T.);
#2068=EDGE_CURVE('',#1495,#1690,#1263,.T.);
#2069=EDGE_CURVE('',#1690,#1690,#494,.T.);
#2070=EDGE_CURVE('',#1494,#1691,#1264,.T.);
#2071=EDGE_CURVE('',#1691,#1691,#495,.T.);
#2072=EDGE_CURVE('',#1493,#1692,#1265,.T.);
#2073=EDGE_CURVE('',#1692,#1692,#496,.T.);
#2074=EDGE_CURVE('',#1492,#1693,#1266,.T.);
#2075=EDGE_CURVE('',#1693,#1693,#497,.T.);
#2076=EDGE_CURVE('',#1491,#1694,#1267,.T.);
#2077=EDGE_CURVE('',#1694,#1694,#498,.T.);
#2078=EDGE_CURVE('',#1490,#1695,#1268,.T.);
#2079=EDGE_CURVE('',#1695,#1695,#499,.T.);
#2080=EDGE_CURVE('',#1489,#1696,#1269,.T.);
#2081=EDGE_CURVE('',#1696,#1696,#500,.T.);
#2082=EDGE_CURVE('',#1488,#1697,#1270,.T.);
#2083=EDGE_CURVE('',#1697,#1697,#501,.T.);
#2084=EDGE_CURVE('',#1487,#1698,#1271,.T.);
#2085=EDGE_CURVE('',#1698,#1698,#502,.T.);
#2086=EDGE_CURVE('',#1486,#1699,#1272,.T.);
#2087=EDGE_CURVE('',#1699,#1699,#503,.T.);
#2088=EDGE_CURVE('',#1485,#1700,#1273,.T.);
#2089=EDGE_CURVE('',#1700,#1700,#504,.T.);
#2090=EDGE_CURVE('',#1484,#1701,#1274,.T.);
#2091=EDGE_CURVE('',#1701,#1701,#505,.T.);
#2092=EDGE_CURVE('',#1483,#1455,#1275,.T.);
#2093=EDGE_CURVE('',#1482,#1702,#1276,.T.);
#2094=EDGE_CURVE('',#1702,#1702,#506,.T.);
#2095=EDGE_CURVE('',#1481,#1703,#1277,.T.);
#2096=EDGE_CURVE('',#1703,#1703,#507,.T.);
#2097=EDGE_CURVE('',#1480,#1704,#1278,.T.);
#2098=EDGE_CURVE('',#1704,#1704,#508,.T.);
#2099=EDGE_CURVE('',#1479,#1705,#1279,.T.);
#2100=EDGE_CURVE('',#1705,#1705,#509,.T.);
#2101=EDGE_CURVE('',#1478,#1706,#1280,.T.);
#2102=EDGE_CURVE('',#1706,#1706,#510,.T.);
#2103=EDGE_CURVE('',#1470,#1707,#1281,.T.);
#2104=EDGE_CURVE('',#1707,#1598,#511,.T.);
#2105=EDGE_CURVE('',#1708,#1468,#1282,.T.);
#2106=EDGE_CURVE('',#1708,#1707,#1283,.T.);
#2107=EDGE_CURVE('',#1466,#1709,#1284,.T.);
#2108=EDGE_CURVE('',#1709,#1708,#512,.T.);
#2109=EDGE_CURVE('',#1710,#1464,#1285,.T.);
#2110=EDGE_CURVE('',#1710,#1709,#1286,.T.);
#2111=EDGE_CURVE('',#1599,#1711,#513,.T.);
#2112=EDGE_CURVE('',#1711,#1460,#1287,.T.);
#2113=EDGE_CURVE('',#1462,#1712,#1288,.T.);
#2114=EDGE_CURVE('',#1712,#1710,#514,.T.);
#2115=EDGE_CURVE('',#1711,#1712,#1289,.T.);
#2116=ORIENTED_EDGE('',*,*,#1713,.F.);
#2117=ORIENTED_EDGE('',*,*,#1714,.T.);
#2118=ORIENTED_EDGE('',*,*,#1715,.T.);
#2119=ORIENTED_EDGE('',*,*,#1716,.F.);
#2120=ORIENTED_EDGE('',*,*,#1717,.F.);
#2121=ORIENTED_EDGE('',*,*,#1718,.T.);
#2122=ORIENTED_EDGE('',*,*,#1719,.T.);
#2123=ORIENTED_EDGE('',*,*,#1714,.F.);
#2124=ORIENTED_EDGE('',*,*,#1720,.F.);
#2125=ORIENTED_EDGE('',*,*,#1721,.T.);
#2126=ORIENTED_EDGE('',*,*,#1722,.T.);
#2127=ORIENTED_EDGE('',*,*,#1718,.F.);
#2128=ORIENTED_EDGE('',*,*,#1723,.F.);
#2129=ORIENTED_EDGE('',*,*,#1716,.T.);
#2130=ORIENTED_EDGE('',*,*,#1724,.T.);
#2131=ORIENTED_EDGE('',*,*,#1721,.F.);
#2132=ORIENTED_EDGE('',*,*,#1724,.F.);
#2133=ORIENTED_EDGE('',*,*,#1715,.F.);
#2134=ORIENTED_EDGE('',*,*,#1719,.F.);
#2135=ORIENTED_EDGE('',*,*,#1722,.F.);
#2136=ORIENTED_EDGE('',*,*,#1725,.F.);
#2137=ORIENTED_EDGE('',*,*,#1726,.T.);
#2138=ORIENTED_EDGE('',*,*,#1727,.T.);
#2139=ORIENTED_EDGE('',*,*,#1728,.T.);
#2140=ORIENTED_EDGE('',*,*,#1729,.T.);
#2141=ORIENTED_EDGE('',*,*,#1730,.T.);
#2142=ORIENTED_EDGE('',*,*,#1731,.T.);
#2143=ORIENTED_EDGE('',*,*,#1728,.F.);
#2144=ORIENTED_EDGE('',*,*,#1732,.T.);
#2145=ORIENTED_EDGE('',*,*,#1733,.T.);
#2146=ORIENTED_EDGE('',*,*,#1734,.T.);
#2147=ORIENTED_EDGE('',*,*,#1730,.F.);
#2148=ORIENTED_EDGE('',*,*,#1735,.T.);
#2149=ORIENTED_EDGE('',*,*,#1736,.T.);
#2150=ORIENTED_EDGE('',*,*,#1737,.T.);
#2151=ORIENTED_EDGE('',*,*,#1733,.F.);
#2152=ORIENTED_EDGE('',*,*,#1738,.T.);
#2153=ORIENTED_EDGE('',*,*,#1739,.T.);
#2154=ORIENTED_EDGE('',*,*,#1740,.T.);
#2155=ORIENTED_EDGE('',*,*,#1736,.F.);
#2156=ORIENTED_EDGE('',*,*,#1741,.T.);
#2157=ORIENTED_EDGE('',*,*,#1742,.T.);
#2158=ORIENTED_EDGE('',*,*,#1743,.T.);
#2159=ORIENTED_EDGE('',*,*,#1739,.F.);
#2160=ORIENTED_EDGE('',*,*,#1744,.T.);
#2161=ORIENTED_EDGE('',*,*,#1745,.T.);
#2162=ORIENTED_EDGE('',*,*,#1746,.T.);
#2163=ORIENTED_EDGE('',*,*,#1742,.F.);
#2164=ORIENTED_EDGE('',*,*,#1747,.T.);
#2165=ORIENTED_EDGE('',*,*,#1748,.T.);
#2166=ORIENTED_EDGE('',*,*,#1749,.T.);
#2167=ORIENTED_EDGE('',*,*,#1745,.F.);
#2168=ORIENTED_EDGE('',*,*,#1750,.T.);
#2169=ORIENTED_EDGE('',*,*,#1751,.T.);
#2170=ORIENTED_EDGE('',*,*,#1752,.T.);
#2171=ORIENTED_EDGE('',*,*,#1748,.F.);
#2172=ORIENTED_EDGE('',*,*,#1753,.T.);
#2173=ORIENTED_EDGE('',*,*,#1729,.F.);
#2174=ORIENTED_EDGE('',*,*,#1731,.F.);
#2175=ORIENTED_EDGE('',*,*,#1734,.F.);
#2176=ORIENTED_EDGE('',*,*,#1737,.F.);
#2177=ORIENTED_EDGE('',*,*,#1740,.F.);
#2178=ORIENTED_EDGE('',*,*,#1743,.F.);
#2179=ORIENTED_EDGE('',*,*,#1746,.F.);
#2180=ORIENTED_EDGE('',*,*,#1749,.F.);
#2181=ORIENTED_EDGE('',*,*,#1752,.F.);
#2182=ORIENTED_EDGE('',*,*,#1754,.T.);
#2183=ORIENTED_EDGE('',*,*,#1755,.T.);
#2184=ORIENTED_EDGE('',*,*,#1756,.T.);
#2185=ORIENTED_EDGE('',*,*,#1757,.T.);
#2186=ORIENTED_EDGE('',*,*,#1758,.T.);
#2187=ORIENTED_EDGE('',*,*,#1759,.T.);
#2188=ORIENTED_EDGE('',*,*,#1760,.T.);
#2189=ORIENTED_EDGE('',*,*,#1761,.T.);
#2190=ORIENTED_EDGE('',*,*,#1762,.T.);
#2191=ORIENTED_EDGE('',*,*,#1763,.T.);
#2192=ORIENTED_EDGE('',*,*,#1764,.T.);
#2193=ORIENTED_EDGE('',*,*,#1765,.T.);
#2194=ORIENTED_EDGE('',*,*,#1766,.T.);
#2195=ORIENTED_EDGE('',*,*,#1767,.T.);
#2196=ORIENTED_EDGE('',*,*,#1768,.T.);
#2197=ORIENTED_EDGE('',*,*,#1769,.T.);
#2198=ORIENTED_EDGE('',*,*,#1770,.T.);
#2199=ORIENTED_EDGE('',*,*,#1771,.T.);
#2200=ORIENTED_EDGE('',*,*,#1772,.T.);
#2201=ORIENTED_EDGE('',*,*,#1773,.T.);
#2202=ORIENTED_EDGE('',*,*,#1774,.T.);
#2203=ORIENTED_EDGE('',*,*,#1775,.T.);
#2204=ORIENTED_EDGE('',*,*,#1776,.T.);
#2205=ORIENTED_EDGE('',*,*,#1777,.T.);
#2206=ORIENTED_EDGE('',*,*,#1778,.T.);
#2207=ORIENTED_EDGE('',*,*,#1779,.T.);
#2208=ORIENTED_EDGE('',*,*,#1780,.T.);
#2209=ORIENTED_EDGE('',*,*,#1781,.T.);
#2210=ORIENTED_EDGE('',*,*,#1782,.T.);
#2211=ORIENTED_EDGE('',*,*,#1783,.T.);
#2212=ORIENTED_EDGE('',*,*,#1784,.T.);
#2213=ORIENTED_EDGE('',*,*,#1785,.T.);
#2214=ORIENTED_EDGE('',*,*,#1786,.T.);
#2215=ORIENTED_EDGE('',*,*,#1787,.T.);
#2216=ORIENTED_EDGE('',*,*,#1788,.T.);
#2217=ORIENTED_EDGE('',*,*,#1789,.T.);
#2218=ORIENTED_EDGE('',*,*,#1790,.T.);
#2219=ORIENTED_EDGE('',*,*,#1791,.T.);
#2220=ORIENTED_EDGE('',*,*,#1792,.T.);
#2221=ORIENTED_EDGE('',*,*,#1793,.T.);
#2222=ORIENTED_EDGE('',*,*,#1794,.T.);
#2223=ORIENTED_EDGE('',*,*,#1795,.T.);
#2224=ORIENTED_EDGE('',*,*,#1796,.T.);
#2225=ORIENTED_EDGE('',*,*,#1797,.T.);
#2226=ORIENTED_EDGE('',*,*,#1798,.T.);
#2227=ORIENTED_EDGE('',*,*,#1799,.T.);
#2228=ORIENTED_EDGE('',*,*,#1800,.T.);
#2229=ORIENTED_EDGE('',*,*,#1801,.T.);
#2230=ORIENTED_EDGE('',*,*,#1802,.T.);
#2231=ORIENTED_EDGE('',*,*,#1803,.T.);
#2232=ORIENTED_EDGE('',*,*,#1804,.T.);
#2233=ORIENTED_EDGE('',*,*,#1805,.T.);
#2234=ORIENTED_EDGE('',*,*,#1806,.T.);
#2235=ORIENTED_EDGE('',*,*,#1807,.T.);
#2236=ORIENTED_EDGE('',*,*,#1808,.T.);
#2237=ORIENTED_EDGE('',*,*,#1809,.T.);
#2238=ORIENTED_EDGE('',*,*,#1810,.T.);
#2239=ORIENTED_EDGE('',*,*,#1811,.T.);
#2240=ORIENTED_EDGE('',*,*,#1812,.T.);
#2241=ORIENTED_EDGE('',*,*,#1813,.T.);
#2242=ORIENTED_EDGE('',*,*,#1814,.T.);
#2243=ORIENTED_EDGE('',*,*,#1815,.T.);
#2244=ORIENTED_EDGE('',*,*,#1816,.T.);
#2245=ORIENTED_EDGE('',*,*,#1817,.T.);
#2246=ORIENTED_EDGE('',*,*,#1818,.T.);
#2247=ORIENTED_EDGE('',*,*,#1819,.T.);
#2248=ORIENTED_EDGE('',*,*,#1820,.T.);
#2249=ORIENTED_EDGE('',*,*,#1821,.T.);
#2250=ORIENTED_EDGE('',*,*,#1822,.T.);
#2251=ORIENTED_EDGE('',*,*,#1823,.T.);
#2252=ORIENTED_EDGE('',*,*,#1824,.T.);
#2253=ORIENTED_EDGE('',*,*,#1825,.T.);
#2254=ORIENTED_EDGE('',*,*,#1826,.T.);
#2255=ORIENTED_EDGE('',*,*,#1827,.T.);
#2256=ORIENTED_EDGE('',*,*,#1828,.T.);
#2257=ORIENTED_EDGE('',*,*,#1829,.T.);
#2258=ORIENTED_EDGE('',*,*,#1830,.T.);
#2259=ORIENTED_EDGE('',*,*,#1831,.T.);
#2260=ORIENTED_EDGE('',*,*,#1832,.T.);
#2261=ORIENTED_EDGE('',*,*,#1833,.T.);
#2262=ORIENTED_EDGE('',*,*,#1834,.T.);
#2263=ORIENTED_EDGE('',*,*,#1835,.T.);
#2264=ORIENTED_EDGE('',*,*,#1836,.T.);
#2265=ORIENTED_EDGE('',*,*,#1837,.T.);
#2266=ORIENTED_EDGE('',*,*,#1838,.T.);
#2267=ORIENTED_EDGE('',*,*,#1839,.T.);
#2268=ORIENTED_EDGE('',*,*,#1840,.T.);
#2269=ORIENTED_EDGE('',*,*,#1841,.T.);
#2270=ORIENTED_EDGE('',*,*,#1842,.T.);
#2271=ORIENTED_EDGE('',*,*,#1843,.T.);
#2272=ORIENTED_EDGE('',*,*,#1844,.T.);
#2273=ORIENTED_EDGE('',*,*,#1845,.T.);
#2274=ORIENTED_EDGE('',*,*,#1846,.T.);
#2275=ORIENTED_EDGE('',*,*,#1847,.T.);
#2276=ORIENTED_EDGE('',*,*,#1848,.T.);
#2277=ORIENTED_EDGE('',*,*,#1849,.T.);
#2278=ORIENTED_EDGE('',*,*,#1850,.T.);
#2279=ORIENTED_EDGE('',*,*,#1851,.T.);
#2280=ORIENTED_EDGE('',*,*,#1852,.T.);
#2281=ORIENTED_EDGE('',*,*,#1853,.T.);
#2282=ORIENTED_EDGE('',*,*,#1854,.T.);
#2283=ORIENTED_EDGE('',*,*,#1855,.T.);
#2284=ORIENTED_EDGE('',*,*,#1856,.T.);
#2285=ORIENTED_EDGE('',*,*,#1857,.T.);
#2286=ORIENTED_EDGE('',*,*,#1858,.T.);
#2287=ORIENTED_EDGE('',*,*,#1859,.T.);
#2288=ORIENTED_EDGE('',*,*,#1860,.T.);
#2289=ORIENTED_EDGE('',*,*,#1861,.T.);
#2290=ORIENTED_EDGE('',*,*,#1862,.T.);
#2291=ORIENTED_EDGE('',*,*,#1863,.T.);
#2292=ORIENTED_EDGE('',*,*,#1864,.T.);
#2293=ORIENTED_EDGE('',*,*,#1751,.F.);
#2294=ORIENTED_EDGE('',*,*,#1865,.F.);
#2295=ORIENTED_EDGE('',*,*,#1866,.T.);
#2296=ORIENTED_EDGE('',*,*,#1867,.F.);
#2297=ORIENTED_EDGE('',*,*,#1754,.F.);
#2298=ORIENTED_EDGE('',*,*,#1868,.F.);
#2299=ORIENTED_EDGE('',*,*,#1869,.T.);
#2300=ORIENTED_EDGE('',*,*,#1870,.F.);
#2301=ORIENTED_EDGE('',*,*,#1869,.F.);
#2302=ORIENTED_EDGE('',*,*,#1871,.F.);
#2303=ORIENTED_EDGE('',*,*,#1872,.T.);
#2304=ORIENTED_EDGE('',*,*,#1873,.F.);
#2305=ORIENTED_EDGE('',*,*,#1872,.F.);
#2306=ORIENTED_EDGE('',*,*,#1874,.F.);
#2307=ORIENTED_EDGE('',*,*,#1875,.T.);
#2308=ORIENTED_EDGE('',*,*,#1876,.T.);
#2309=ORIENTED_EDGE('',*,*,#1875,.F.);
#2310=ORIENTED_EDGE('',*,*,#1876,.F.);
#2311=ORIENTED_EDGE('',*,*,#1868,.T.);
#2312=ORIENTED_EDGE('',*,*,#1877,.F.);
#2313=ORIENTED_EDGE('',*,*,#1878,.T.);
#2314=ORIENTED_EDGE('',*,*,#1879,.T.);
#2315=ORIENTED_EDGE('',*,*,#1878,.F.);
#2316=ORIENTED_EDGE('',*,*,#1879,.F.);
#2317=ORIENTED_EDGE('',*,*,#1871,.T.);
#2318=ORIENTED_EDGE('',*,*,#1726,.F.);
#2319=ORIENTED_EDGE('',*,*,#1756,.F.);
#2320=ORIENTED_EDGE('',*,*,#1880,.T.);
#2321=ORIENTED_EDGE('',*,*,#1881,.T.);
#2322=ORIENTED_EDGE('',*,*,#1882,.F.);
#2323=ORIENTED_EDGE('',*,*,#1755,.F.);
#2324=ORIENTED_EDGE('',*,*,#1867,.T.);
#2325=ORIENTED_EDGE('',*,*,#1883,.T.);
#2326=ORIENTED_EDGE('',*,*,#1880,.F.);
#2327=ORIENTED_EDGE('',*,*,#1883,.F.);
#2328=ORIENTED_EDGE('',*,*,#1866,.F.);
#2329=ORIENTED_EDGE('',*,*,#1884,.F.);
#2330=ORIENTED_EDGE('',*,*,#1881,.F.);
#2331=ORIENTED_EDGE('',*,*,#1870,.T.);
#2332=ORIENTED_EDGE('',*,*,#1873,.T.);
#2333=ORIENTED_EDGE('',*,*,#1727,.F.);
#2334=ORIENTED_EDGE('',*,*,#1882,.T.);
#2335=ORIENTED_EDGE('',*,*,#1884,.T.);
#2336=ORIENTED_EDGE('',*,*,#1865,.T.);
#2337=ORIENTED_EDGE('',*,*,#1753,.F.);
#2338=ORIENTED_EDGE('',*,*,#1885,.F.);
#2339=ORIENTED_EDGE('',*,*,#1886,.T.);
#2340=ORIENTED_EDGE('',*,*,#1887,.F.);
#2341=ORIENTED_EDGE('',*,*,#1864,.F.);
#2342=ORIENTED_EDGE('',*,*,#1888,.T.);
#2343=ORIENTED_EDGE('',*,*,#1889,.T.);
#2344=ORIENTED_EDGE('',*,*,#1888,.F.);
#2345=ORIENTED_EDGE('',*,*,#1889,.F.);
#2346=ORIENTED_EDGE('',*,*,#1863,.F.);
#2347=ORIENTED_EDGE('',*,*,#1890,.T.);
#2348=ORIENTED_EDGE('',*,*,#1891,.T.);
#2349=ORIENTED_EDGE('',*,*,#1890,.F.);
#2350=ORIENTED_EDGE('',*,*,#1891,.F.);
#2351=ORIENTED_EDGE('',*,*,#1862,.F.);
#2352=ORIENTED_EDGE('',*,*,#1892,.T.);
#2353=ORIENTED_EDGE('',*,*,#1893,.T.);
#2354=ORIENTED_EDGE('',*,*,#1892,.F.);
#2355=ORIENTED_EDGE('',*,*,#1893,.F.);
#2356=ORIENTED_EDGE('',*,*,#1861,.F.);
#2357=ORIENTED_EDGE('',*,*,#1894,.T.);
#2358=ORIENTED_EDGE('',*,*,#1895,.T.);
#2359=ORIENTED_EDGE('',*,*,#1894,.F.);
#2360=ORIENTED_EDGE('',*,*,#1895,.F.);
#2361=ORIENTED_EDGE('',*,*,#1860,.F.);
#2362=ORIENTED_EDGE('',*,*,#1896,.T.);
#2363=ORIENTED_EDGE('',*,*,#1897,.T.);
#2364=ORIENTED_EDGE('',*,*,#1896,.F.);
#2365=ORIENTED_EDGE('',*,*,#1897,.F.);
#2366=ORIENTED_EDGE('',*,*,#1859,.F.);
#2367=ORIENTED_EDGE('',*,*,#1898,.T.);
#2368=ORIENTED_EDGE('',*,*,#1899,.T.);
#2369=ORIENTED_EDGE('',*,*,#1898,.F.);
#2370=ORIENTED_EDGE('',*,*,#1899,.F.);
#2371=ORIENTED_EDGE('',*,*,#1858,.F.);
#2372=ORIENTED_EDGE('',*,*,#1900,.T.);
#2373=ORIENTED_EDGE('',*,*,#1901,.T.);
#2374=ORIENTED_EDGE('',*,*,#1900,.F.);
#2375=ORIENTED_EDGE('',*,*,#1901,.F.);
#2376=ORIENTED_EDGE('',*,*,#1857,.F.);
#2377=ORIENTED_EDGE('',*,*,#1902,.T.);
#2378=ORIENTED_EDGE('',*,*,#1903,.T.);
#2379=ORIENTED_EDGE('',*,*,#1902,.F.);
#2380=ORIENTED_EDGE('',*,*,#1903,.F.);
#2381=ORIENTED_EDGE('',*,*,#1856,.F.);
#2382=ORIENTED_EDGE('',*,*,#1904,.T.);
#2383=ORIENTED_EDGE('',*,*,#1905,.T.);
#2384=ORIENTED_EDGE('',*,*,#1904,.F.);
#2385=ORIENTED_EDGE('',*,*,#1905,.F.);
#2386=ORIENTED_EDGE('',*,*,#1855,.F.);
#2387=ORIENTED_EDGE('',*,*,#1906,.T.);
#2388=ORIENTED_EDGE('',*,*,#1907,.T.);
#2389=ORIENTED_EDGE('',*,*,#1906,.F.);
#2390=ORIENTED_EDGE('',*,*,#1907,.F.);
#2391=ORIENTED_EDGE('',*,*,#1854,.F.);
#2392=ORIENTED_EDGE('',*,*,#1908,.T.);
#2393=ORIENTED_EDGE('',*,*,#1909,.T.);
#2394=ORIENTED_EDGE('',*,*,#1908,.F.);
#2395=ORIENTED_EDGE('',*,*,#1909,.F.);
#2396=ORIENTED_EDGE('',*,*,#1853,.F.);
#2397=ORIENTED_EDGE('',*,*,#1910,.T.);
#2398=ORIENTED_EDGE('',*,*,#1911,.T.);
#2399=ORIENTED_EDGE('',*,*,#1910,.F.);
#2400=ORIENTED_EDGE('',*,*,#1911,.F.);
#2401=ORIENTED_EDGE('',*,*,#1852,.F.);
#2402=ORIENTED_EDGE('',*,*,#1912,.T.);
#2403=ORIENTED_EDGE('',*,*,#1913,.T.);
#2404=ORIENTED_EDGE('',*,*,#1912,.F.);
#2405=ORIENTED_EDGE('',*,*,#1913,.F.);
#2406=ORIENTED_EDGE('',*,*,#1851,.F.);
#2407=ORIENTED_EDGE('',*,*,#1914,.T.);
#2408=ORIENTED_EDGE('',*,*,#1915,.T.);
#2409=ORIENTED_EDGE('',*,*,#1914,.F.);
#2410=ORIENTED_EDGE('',*,*,#1915,.F.);
#2411=ORIENTED_EDGE('',*,*,#1850,.F.);
#2412=ORIENTED_EDGE('',*,*,#1916,.T.);
#2413=ORIENTED_EDGE('',*,*,#1917,.T.);
#2414=ORIENTED_EDGE('',*,*,#1916,.F.);
#2415=ORIENTED_EDGE('',*,*,#1917,.F.);
#2416=ORIENTED_EDGE('',*,*,#1849,.F.);
#2417=ORIENTED_EDGE('',*,*,#1918,.T.);
#2418=ORIENTED_EDGE('',*,*,#1919,.T.);
#2419=ORIENTED_EDGE('',*,*,#1918,.F.);
#2420=ORIENTED_EDGE('',*,*,#1919,.F.);
#2421=ORIENTED_EDGE('',*,*,#1848,.F.);
#2422=ORIENTED_EDGE('',*,*,#1920,.T.);
#2423=ORIENTED_EDGE('',*,*,#1921,.T.);
#2424=ORIENTED_EDGE('',*,*,#1920,.F.);
#2425=ORIENTED_EDGE('',*,*,#1921,.F.);
#2426=ORIENTED_EDGE('',*,*,#1847,.F.);
#2427=ORIENTED_EDGE('',*,*,#1922,.T.);
#2428=ORIENTED_EDGE('',*,*,#1923,.T.);
#2429=ORIENTED_EDGE('',*,*,#1922,.F.);
#2430=ORIENTED_EDGE('',*,*,#1923,.F.);
#2431=ORIENTED_EDGE('',*,*,#1846,.F.);
#2432=ORIENTED_EDGE('',*,*,#1924,.T.);
#2433=ORIENTED_EDGE('',*,*,#1925,.T.);
#2434=ORIENTED_EDGE('',*,*,#1924,.F.);
#2435=ORIENTED_EDGE('',*,*,#1925,.F.);
#2436=ORIENTED_EDGE('',*,*,#1845,.F.);
#2437=ORIENTED_EDGE('',*,*,#1926,.T.);
#2438=ORIENTED_EDGE('',*,*,#1927,.T.);
#2439=ORIENTED_EDGE('',*,*,#1926,.F.);
#2440=ORIENTED_EDGE('',*,*,#1927,.F.);
#2441=ORIENTED_EDGE('',*,*,#1844,.F.);
#2442=ORIENTED_EDGE('',*,*,#1928,.T.);
#2443=ORIENTED_EDGE('',*,*,#1929,.T.);
#2444=ORIENTED_EDGE('',*,*,#1928,.F.);
#2445=ORIENTED_EDGE('',*,*,#1929,.F.);
#2446=ORIENTED_EDGE('',*,*,#1843,.F.);
#2447=ORIENTED_EDGE('',*,*,#1930,.T.);
#2448=ORIENTED_EDGE('',*,*,#1931,.T.);
#2449=ORIENTED_EDGE('',*,*,#1930,.F.);
#2450=ORIENTED_EDGE('',*,*,#1931,.F.);
#2451=ORIENTED_EDGE('',*,*,#1842,.F.);
#2452=ORIENTED_EDGE('',*,*,#1932,.T.);
#2453=ORIENTED_EDGE('',*,*,#1933,.T.);
#2454=ORIENTED_EDGE('',*,*,#1932,.F.);
#2455=ORIENTED_EDGE('',*,*,#1933,.F.);
#2456=ORIENTED_EDGE('',*,*,#1841,.F.);
#2457=ORIENTED_EDGE('',*,*,#1934,.T.);
#2458=ORIENTED_EDGE('',*,*,#1935,.T.);
#2459=ORIENTED_EDGE('',*,*,#1934,.F.);
#2460=ORIENTED_EDGE('',*,*,#1935,.F.);
#2461=ORIENTED_EDGE('',*,*,#1840,.F.);
#2462=ORIENTED_EDGE('',*,*,#1936,.T.);
#2463=ORIENTED_EDGE('',*,*,#1937,.T.);
#2464=ORIENTED_EDGE('',*,*,#1936,.F.);
#2465=ORIENTED_EDGE('',*,*,#1937,.F.);
#2466=ORIENTED_EDGE('',*,*,#1839,.F.);
#2467=ORIENTED_EDGE('',*,*,#1938,.T.);
#2468=ORIENTED_EDGE('',*,*,#1939,.T.);
#2469=ORIENTED_EDGE('',*,*,#1938,.F.);
#2470=ORIENTED_EDGE('',*,*,#1939,.F.);
#2471=ORIENTED_EDGE('',*,*,#1838,.F.);
#2472=ORIENTED_EDGE('',*,*,#1940,.T.);
#2473=ORIENTED_EDGE('',*,*,#1941,.T.);
#2474=ORIENTED_EDGE('',*,*,#1940,.F.);
#2475=ORIENTED_EDGE('',*,*,#1941,.F.);
#2476=ORIENTED_EDGE('',*,*,#1837,.F.);
#2477=ORIENTED_EDGE('',*,*,#1942,.T.);
#2478=ORIENTED_EDGE('',*,*,#1943,.T.);
#2479=ORIENTED_EDGE('',*,*,#1942,.F.);
#2480=ORIENTED_EDGE('',*,*,#1943,.F.);
#2481=ORIENTED_EDGE('',*,*,#1836,.F.);
#2482=ORIENTED_EDGE('',*,*,#1944,.T.);
#2483=ORIENTED_EDGE('',*,*,#1945,.T.);
#2484=ORIENTED_EDGE('',*,*,#1944,.F.);
#2485=ORIENTED_EDGE('',*,*,#1945,.F.);
#2486=ORIENTED_EDGE('',*,*,#1835,.F.);
#2487=ORIENTED_EDGE('',*,*,#1946,.T.);
#2488=ORIENTED_EDGE('',*,*,#1947,.T.);
#2489=ORIENTED_EDGE('',*,*,#1946,.F.);
#2490=ORIENTED_EDGE('',*,*,#1947,.F.);
#2491=ORIENTED_EDGE('',*,*,#1834,.F.);
#2492=ORIENTED_EDGE('',*,*,#1948,.T.);
#2493=ORIENTED_EDGE('',*,*,#1949,.T.);
#2494=ORIENTED_EDGE('',*,*,#1948,.F.);
#2495=ORIENTED_EDGE('',*,*,#1949,.F.);
#2496=ORIENTED_EDGE('',*,*,#1833,.F.);
#2497=ORIENTED_EDGE('',*,*,#1950,.T.);
#2498=ORIENTED_EDGE('',*,*,#1951,.T.);
#2499=ORIENTED_EDGE('',*,*,#1950,.F.);
#2500=ORIENTED_EDGE('',*,*,#1951,.F.);
#2501=ORIENTED_EDGE('',*,*,#1832,.F.);
#2502=ORIENTED_EDGE('',*,*,#1952,.T.);
#2503=ORIENTED_EDGE('',*,*,#1953,.T.);
#2504=ORIENTED_EDGE('',*,*,#1952,.F.);
#2505=ORIENTED_EDGE('',*,*,#1953,.F.);
#2506=ORIENTED_EDGE('',*,*,#1831,.F.);
#2507=ORIENTED_EDGE('',*,*,#1954,.T.);
#2508=ORIENTED_EDGE('',*,*,#1955,.T.);
#2509=ORIENTED_EDGE('',*,*,#1954,.F.);
#2510=ORIENTED_EDGE('',*,*,#1955,.F.);
#2511=ORIENTED_EDGE('',*,*,#1830,.F.);
#2512=ORIENTED_EDGE('',*,*,#1956,.T.);
#2513=ORIENTED_EDGE('',*,*,#1957,.T.);
#2514=ORIENTED_EDGE('',*,*,#1956,.F.);
#2515=ORIENTED_EDGE('',*,*,#1957,.F.);
#2516=ORIENTED_EDGE('',*,*,#1829,.F.);
#2517=ORIENTED_EDGE('',*,*,#1958,.T.);
#2518=ORIENTED_EDGE('',*,*,#1959,.T.);
#2519=ORIENTED_EDGE('',*,*,#1958,.F.);
#2520=ORIENTED_EDGE('',*,*,#1959,.F.);
#2521=ORIENTED_EDGE('',*,*,#1828,.F.);
#2522=ORIENTED_EDGE('',*,*,#1960,.T.);
#2523=ORIENTED_EDGE('',*,*,#1961,.T.);
#2524=ORIENTED_EDGE('',*,*,#1960,.F.);
#2525=ORIENTED_EDGE('',*,*,#1961,.F.);
#2526=ORIENTED_EDGE('',*,*,#1827,.F.);
#2527=ORIENTED_EDGE('',*,*,#1962,.T.);
#2528=ORIENTED_EDGE('',*,*,#1963,.T.);
#2529=ORIENTED_EDGE('',*,*,#1962,.F.);
#2530=ORIENTED_EDGE('',*,*,#1963,.F.);
#2531=ORIENTED_EDGE('',*,*,#1826,.F.);
#2532=ORIENTED_EDGE('',*,*,#1964,.T.);
#2533=ORIENTED_EDGE('',*,*,#1965,.T.);
#2534=ORIENTED_EDGE('',*,*,#1964,.F.);
#2535=ORIENTED_EDGE('',*,*,#1965,.F.);
#2536=ORIENTED_EDGE('',*,*,#1825,.F.);
#2537=ORIENTED_EDGE('',*,*,#1966,.T.);
#2538=ORIENTED_EDGE('',*,*,#1967,.T.);
#2539=ORIENTED_EDGE('',*,*,#1966,.F.);
#2540=ORIENTED_EDGE('',*,*,#1967,.F.);
#2541=ORIENTED_EDGE('',*,*,#1824,.F.);
#2542=ORIENTED_EDGE('',*,*,#1968,.T.);
#2543=ORIENTED_EDGE('',*,*,#1969,.T.);
#2544=ORIENTED_EDGE('',*,*,#1968,.F.);
#2545=ORIENTED_EDGE('',*,*,#1969,.F.);
#2546=ORIENTED_EDGE('',*,*,#1823,.F.);
#2547=ORIENTED_EDGE('',*,*,#1970,.T.);
#2548=ORIENTED_EDGE('',*,*,#1971,.T.);
#2549=ORIENTED_EDGE('',*,*,#1970,.F.);
#2550=ORIENTED_EDGE('',*,*,#1971,.F.);
#2551=ORIENTED_EDGE('',*,*,#1822,.F.);
#2552=ORIENTED_EDGE('',*,*,#1972,.T.);
#2553=ORIENTED_EDGE('',*,*,#1973,.T.);
#2554=ORIENTED_EDGE('',*,*,#1972,.F.);
#2555=ORIENTED_EDGE('',*,*,#1973,.F.);
#2556=ORIENTED_EDGE('',*,*,#1821,.F.);
#2557=ORIENTED_EDGE('',*,*,#1974,.T.);
#2558=ORIENTED_EDGE('',*,*,#1975,.T.);
#2559=ORIENTED_EDGE('',*,*,#1974,.F.);
#2560=ORIENTED_EDGE('',*,*,#1975,.F.);
#2561=ORIENTED_EDGE('',*,*,#1820,.F.);
#2562=ORIENTED_EDGE('',*,*,#1976,.T.);
#2563=ORIENTED_EDGE('',*,*,#1977,.T.);
#2564=ORIENTED_EDGE('',*,*,#1976,.F.);
#2565=ORIENTED_EDGE('',*,*,#1977,.F.);
#2566=ORIENTED_EDGE('',*,*,#1819,.F.);
#2567=ORIENTED_EDGE('',*,*,#1978,.T.);
#2568=ORIENTED_EDGE('',*,*,#1979,.T.);
#2569=ORIENTED_EDGE('',*,*,#1978,.F.);
#2570=ORIENTED_EDGE('',*,*,#1979,.F.);
#2571=ORIENTED_EDGE('',*,*,#1818,.F.);
#2572=ORIENTED_EDGE('',*,*,#1980,.T.);
#2573=ORIENTED_EDGE('',*,*,#1981,.T.);
#2574=ORIENTED_EDGE('',*,*,#1980,.F.);
#2575=ORIENTED_EDGE('',*,*,#1981,.F.);
#2576=ORIENTED_EDGE('',*,*,#1817,.F.);
#2577=ORIENTED_EDGE('',*,*,#1982,.T.);
#2578=ORIENTED_EDGE('',*,*,#1983,.T.);
#2579=ORIENTED_EDGE('',*,*,#1982,.F.);
#2580=ORIENTED_EDGE('',*,*,#1983,.F.);
#2581=ORIENTED_EDGE('',*,*,#1816,.F.);
#2582=ORIENTED_EDGE('',*,*,#1984,.T.);
#2583=ORIENTED_EDGE('',*,*,#1985,.T.);
#2584=ORIENTED_EDGE('',*,*,#1984,.F.);
#2585=ORIENTED_EDGE('',*,*,#1985,.F.);
#2586=ORIENTED_EDGE('',*,*,#1815,.F.);
#2587=ORIENTED_EDGE('',*,*,#1986,.T.);
#2588=ORIENTED_EDGE('',*,*,#1987,.T.);
#2589=ORIENTED_EDGE('',*,*,#1986,.F.);
#2590=ORIENTED_EDGE('',*,*,#1987,.F.);
#2591=ORIENTED_EDGE('',*,*,#1814,.F.);
#2592=ORIENTED_EDGE('',*,*,#1988,.T.);
#2593=ORIENTED_EDGE('',*,*,#1989,.T.);
#2594=ORIENTED_EDGE('',*,*,#1988,.F.);
#2595=ORIENTED_EDGE('',*,*,#1989,.F.);
#2596=ORIENTED_EDGE('',*,*,#1813,.F.);
#2597=ORIENTED_EDGE('',*,*,#1990,.T.);
#2598=ORIENTED_EDGE('',*,*,#1991,.T.);
#2599=ORIENTED_EDGE('',*,*,#1990,.F.);
#2600=ORIENTED_EDGE('',*,*,#1991,.F.);
#2601=ORIENTED_EDGE('',*,*,#1812,.F.);
#2602=ORIENTED_EDGE('',*,*,#1992,.T.);
#2603=ORIENTED_EDGE('',*,*,#1993,.T.);
#2604=ORIENTED_EDGE('',*,*,#1992,.F.);
#2605=ORIENTED_EDGE('',*,*,#1993,.F.);
#2606=ORIENTED_EDGE('',*,*,#1811,.F.);
#2607=ORIENTED_EDGE('',*,*,#1994,.T.);
#2608=ORIENTED_EDGE('',*,*,#1995,.T.);
#2609=ORIENTED_EDGE('',*,*,#1994,.F.);
#2610=ORIENTED_EDGE('',*,*,#1995,.F.);
#2611=ORIENTED_EDGE('',*,*,#1810,.F.);
#2612=ORIENTED_EDGE('',*,*,#1996,.T.);
#2613=ORIENTED_EDGE('',*,*,#1997,.T.);
#2614=ORIENTED_EDGE('',*,*,#1996,.F.);
#2615=ORIENTED_EDGE('',*,*,#1997,.F.);
#2616=ORIENTED_EDGE('',*,*,#1809,.F.);
#2617=ORIENTED_EDGE('',*,*,#1998,.T.);
#2618=ORIENTED_EDGE('',*,*,#1999,.T.);
#2619=ORIENTED_EDGE('',*,*,#1998,.F.);
#2620=ORIENTED_EDGE('',*,*,#1999,.F.);
#2621=ORIENTED_EDGE('',*,*,#1808,.F.);
#2622=ORIENTED_EDGE('',*,*,#2000,.T.);
#2623=ORIENTED_EDGE('',*,*,#2001,.T.);
#2624=ORIENTED_EDGE('',*,*,#2000,.F.);
#2625=ORIENTED_EDGE('',*,*,#2001,.F.);
#2626=ORIENTED_EDGE('',*,*,#1807,.F.);
#2627=ORIENTED_EDGE('',*,*,#2002,.T.);
#2628=ORIENTED_EDGE('',*,*,#2003,.T.);
#2629=ORIENTED_EDGE('',*,*,#2002,.F.);
#2630=ORIENTED_EDGE('',*,*,#2003,.F.);
#2631=ORIENTED_EDGE('',*,*,#1806,.F.);
#2632=ORIENTED_EDGE('',*,*,#2004,.T.);
#2633=ORIENTED_EDGE('',*,*,#2005,.T.);
#2634=ORIENTED_EDGE('',*,*,#2004,.F.);
#2635=ORIENTED_EDGE('',*,*,#2005,.F.);
#2636=ORIENTED_EDGE('',*,*,#1805,.F.);
#2637=ORIENTED_EDGE('',*,*,#2006,.T.);
#2638=ORIENTED_EDGE('',*,*,#2007,.T.);
#2639=ORIENTED_EDGE('',*,*,#2006,.F.);
#2640=ORIENTED_EDGE('',*,*,#2007,.F.);
#2641=ORIENTED_EDGE('',*,*,#1804,.F.);
#2642=ORIENTED_EDGE('',*,*,#2008,.T.);
#2643=ORIENTED_EDGE('',*,*,#2009,.T.);
#2644=ORIENTED_EDGE('',*,*,#2008,.F.);
#2645=ORIENTED_EDGE('',*,*,#2009,.F.);
#2646=ORIENTED_EDGE('',*,*,#1803,.F.);
#2647=ORIENTED_EDGE('',*,*,#2010,.T.);
#2648=ORIENTED_EDGE('',*,*,#2011,.T.);
#2649=ORIENTED_EDGE('',*,*,#2010,.F.);
#2650=ORIENTED_EDGE('',*,*,#2011,.F.);
#2651=ORIENTED_EDGE('',*,*,#1802,.F.);
#2652=ORIENTED_EDGE('',*,*,#2012,.T.);
#2653=ORIENTED_EDGE('',*,*,#2013,.T.);
#2654=ORIENTED_EDGE('',*,*,#2012,.F.);
#2655=ORIENTED_EDGE('',*,*,#2013,.F.);
#2656=ORIENTED_EDGE('',*,*,#1801,.F.);
#2657=ORIENTED_EDGE('',*,*,#2014,.T.);
#2658=ORIENTED_EDGE('',*,*,#2015,.T.);
#2659=ORIENTED_EDGE('',*,*,#2014,.F.);
#2660=ORIENTED_EDGE('',*,*,#2015,.F.);
#2661=ORIENTED_EDGE('',*,*,#1800,.F.);
#2662=ORIENTED_EDGE('',*,*,#2016,.T.);
#2663=ORIENTED_EDGE('',*,*,#2017,.T.);
#2664=ORIENTED_EDGE('',*,*,#2016,.F.);
#2665=ORIENTED_EDGE('',*,*,#2017,.F.);
#2666=ORIENTED_EDGE('',*,*,#1799,.F.);
#2667=ORIENTED_EDGE('',*,*,#2018,.T.);
#2668=ORIENTED_EDGE('',*,*,#2019,.T.);
#2669=ORIENTED_EDGE('',*,*,#2018,.F.);
#2670=ORIENTED_EDGE('',*,*,#2019,.F.);
#2671=ORIENTED_EDGE('',*,*,#1798,.F.);
#2672=ORIENTED_EDGE('',*,*,#2020,.T.);
#2673=ORIENTED_EDGE('',*,*,#2021,.T.);
#2674=ORIENTED_EDGE('',*,*,#2020,.F.);
#2675=ORIENTED_EDGE('',*,*,#2021,.F.);
#2676=ORIENTED_EDGE('',*,*,#1797,.F.);
#2677=ORIENTED_EDGE('',*,*,#2022,.T.);
#2678=ORIENTED_EDGE('',*,*,#2023,.T.);
#2679=ORIENTED_EDGE('',*,*,#2022,.F.);
#2680=ORIENTED_EDGE('',*,*,#2023,.F.);
#2681=ORIENTED_EDGE('',*,*,#1796,.F.);
#2682=ORIENTED_EDGE('',*,*,#2024,.T.);
#2683=ORIENTED_EDGE('',*,*,#2025,.T.);
#2684=ORIENTED_EDGE('',*,*,#2024,.F.);
#2685=ORIENTED_EDGE('',*,*,#2025,.F.);
#2686=ORIENTED_EDGE('',*,*,#1795,.F.);
#2687=ORIENTED_EDGE('',*,*,#2026,.T.);
#2688=ORIENTED_EDGE('',*,*,#2027,.T.);
#2689=ORIENTED_EDGE('',*,*,#2026,.F.);
#2690=ORIENTED_EDGE('',*,*,#2027,.F.);
#2691=ORIENTED_EDGE('',*,*,#1794,.F.);
#2692=ORIENTED_EDGE('',*,*,#2028,.T.);
#2693=ORIENTED_EDGE('',*,*,#2029,.T.);
#2694=ORIENTED_EDGE('',*,*,#2028,.F.);
#2695=ORIENTED_EDGE('',*,*,#2029,.F.);
#2696=ORIENTED_EDGE('',*,*,#1793,.F.);
#2697=ORIENTED_EDGE('',*,*,#2030,.T.);
#2698=ORIENTED_EDGE('',*,*,#2031,.T.);
#2699=ORIENTED_EDGE('',*,*,#2030,.F.);
#2700=ORIENTED_EDGE('',*,*,#2031,.F.);
#2701=ORIENTED_EDGE('',*,*,#1792,.F.);
#2702=ORIENTED_EDGE('',*,*,#2032,.T.);
#2703=ORIENTED_EDGE('',*,*,#2033,.T.);
#2704=ORIENTED_EDGE('',*,*,#2032,.F.);
#2705=ORIENTED_EDGE('',*,*,#2033,.F.);
#2706=ORIENTED_EDGE('',*,*,#1791,.F.);
#2707=ORIENTED_EDGE('',*,*,#2034,.T.);
#2708=ORIENTED_EDGE('',*,*,#2035,.T.);
#2709=ORIENTED_EDGE('',*,*,#2034,.F.);
#2710=ORIENTED_EDGE('',*,*,#2035,.F.);
#2711=ORIENTED_EDGE('',*,*,#1790,.F.);
#2712=ORIENTED_EDGE('',*,*,#2036,.T.);
#2713=ORIENTED_EDGE('',*,*,#2037,.T.);
#2714=ORIENTED_EDGE('',*,*,#2036,.F.);
#2715=ORIENTED_EDGE('',*,*,#2037,.F.);
#2716=ORIENTED_EDGE('',*,*,#1789,.F.);
#2717=ORIENTED_EDGE('',*,*,#2038,.T.);
#2718=ORIENTED_EDGE('',*,*,#2039,.T.);
#2719=ORIENTED_EDGE('',*,*,#2038,.F.);
#2720=ORIENTED_EDGE('',*,*,#2039,.F.);
#2721=ORIENTED_EDGE('',*,*,#1788,.F.);
#2722=ORIENTED_EDGE('',*,*,#2040,.T.);
#2723=ORIENTED_EDGE('',*,*,#2041,.T.);
#2724=ORIENTED_EDGE('',*,*,#2040,.F.);
#2725=ORIENTED_EDGE('',*,*,#2041,.F.);
#2726=ORIENTED_EDGE('',*,*,#1787,.F.);
#2727=ORIENTED_EDGE('',*,*,#2042,.T.);
#2728=ORIENTED_EDGE('',*,*,#2043,.T.);
#2729=ORIENTED_EDGE('',*,*,#2042,.F.);
#2730=ORIENTED_EDGE('',*,*,#2043,.F.);
#2731=ORIENTED_EDGE('',*,*,#1786,.F.);
#2732=ORIENTED_EDGE('',*,*,#2044,.T.);
#2733=ORIENTED_EDGE('',*,*,#2045,.T.);
#2734=ORIENTED_EDGE('',*,*,#2044,.F.);
#2735=ORIENTED_EDGE('',*,*,#2045,.F.);
#2736=ORIENTED_EDGE('',*,*,#1785,.F.);
#2737=ORIENTED_EDGE('',*,*,#2046,.T.);
#2738=ORIENTED_EDGE('',*,*,#2047,.T.);
#2739=ORIENTED_EDGE('',*,*,#2046,.F.);
#2740=ORIENTED_EDGE('',*,*,#2047,.F.);
#2741=ORIENTED_EDGE('',*,*,#1784,.F.);
#2742=ORIENTED_EDGE('',*,*,#2048,.T.);
#2743=ORIENTED_EDGE('',*,*,#2049,.T.);
#2744=ORIENTED_EDGE('',*,*,#2048,.F.);
#2745=ORIENTED_EDGE('',*,*,#2049,.F.);
#2746=ORIENTED_EDGE('',*,*,#1783,.F.);
#2747=ORIENTED_EDGE('',*,*,#2050,.T.);
#2748=ORIENTED_EDGE('',*,*,#2051,.T.);
#2749=ORIENTED_EDGE('',*,*,#2050,.F.);
#2750=ORIENTED_EDGE('',*,*,#2051,.F.);
#2751=ORIENTED_EDGE('',*,*,#1782,.F.);
#2752=ORIENTED_EDGE('',*,*,#2052,.T.);
#2753=ORIENTED_EDGE('',*,*,#2053,.T.);
#2754=ORIENTED_EDGE('',*,*,#2052,.F.);
#2755=ORIENTED_EDGE('',*,*,#2053,.F.);
#2756=ORIENTED_EDGE('',*,*,#1781,.F.);
#2757=ORIENTED_EDGE('',*,*,#2054,.T.);
#2758=ORIENTED_EDGE('',*,*,#2055,.T.);
#2759=ORIENTED_EDGE('',*,*,#2054,.F.);
#2760=ORIENTED_EDGE('',*,*,#2055,.F.);
#2761=ORIENTED_EDGE('',*,*,#1780,.F.);
#2762=ORIENTED_EDGE('',*,*,#2056,.T.);
#2763=ORIENTED_EDGE('',*,*,#2057,.T.);
#2764=ORIENTED_EDGE('',*,*,#2056,.F.);
#2765=ORIENTED_EDGE('',*,*,#2057,.F.);
#2766=ORIENTED_EDGE('',*,*,#1779,.F.);
#2767=ORIENTED_EDGE('',*,*,#2058,.T.);
#2768=ORIENTED_EDGE('',*,*,#2059,.T.);
#2769=ORIENTED_EDGE('',*,*,#2058,.F.);
#2770=ORIENTED_EDGE('',*,*,#2059,.F.);
#2771=ORIENTED_EDGE('',*,*,#1778,.F.);
#2772=ORIENTED_EDGE('',*,*,#2060,.T.);
#2773=ORIENTED_EDGE('',*,*,#2061,.T.);
#2774=ORIENTED_EDGE('',*,*,#2060,.F.);
#2775=ORIENTED_EDGE('',*,*,#2061,.F.);
#2776=ORIENTED_EDGE('',*,*,#1777,.F.);
#2777=ORIENTED_EDGE('',*,*,#2062,.T.);
#2778=ORIENTED_EDGE('',*,*,#2063,.T.);
#2779=ORIENTED_EDGE('',*,*,#2062,.F.);
#2780=ORIENTED_EDGE('',*,*,#2063,.F.);
#2781=ORIENTED_EDGE('',*,*,#1776,.F.);
#2782=ORIENTED_EDGE('',*,*,#2064,.T.);
#2783=ORIENTED_EDGE('',*,*,#2065,.T.);
#2784=ORIENTED_EDGE('',*,*,#2064,.F.);
#2785=ORIENTED_EDGE('',*,*,#2065,.F.);
#2786=ORIENTED_EDGE('',*,*,#1775,.F.);
#2787=ORIENTED_EDGE('',*,*,#2066,.T.);
#2788=ORIENTED_EDGE('',*,*,#2067,.T.);
#2789=ORIENTED_EDGE('',*,*,#2066,.F.);
#2790=ORIENTED_EDGE('',*,*,#2067,.F.);
#2791=ORIENTED_EDGE('',*,*,#1774,.F.);
#2792=ORIENTED_EDGE('',*,*,#2068,.T.);
#2793=ORIENTED_EDGE('',*,*,#2069,.T.);
#2794=ORIENTED_EDGE('',*,*,#2068,.F.);
#2795=ORIENTED_EDGE('',*,*,#2069,.F.);
#2796=ORIENTED_EDGE('',*,*,#1773,.F.);
#2797=ORIENTED_EDGE('',*,*,#2070,.T.);
#2798=ORIENTED_EDGE('',*,*,#2071,.T.);
#2799=ORIENTED_EDGE('',*,*,#2070,.F.);
#2800=ORIENTED_EDGE('',*,*,#2071,.F.);
#2801=ORIENTED_EDGE('',*,*,#1772,.F.);
#2802=ORIENTED_EDGE('',*,*,#2072,.T.);
#2803=ORIENTED_EDGE('',*,*,#2073,.T.);
#2804=ORIENTED_EDGE('',*,*,#2072,.F.);
#2805=ORIENTED_EDGE('',*,*,#2073,.F.);
#2806=ORIENTED_EDGE('',*,*,#1771,.F.);
#2807=ORIENTED_EDGE('',*,*,#2074,.T.);
#2808=ORIENTED_EDGE('',*,*,#2075,.T.);
#2809=ORIENTED_EDGE('',*,*,#2074,.F.);
#2810=ORIENTED_EDGE('',*,*,#2075,.F.);
#2811=ORIENTED_EDGE('',*,*,#1770,.F.);
#2812=ORIENTED_EDGE('',*,*,#2076,.T.);
#2813=ORIENTED_EDGE('',*,*,#2077,.T.);
#2814=ORIENTED_EDGE('',*,*,#2076,.F.);
#2815=ORIENTED_EDGE('',*,*,#2077,.F.);
#2816=ORIENTED_EDGE('',*,*,#1769,.F.);
#2817=ORIENTED_EDGE('',*,*,#2078,.T.);
#2818=ORIENTED_EDGE('',*,*,#2079,.T.);
#2819=ORIENTED_EDGE('',*,*,#2078,.F.);
#2820=ORIENTED_EDGE('',*,*,#2079,.F.);
#2821=ORIENTED_EDGE('',*,*,#1768,.F.);
#2822=ORIENTED_EDGE('',*,*,#2080,.T.);
#2823=ORIENTED_EDGE('',*,*,#2081,.T.);
#2824=ORIENTED_EDGE('',*,*,#2080,.F.);
#2825=ORIENTED_EDGE('',*,*,#2081,.F.);
#2826=ORIENTED_EDGE('',*,*,#1767,.F.);
#2827=ORIENTED_EDGE('',*,*,#2082,.T.);
#2828=ORIENTED_EDGE('',*,*,#2083,.T.);
#2829=ORIENTED_EDGE('',*,*,#2082,.F.);
#2830=ORIENTED_EDGE('',*,*,#2083,.F.);
#2831=ORIENTED_EDGE('',*,*,#1766,.F.);
#2832=ORIENTED_EDGE('',*,*,#2084,.T.);
#2833=ORIENTED_EDGE('',*,*,#2085,.T.);
#2834=ORIENTED_EDGE('',*,*,#2084,.F.);
#2835=ORIENTED_EDGE('',*,*,#2085,.F.);
#2836=ORIENTED_EDGE('',*,*,#1765,.F.);
#2837=ORIENTED_EDGE('',*,*,#2086,.T.);
#2838=ORIENTED_EDGE('',*,*,#2087,.T.);
#2839=ORIENTED_EDGE('',*,*,#2086,.F.);
#2840=ORIENTED_EDGE('',*,*,#2087,.F.);
#2841=ORIENTED_EDGE('',*,*,#1764,.F.);
#2842=ORIENTED_EDGE('',*,*,#2088,.T.);
#2843=ORIENTED_EDGE('',*,*,#2089,.T.);
#2844=ORIENTED_EDGE('',*,*,#2088,.F.);
#2845=ORIENTED_EDGE('',*,*,#2089,.F.);
#2846=ORIENTED_EDGE('',*,*,#1763,.F.);
#2847=ORIENTED_EDGE('',*,*,#2090,.T.);
#2848=ORIENTED_EDGE('',*,*,#2091,.T.);
#2849=ORIENTED_EDGE('',*,*,#2090,.F.);
#2850=ORIENTED_EDGE('',*,*,#2091,.F.);
#2851=ORIENTED_EDGE('',*,*,#1762,.F.);
#2852=ORIENTED_EDGE('',*,*,#2092,.T.);
#2853=ORIENTED_EDGE('',*,*,#1725,.T.);
#2854=ORIENTED_EDGE('',*,*,#2092,.F.);
#2855=ORIENTED_EDGE('',*,*,#1761,.F.);
#2856=ORIENTED_EDGE('',*,*,#2093,.T.);
#2857=ORIENTED_EDGE('',*,*,#2094,.T.);
#2858=ORIENTED_EDGE('',*,*,#2093,.F.);
#2859=ORIENTED_EDGE('',*,*,#2094,.F.);
#2860=ORIENTED_EDGE('',*,*,#1760,.F.);
#2861=ORIENTED_EDGE('',*,*,#2095,.T.);
#2862=ORIENTED_EDGE('',*,*,#2096,.T.);
#2863=ORIENTED_EDGE('',*,*,#2095,.F.);
#2864=ORIENTED_EDGE('',*,*,#2096,.F.);
#2865=ORIENTED_EDGE('',*,*,#1759,.F.);
#2866=ORIENTED_EDGE('',*,*,#2097,.T.);
#2867=ORIENTED_EDGE('',*,*,#2098,.T.);
#2868=ORIENTED_EDGE('',*,*,#2097,.F.);
#2869=ORIENTED_EDGE('',*,*,#2098,.F.);
#2870=ORIENTED_EDGE('',*,*,#1758,.F.);
#2871=ORIENTED_EDGE('',*,*,#2099,.T.);
#2872=ORIENTED_EDGE('',*,*,#2100,.T.);
#2873=ORIENTED_EDGE('',*,*,#2099,.F.);
#2874=ORIENTED_EDGE('',*,*,#2100,.F.);
#2875=ORIENTED_EDGE('',*,*,#1757,.F.);
#2876=ORIENTED_EDGE('',*,*,#2101,.T.);
#2877=ORIENTED_EDGE('',*,*,#2102,.T.);
#2878=ORIENTED_EDGE('',*,*,#2101,.F.);
#2879=ORIENTED_EDGE('',*,*,#2102,.F.);
#2880=ORIENTED_EDGE('',*,*,#1750,.F.);
#2881=ORIENTED_EDGE('',*,*,#2103,.T.);
#2882=ORIENTED_EDGE('',*,*,#2104,.T.);
#2883=ORIENTED_EDGE('',*,*,#1885,.T.);
#2884=ORIENTED_EDGE('',*,*,#1747,.F.);
#2885=ORIENTED_EDGE('',*,*,#2105,.F.);
#2886=ORIENTED_EDGE('',*,*,#2106,.T.);
#2887=ORIENTED_EDGE('',*,*,#2103,.F.);
#2888=ORIENTED_EDGE('',*,*,#1744,.F.);
#2889=ORIENTED_EDGE('',*,*,#2107,.T.);
#2890=ORIENTED_EDGE('',*,*,#2108,.T.);
#2891=ORIENTED_EDGE('',*,*,#2105,.T.);
#2892=ORIENTED_EDGE('',*,*,#1741,.F.);
#2893=ORIENTED_EDGE('',*,*,#2109,.F.);
#2894=ORIENTED_EDGE('',*,*,#2110,.T.);
#2895=ORIENTED_EDGE('',*,*,#2107,.F.);
#2896=ORIENTED_EDGE('',*,*,#1732,.F.);
#2897=ORIENTED_EDGE('',*,*,#1887,.T.);
#2898=ORIENTED_EDGE('',*,*,#2111,.T.);
#2899=ORIENTED_EDGE('',*,*,#2112,.T.);
#2900=ORIENTED_EDGE('',*,*,#1738,.F.);
#2901=ORIENTED_EDGE('',*,*,#2113,.T.);
#2902=ORIENTED_EDGE('',*,*,#2114,.T.);
#2903=ORIENTED_EDGE('',*,*,#2109,.T.);
#2904=ORIENTED_EDGE('',*,*,#1735,.F.);
#2905=ORIENTED_EDGE('',*,*,#2112,.F.);
#2906=ORIENTED_EDGE('',*,*,#2115,.T.);
#2907=ORIENTED_EDGE('',*,*,#2113,.F.);
#2908=ORIENTED_EDGE('',*,*,#2104,.F.);
#2909=ORIENTED_EDGE('',*,*,#2106,.F.);
#2910=ORIENTED_EDGE('',*,*,#2108,.F.);
#2911=ORIENTED_EDGE('',*,*,#2110,.F.);
#2912=ORIENTED_EDGE('',*,*,#2114,.F.);
#2913=ORIENTED_EDGE('',*,*,#2115,.F.);
#2914=ORIENTED_EDGE('',*,*,#2111,.F.);
#2915=ORIENTED_EDGE('',*,*,#1886,.F.);
#2916=ORIENTED_EDGE('',*,*,#1713,.T.);
#2917=ORIENTED_EDGE('',*,*,#1723,.T.);
#2918=ORIENTED_EDGE('',*,*,#1720,.T.);
#2919=ORIENTED_EDGE('',*,*,#1717,.T.);
#2920=ORIENTED_EDGE('',*,*,#1874,.T.);
#2921=ORIENTED_EDGE('',*,*,#1877,.T.);
#2922=PLANE('',#3318);
#2923=PLANE('',#3319);
#2924=PLANE('',#3320);
#2925=PLANE('',#3321);
#2926=PLANE('',#3322);
#2927=PLANE('',#3351);
#2928=PLANE('',#3460);
#2929=PLANE('',#3470);
#2930=PLANE('',#3474);
#2931=PLANE('',#3475);
#2932=PLANE('',#3476);
#2933=PLANE('',#3477);
#2934=PLANE('',#3478);
#2935=PLANE('',#3481);
#2936=PLANE('',#3484);
#2937=PLANE('',#3487);
#2938=PLANE('',#3490);
#2939=PLANE('',#3493);
#2940=PLANE('',#3496);
#2941=PLANE('',#3499);
#2942=PLANE('',#3502);
#2943=PLANE('',#3505);
#2944=PLANE('',#3508);
#2945=PLANE('',#3511);
#2946=PLANE('',#3514);
#2947=PLANE('',#3517);
#2948=PLANE('',#3520);
#2949=PLANE('',#3523);
#2950=PLANE('',#3526);
#2951=PLANE('',#3529);
#2952=PLANE('',#3532);
#2953=PLANE('',#3535);
#2954=PLANE('',#3538);
#2955=PLANE('',#3541);
#2956=PLANE('',#3544);
#2957=PLANE('',#3547);
#2958=PLANE('',#3550);
#2959=PLANE('',#3553);
#2960=PLANE('',#3556);
#2961=PLANE('',#3559);
#2962=PLANE('',#3562);
#2963=PLANE('',#3565);
#2964=PLANE('',#3568);
#2965=PLANE('',#3571);
#2966=PLANE('',#3574);
#2967=PLANE('',#3577);
#2968=PLANE('',#3580);
#2969=PLANE('',#3583);
#2970=PLANE('',#3586);
#2971=PLANE('',#3589);
#2972=PLANE('',#3592);
#2973=PLANE('',#3595);
#2974=PLANE('',#3598);
#2975=PLANE('',#3601);
#2976=PLANE('',#3604);
#2977=PLANE('',#3607);
#2978=PLANE('',#3610);
#2979=PLANE('',#3613);
#2980=PLANE('',#3616);
#2981=PLANE('',#3619);
#2982=PLANE('',#3622);
#2983=PLANE('',#3625);
#2984=PLANE('',#3628);
#2985=PLANE('',#3631);
#2986=PLANE('',#3634);
#2987=PLANE('',#3637);
#2988=PLANE('',#3640);
#2989=PLANE('',#3643);
#2990=PLANE('',#3646);
#2991=PLANE('',#3649);
#2992=PLANE('',#3652);
#2993=PLANE('',#3655);
#2994=PLANE('',#3658);
#2995=PLANE('',#3661);
#2996=PLANE('',#3664);
#2997=PLANE('',#3667);
#2998=PLANE('',#3670);
#2999=PLANE('',#3673);
#3000=PLANE('',#3676);
#3001=PLANE('',#3679);
#3002=PLANE('',#3682);
#3003=PLANE('',#3685);
#3004=PLANE('',#3688);
#3005=PLANE('',#3691);
#3006=PLANE('',#3694);
#3007=PLANE('',#3697);
#3008=PLANE('',#3700);
#3009=PLANE('',#3703);
#3010=PLANE('',#3706);
#3011=PLANE('',#3709);
#3012=PLANE('',#3712);
#3013=PLANE('',#3715);
#3014=PLANE('',#3718);
#3015=PLANE('',#3721);
#3016=PLANE('',#3724);
#3017=PLANE('',#3727);
#3018=PLANE('',#3730);
#3019=PLANE('',#3733);
#3020=PLANE('',#3736);
#3021=PLANE('',#3739);
#3022=PLANE('',#3742);
#3023=PLANE('',#3745);
#3024=PLANE('',#3748);
#3025=PLANE('',#3751);
#3026=PLANE('',#3754);
#3027=PLANE('',#3757);
#3028=PLANE('',#3760);
#3029=PLANE('',#3763);
#3030=PLANE('',#3766);
#3031=PLANE('',#3769);
#3032=PLANE('',#3772);
#3033=PLANE('',#3775);
#3034=PLANE('',#3778);
#3035=PLANE('',#3781);
#3036=PLANE('',#3784);
#3037=PLANE('',#3788);
#3038=PLANE('',#3791);
#3039=PLANE('',#3794);
#3040=PLANE('',#3797);
#3041=PLANE('',#3800);
#3042=PLANE('',#3803);
#3043=PLANE('',#3806);
#3044=PLANE('',#3811);
#3045=PLANE('',#3812);
#3046=ADVANCED_FACE('',(#519),#2922,.F.);
#3047=ADVANCED_FACE('',(#520),#2923,.F.);
#3048=ADVANCED_FACE('',(#521),#2924,.F.);
#3049=ADVANCED_FACE('',(#522),#2925,.F.);
#3050=ADVANCED_FACE('',(#523,#153),#2926,.F.);
#3051=ADVANCED_FACE('',(#524),#32,.T.);
#3052=ADVANCED_FACE('',(#525),#28,.T.);
#3053=ADVANCED_FACE('',(#526),#33,.T.);
#3054=ADVANCED_FACE('',(#527),#29,.T.);
#3055=ADVANCED_FACE('',(#528),#34,.T.);
#3056=ADVANCED_FACE('',(#529),#30,.T.);
#3057=ADVANCED_FACE('',(#530),#35,.T.);
#3058=ADVANCED_FACE('',(#531),#31,.T.);
#3059=ADVANCED_FACE('',(#532),#36,.T.);
#3060=ADVANCED_FACE('',(#533,#154,#155,#156,#157,#158,#159,#160,#161,#162,
#163,#164,#165,#166,#167,#168,#169,#170,#171,#172,#173,#174,#175,#176,#177,
#178,#179,#180,#181,#182,#183,#184,#185,#186,#187,#188,#189,#190,#191,#192,
#193,#194,#195,#196,#197,#198,#199,#200,#201,#202,#203,#204,#205,#206,#207,
#208,#209,#210,#211,#212,#213,#214,#215,#216,#217,#218,#219,#220,#221,#222,
#223,#224,#225,#226,#227,#228,#229,#230,#231,#232,#233,#234,#235,#236,#237,
#238,#239,#240,#241,#242,#243,#244,#245,#246,#247,#248,#249,#250,#251,#252,
#253,#254,#255,#256,#257,#258,#259,#260,#261),#2927,.T.);
#3061=ADVANCED_FACE('',(#534),#2928,.F.);
#3062=ADVANCED_FACE('',(#535),#37,.F.);
#3063=ADVANCED_FACE('',(#536),#38,.F.);
#3064=ADVANCED_FACE('',(#537),#39,.F.);
#3065=ADVANCED_FACE('',(#538,#262),#2929,.T.);
#3066=ADVANCED_FACE('',(#539),#40,.F.);
#3067=ADVANCED_FACE('',(#540,#263),#2930,.T.);
#3068=ADVANCED_FACE('',(#541),#2931,.F.);
#3069=ADVANCED_FACE('',(#542),#2932,.F.);
#3070=ADVANCED_FACE('',(#543,#264,#265),#2933,.F.);
#3071=ADVANCED_FACE('',(#544),#2934,.T.);
#3072=ADVANCED_FACE('',(#545),#41,.F.);
#3073=ADVANCED_FACE('',(#546),#2935,.T.);
#3074=ADVANCED_FACE('',(#547),#42,.F.);
#3075=ADVANCED_FACE('',(#548),#2936,.T.);
#3076=ADVANCED_FACE('',(#549),#43,.F.);
#3077=ADVANCED_FACE('',(#550),#2937,.T.);
#3078=ADVANCED_FACE('',(#551),#44,.F.);
#3079=ADVANCED_FACE('',(#552),#2938,.T.);
#3080=ADVANCED_FACE('',(#553),#45,.F.);
#3081=ADVANCED_FACE('',(#554),#2939,.T.);
#3082=ADVANCED_FACE('',(#555),#46,.F.);
#3083=ADVANCED_FACE('',(#556),#2940,.T.);
#3084=ADVANCED_FACE('',(#557),#47,.F.);
#3085=ADVANCED_FACE('',(#558),#2941,.T.);
#3086=ADVANCED_FACE('',(#559),#48,.F.);
#3087=ADVANCED_FACE('',(#560),#2942,.T.);
#3088=ADVANCED_FACE('',(#561),#49,.F.);
#3089=ADVANCED_FACE('',(#562),#2943,.T.);
#3090=ADVANCED_FACE('',(#563),#50,.F.);
#3091=ADVANCED_FACE('',(#564),#2944,.T.);
#3092=ADVANCED_FACE('',(#565),#51,.F.);
#3093=ADVANCED_FACE('',(#566),#2945,.T.);
#3094=ADVANCED_FACE('',(#567),#52,.F.);
#3095=ADVANCED_FACE('',(#568),#2946,.T.);
#3096=ADVANCED_FACE('',(#569),#53,.F.);
#3097=ADVANCED_FACE('',(#570),#2947,.T.);
#3098=ADVANCED_FACE('',(#571),#54,.F.);
#3099=ADVANCED_FACE('',(#572),#2948,.T.);
#3100=ADVANCED_FACE('',(#573),#55,.F.);
#3101=ADVANCED_FACE('',(#574),#2949,.T.);
#3102=ADVANCED_FACE('',(#575),#56,.F.);
#3103=ADVANCED_FACE('',(#576),#2950,.T.);
#3104=ADVANCED_FACE('',(#577),#57,.F.);
#3105=ADVANCED_FACE('',(#578),#2951,.T.);
#3106=ADVANCED_FACE('',(#579),#58,.F.);
#3107=ADVANCED_FACE('',(#580),#2952,.T.);
#3108=ADVANCED_FACE('',(#581),#59,.F.);
#3109=ADVANCED_FACE('',(#582),#2953,.T.);
#3110=ADVANCED_FACE('',(#583),#60,.F.);
#3111=ADVANCED_FACE('',(#584),#2954,.T.);
#3112=ADVANCED_FACE('',(#585),#61,.F.);
#3113=ADVANCED_FACE('',(#586),#2955,.T.);
#3114=ADVANCED_FACE('',(#587),#62,.F.);
#3115=ADVANCED_FACE('',(#588),#2956,.T.);
#3116=ADVANCED_FACE('',(#589),#63,.F.);
#3117=ADVANCED_FACE('',(#590),#2957,.T.);
#3118=ADVANCED_FACE('',(#591),#64,.F.);
#3119=ADVANCED_FACE('',(#592),#2958,.T.);
#3120=ADVANCED_FACE('',(#593),#65,.F.);
#3121=ADVANCED_FACE('',(#594),#2959,.T.);
#3122=ADVANCED_FACE('',(#595),#66,.F.);
#3123=ADVANCED_FACE('',(#596),#2960,.T.);
#3124=ADVANCED_FACE('',(#597),#67,.F.);
#3125=ADVANCED_FACE('',(#598),#2961,.T.);
#3126=ADVANCED_FACE('',(#599),#68,.F.);
#3127=ADVANCED_FACE('',(#600),#2962,.T.);
#3128=ADVANCED_FACE('',(#601),#69,.F.);
#3129=ADVANCED_FACE('',(#602),#2963,.T.);
#3130=ADVANCED_FACE('',(#603),#70,.F.);
#3131=ADVANCED_FACE('',(#604),#2964,.T.);
#3132=ADVANCED_FACE('',(#605),#71,.F.);
#3133=ADVANCED_FACE('',(#606),#2965,.T.);
#3134=ADVANCED_FACE('',(#607),#72,.F.);
#3135=ADVANCED_FACE('',(#608),#2966,.T.);
#3136=ADVANCED_FACE('',(#609),#73,.F.);
#3137=ADVANCED_FACE('',(#610),#2967,.T.);
#3138=ADVANCED_FACE('',(#611),#74,.F.);
#3139=ADVANCED_FACE('',(#612),#2968,.T.);
#3140=ADVANCED_FACE('',(#613),#75,.F.);
#3141=ADVANCED_FACE('',(#614),#2969,.T.);
#3142=ADVANCED_FACE('',(#615),#76,.F.);
#3143=ADVANCED_FACE('',(#616),#2970,.T.);
#3144=ADVANCED_FACE('',(#617),#77,.F.);
#3145=ADVANCED_FACE('',(#618),#2971,.T.);
#3146=ADVANCED_FACE('',(#619),#78,.F.);
#3147=ADVANCED_FACE('',(#620),#2972,.T.);
#3148=ADVANCED_FACE('',(#621),#79,.F.);
#3149=ADVANCED_FACE('',(#622),#2973,.T.);
#3150=ADVANCED_FACE('',(#623),#80,.F.);
#3151=ADVANCED_FACE('',(#624),#2974,.T.);
#3152=ADVANCED_FACE('',(#625),#81,.F.);
#3153=ADVANCED_FACE('',(#626),#2975,.T.);
#3154=ADVANCED_FACE('',(#627),#82,.F.);
#3155=ADVANCED_FACE('',(#628),#2976,.T.);
#3156=ADVANCED_FACE('',(#629),#83,.F.);
#3157=ADVANCED_FACE('',(#630),#2977,.T.);
#3158=ADVANCED_FACE('',(#631),#84,.F.);
#3159=ADVANCED_FACE('',(#632),#2978,.T.);
#3160=ADVANCED_FACE('',(#633),#85,.F.);
#3161=ADVANCED_FACE('',(#634),#2979,.T.);
#3162=ADVANCED_FACE('',(#635),#86,.F.);
#3163=ADVANCED_FACE('',(#636),#2980,.T.);
#3164=ADVANCED_FACE('',(#637),#87,.F.);
#3165=ADVANCED_FACE('',(#638),#2981,.T.);
#3166=ADVANCED_FACE('',(#639),#88,.F.);
#3167=ADVANCED_FACE('',(#640),#2982,.T.);
#3168=ADVANCED_FACE('',(#641),#89,.F.);
#3169=ADVANCED_FACE('',(#642),#2983,.T.);
#3170=ADVANCED_FACE('',(#643),#90,.F.);
#3171=ADVANCED_FACE('',(#644),#2984,.T.);
#3172=ADVANCED_FACE('',(#645),#91,.F.);
#3173=ADVANCED_FACE('',(#646),#2985,.T.);
#3174=ADVANCED_FACE('',(#647),#92,.F.);
#3175=ADVANCED_FACE('',(#648),#2986,.T.);
#3176=ADVANCED_FACE('',(#649),#93,.F.);
#3177=ADVANCED_FACE('',(#650),#2987,.T.);
#3178=ADVANCED_FACE('',(#651),#94,.F.);
#3179=ADVANCED_FACE('',(#652),#2988,.T.);
#3180=ADVANCED_FACE('',(#653),#95,.F.);
#3181=ADVANCED_FACE('',(#654),#2989,.T.);
#3182=ADVANCED_FACE('',(#655),#96,.F.);
#3183=ADVANCED_FACE('',(#656),#2990,.T.);
#3184=ADVANCED_FACE('',(#657),#97,.F.);
#3185=ADVANCED_FACE('',(#658),#2991,.T.);
#3186=ADVANCED_FACE('',(#659),#98,.F.);
#3187=ADVANCED_FACE('',(#660),#2992,.T.);
#3188=ADVANCED_FACE('',(#661),#99,.F.);
#3189=ADVANCED_FACE('',(#662),#2993,.T.);
#3190=ADVANCED_FACE('',(#663),#100,.F.);
#3191=ADVANCED_FACE('',(#664),#2994,.T.);
#3192=ADVANCED_FACE('',(#665),#101,.F.);
#3193=ADVANCED_FACE('',(#666),#2995,.T.);
#3194=ADVANCED_FACE('',(#667),#102,.F.);
#3195=ADVANCED_FACE('',(#668),#2996,.T.);
#3196=ADVANCED_FACE('',(#669),#103,.F.);
#3197=ADVANCED_FACE('',(#670),#2997,.T.);
#3198=ADVANCED_FACE('',(#671),#104,.F.);
#3199=ADVANCED_FACE('',(#672),#2998,.T.);
#3200=ADVANCED_FACE('',(#673),#105,.F.);
#3201=ADVANCED_FACE('',(#674),#2999,.T.);
#3202=ADVANCED_FACE('',(#675),#106,.F.);
#3203=ADVANCED_FACE('',(#676),#3000,.T.);
#3204=ADVANCED_FACE('',(#677),#107,.F.);
#3205=ADVANCED_FACE('',(#678),#3001,.T.);
#3206=ADVANCED_FACE('',(#679),#108,.F.);
#3207=ADVANCED_FACE('',(#680),#3002,.T.);
#3208=ADVANCED_FACE('',(#681),#109,.F.);
#3209=ADVANCED_FACE('',(#682),#3003,.T.);
#3210=ADVANCED_FACE('',(#683),#110,.F.);
#3211=ADVANCED_FACE('',(#684),#3004,.T.);
#3212=ADVANCED_FACE('',(#685),#111,.F.);
#3213=ADVANCED_FACE('',(#686),#3005,.T.);
#3214=ADVANCED_FACE('',(#687),#112,.F.);
#3215=ADVANCED_FACE('',(#688),#3006,.T.);
#3216=ADVANCED_FACE('',(#689),#113,.F.);
#3217=ADVANCED_FACE('',(#690),#3007,.T.);
#3218=ADVANCED_FACE('',(#691),#114,.F.);
#3219=ADVANCED_FACE('',(#692),#3008,.T.);
#3220=ADVANCED_FACE('',(#693),#115,.F.);
#3221=ADVANCED_FACE('',(#694),#3009,.T.);
#3222=ADVANCED_FACE('',(#695),#116,.F.);
#3223=ADVANCED_FACE('',(#696),#3010,.T.);
#3224=ADVANCED_FACE('',(#697),#117,.F.);
#3225=ADVANCED_FACE('',(#698),#3011,.T.);
#3226=ADVANCED_FACE('',(#699),#118,.F.);
#3227=ADVANCED_FACE('',(#700),#3012,.T.);
#3228=ADVANCED_FACE('',(#701),#119,.F.);
#3229=ADVANCED_FACE('',(#702),#3013,.T.);
#3230=ADVANCED_FACE('',(#703),#120,.F.);
#3231=ADVANCED_FACE('',(#704),#3014,.T.);
#3232=ADVANCED_FACE('',(#705),#121,.F.);
#3233=ADVANCED_FACE('',(#706),#3015,.T.);
#3234=ADVANCED_FACE('',(#707),#122,.F.);
#3235=ADVANCED_FACE('',(#708),#3016,.T.);
#3236=ADVANCED_FACE('',(#709),#123,.F.);
#3237=ADVANCED_FACE('',(#710),#3017,.T.);
#3238=ADVANCED_FACE('',(#711),#124,.F.);
#3239=ADVANCED_FACE('',(#712),#3018,.T.);
#3240=ADVANCED_FACE('',(#713),#125,.F.);
#3241=ADVANCED_FACE('',(#714),#3019,.T.);
#3242=ADVANCED_FACE('',(#715),#126,.F.);
#3243=ADVANCED_FACE('',(#716),#3020,.T.);
#3244=ADVANCED_FACE('',(#717),#127,.F.);
#3245=ADVANCED_FACE('',(#718),#3021,.T.);
#3246=ADVANCED_FACE('',(#719),#128,.F.);
#3247=ADVANCED_FACE('',(#720),#3022,.T.);
#3248=ADVANCED_FACE('',(#721),#129,.F.);
#3249=ADVANCED_FACE('',(#722),#3023,.T.);
#3250=ADVANCED_FACE('',(#723),#130,.F.);
#3251=ADVANCED_FACE('',(#724),#3024,.T.);
#3252=ADVANCED_FACE('',(#725),#131,.F.);
#3253=ADVANCED_FACE('',(#726),#3025,.T.);
#3254=ADVANCED_FACE('',(#727),#132,.F.);
#3255=ADVANCED_FACE('',(#728),#3026,.T.);
#3256=ADVANCED_FACE('',(#729),#133,.F.);
#3257=ADVANCED_FACE('',(#730),#3027,.T.);
#3258=ADVANCED_FACE('',(#731),#134,.F.);
#3259=ADVANCED_FACE('',(#732),#3028,.T.);
#3260=ADVANCED_FACE('',(#733),#135,.F.);
#3261=ADVANCED_FACE('',(#734),#3029,.T.);
#3262=ADVANCED_FACE('',(#735),#136,.F.);
#3263=ADVANCED_FACE('',(#736),#3030,.T.);
#3264=ADVANCED_FACE('',(#737),#137,.F.);
#3265=ADVANCED_FACE('',(#738),#3031,.T.);
#3266=ADVANCED_FACE('',(#739),#138,.F.);
#3267=ADVANCED_FACE('',(#740),#3032,.T.);
#3268=ADVANCED_FACE('',(#741),#139,.F.);
#3269=ADVANCED_FACE('',(#742),#3033,.T.);
#3270=ADVANCED_FACE('',(#743),#140,.F.);
#3271=ADVANCED_FACE('',(#744),#3034,.T.);
#3272=ADVANCED_FACE('',(#745),#141,.F.);
#3273=ADVANCED_FACE('',(#746),#3035,.T.);
#3274=ADVANCED_FACE('',(#747),#142,.F.);
#3275=ADVANCED_FACE('',(#748),#3036,.T.);
#3276=ADVANCED_FACE('',(#749),#143,.F.);
#3277=ADVANCED_FACE('',(#750),#144,.F.);
#3278=ADVANCED_FACE('',(#751),#3037,.T.);
#3279=ADVANCED_FACE('',(#752),#145,.F.);
#3280=ADVANCED_FACE('',(#753),#3038,.T.);
#3281=ADVANCED_FACE('',(#754),#146,.F.);
#3282=ADVANCED_FACE('',(#755),#3039,.T.);
#3283=ADVANCED_FACE('',(#756),#147,.F.);
#3284=ADVANCED_FACE('',(#757),#3040,.T.);
#3285=ADVANCED_FACE('',(#758),#148,.F.);
#3286=ADVANCED_FACE('',(#759),#3041,.T.);
#3287=ADVANCED_FACE('',(#760),#149,.T.);
#3288=ADVANCED_FACE('',(#761),#3042,.T.);
#3289=ADVANCED_FACE('',(#762),#150,.T.);
#3290=ADVANCED_FACE('',(#763),#3043,.T.);
#3291=ADVANCED_FACE('',(#764),#151,.T.);
#3292=ADVANCED_FACE('',(#765),#152,.T.);
#3293=ADVANCED_FACE('',(#766),#3044,.T.);
#3294=ADVANCED_FACE('',(#767,#266,#267,#268),#3045,.F.);
#3295=CLOSED_SHELL('',(#3046,#3047,#3048,#3049,#3050,#3051,#3052,#3053,
#3054,#3055,#3056,#3057,#3058,#3059,#3060,#3061,#3062,#3063,#3064,#3065,
#3066,#3067,#3068,#3069,#3070,#3071,#3072,#3073,#3074,#3075,#3076,#3077,
#3078,#3079,#3080,#3081,#3082,#3083,#3084,#3085,#3086,#3087,#3088,#3089,
#3090,#3091,#3092,#3093,#3094,#3095,#3096,#3097,#3098,#3099,#3100,#3101,
#3102,#3103,#3104,#3105,#3106,#3107,#3108,#3109,#3110,#3111,#3112,#3113,
#3114,#3115,#3116,#3117,#3118,#3119,#3120,#3121,#3122,#3123,#3124,#3125,
#3126,#3127,#3128,#3129,#3130,#3131,#3132,#3133,#3134,#3135,#3136,#3137,
#3138,#3139,#3140,#3141,#3142,#3143,#3144,#3145,#3146,#3147,#3148,#3149,
#3150,#3151,#3152,#3153,#3154,#3155,#3156,#3157,#3158,#3159,#3160,#3161,
#3162,#3163,#3164,#3165,#3166,#3167,#3168,#3169,#3170,#3171,#3172,#3173,
#3174,#3175,#3176,#3177,#3178,#3179,#3180,#3181,#3182,#3183,#3184,#3185,
#3186,#3187,#3188,#3189,#3190,#3191,#3192,#3193,#3194,#3195,#3196,#3197,
#3198,#3199,#3200,#3201,#3202,#3203,#3204,#3205,#3206,#3207,#3208,#3209,
#3210,#3211,#3212,#3213,#3214,#3215,#3216,#3217,#3218,#3219,#3220,#3221,
#3222,#3223,#3224,#3225,#3226,#3227,#3228,#3229,#3230,#3231,#3232,#3233,
#3234,#3235,#3236,#3237,#3238,#3239,#3240,#3241,#3242,#3243,#3244,#3245,
#3246,#3247,#3248,#3249,#3250,#3251,#3252,#3253,#3254,#3255,#3256,#3257,
#3258,#3259,#3260,#3261,#3262,#3263,#3264,#3265,#3266,#3267,#3268,#3269,
#3270,#3271,#3272,#3273,#3274,#3275,#3276,#3277,#3278,#3279,#3280,#3281,
#3282,#3283,#3284,#3285,#3286,#3287,#3288,#3289,#3290,#3291,#3292,#3293,
#3294));
#3296=DERIVED_UNIT_ELEMENT(#3299,1.);
#3297=DERIVED_UNIT_ELEMENT(#5909,-3.);
#3298=DIMENSIONAL_EXPONENTS(0.,1.,0.,0.,0.,0.,0.);
#3299=(
CONVERSION_BASED_UNIT('gram',#3301)
MASS_UNIT()
NAMED_UNIT(#3298)
);
#3300=(
MASS_UNIT()
NAMED_UNIT(*)
SI_UNIT(.KILO.,.GRAM.)
);
#3301=MASS_MEASURE_WITH_UNIT(MASS_MEASURE(0.001),#3300);
#3302=DERIVED_UNIT((#3296,#3297));
#3303=MEASURE_REPRESENTATION_ITEM('density measure',
POSITIVE_RATIO_MEASURE(1.27),#3302);
#3304=PROPERTY_DEFINITION_REPRESENTATION(#3309,#3306);
#3305=PROPERTY_DEFINITION_REPRESENTATION(#3310,#3307);
#3306=REPRESENTATION('material name',(#3308),#5906);
#3307=REPRESENTATION('density',(#3303),#5906);
#3308=DESCRIPTIVE_REPRESENTATION_ITEM('Plastico PETG','Plastico PETG');
#3309=PROPERTY_DEFINITION('material property','material name',#5916);
#3310=PROPERTY_DEFINITION('material property','density of part',#5916);
#3311=DATE_TIME_ROLE('creation_date');
#3312=APPLIED_DATE_AND_TIME_ASSIGNMENT(#3313,#3311,(#5916));
#3313=DATE_AND_TIME(#3314,#3315);
#3314=CALENDAR_DATE(2025,26,9);
#3315=LOCAL_TIME(0,0,0.,#3316);
#3316=COORDINATED_UNIVERSAL_TIME_OFFSET(0,0,.BEHIND.);
#3317=AXIS2_PLACEMENT_3D('',#4974,#3817,#3818);
#3318=AXIS2_PLACEMENT_3D('',#4975,#3819,#3820);
#3319=AXIS2_PLACEMENT_3D('',#4984,#3825,#3826);
#3320=AXIS2_PLACEMENT_3D('',#4990,#3830,#3831);
#3321=AXIS2_PLACEMENT_3D('',#4996,#3835,#3836);
#3322=AXIS2_PLACEMENT_3D('',#4999,#3839,#3840);
#3323=AXIS2_PLACEMENT_3D('',#5001,#3841,#3842);
#3324=AXIS2_PLACEMENT_3D('',#5002,#3843,#3844);
#3325=AXIS2_PLACEMENT_3D('',#5005,#3845,#3846);
#3326=AXIS2_PLACEMENT_3D('',#5009,#3848,#3849);
#3327=AXIS2_PLACEMENT_3D('',#5011,#3851,#3852);
#3328=AXIS2_PLACEMENT_3D('',#5014,#3853,#3854);
#3329=AXIS2_PLACEMENT_3D('',#5015,#3855,#3856);
#3330=AXIS2_PLACEMENT_3D('',#5016,#3857,#3858);
#3331=AXIS2_PLACEMENT_3D('',#5017,#3859,#3860);
#3332=AXIS2_PLACEMENT_3D('',#5020,#3861,#3862);
#3333=AXIS2_PLACEMENT_3D('',#5023,#3865,#3866);
#3334=AXIS2_PLACEMENT_3D('',#5026,#3867,#3868);
#3335=AXIS2_PLACEMENT_3D('',#5027,#3869,#3870);
#3336=AXIS2_PLACEMENT_3D('',#5028,#3871,#3872);
#3337=AXIS2_PLACEMENT_3D('',#5029,#3873,#3874);
#3338=AXIS2_PLACEMENT_3D('',#5032,#3875,#3876);
#3339=AXIS2_PLACEMENT_3D('',#5035,#3879,#3880);
#3340=AXIS2_PLACEMENT_3D('',#5038,#3881,#3882);
#3341=AXIS2_PLACEMENT_3D('',#5039,#3883,#3884);
#3342=AXIS2_PLACEMENT_3D('',#5040,#3885,#3886);
#3343=AXIS2_PLACEMENT_3D('',#5041,#3887,#3888);
#3344=AXIS2_PLACEMENT_3D('',#5044,#3889,#3890);
#3345=AXIS2_PLACEMENT_3D('',#5047,#3893,#3894);
#3346=AXIS2_PLACEMENT_3D('',#5050,#3895,#3896);
#3347=AXIS2_PLACEMENT_3D('',#5051,#3897,#3898);
#3348=AXIS2_PLACEMENT_3D('',#5052,#3899,#3900);
#3349=AXIS2_PLACEMENT_3D('',#5053,#3901,#3902);
#3350=AXIS2_PLACEMENT_3D('',#5056,#3903,#3904);
#3351=AXIS2_PLACEMENT_3D('',#5059,#3907,#3908);
#3352=AXIS2_PLACEMENT_3D('',#5066,#3912,#3913);
#3353=AXIS2_PLACEMENT_3D('',#5068,#3914,#3915);
#3354=AXIS2_PLACEMENT_3D('',#5070,#3916,#3917);
#3355=AXIS2_PLACEMENT_3D('',#5072,#3918,#3919);
#3356=AXIS2_PLACEMENT_3D('',#5074,#3920,#3921);
#3357=AXIS2_PLACEMENT_3D('',#5076,#3922,#3923);
#3358=AXIS2_PLACEMENT_3D('',#5078,#3924,#3925);
#3359=AXIS2_PLACEMENT_3D('',#5080,#3926,#3927);
#3360=AXIS2_PLACEMENT_3D('',#5082,#3928,#3929);
#3361=AXIS2_PLACEMENT_3D('',#5084,#3930,#3931);
#3362=AXIS2_PLACEMENT_3D('',#5086,#3932,#3933);
#3363=AXIS2_PLACEMENT_3D('',#5088,#3934,#3935);
#3364=AXIS2_PLACEMENT_3D('',#5090,#3936,#3937);
#3365=AXIS2_PLACEMENT_3D('',#5092,#3938,#3939);
#3366=AXIS2_PLACEMENT_3D('',#5094,#3940,#3941);
#3367=AXIS2_PLACEMENT_3D('',#5096,#3942,#3943);
#3368=AXIS2_PLACEMENT_3D('',#5098,#3944,#3945);
#3369=AXIS2_PLACEMENT_3D('',#5100,#3946,#3947);
#3370=AXIS2_PLACEMENT_3D('',#5102,#3948,#3949);
#3371=AXIS2_PLACEMENT_3D('',#5104,#3950,#3951);
#3372=AXIS2_PLACEMENT_3D('',#5106,#3952,#3953);
#3373=AXIS2_PLACEMENT_3D('',#5108,#3954,#3955);
#3374=AXIS2_PLACEMENT_3D('',#5110,#3956,#3957);
#3375=AXIS2_PLACEMENT_3D('',#5112,#3958,#3959);
#3376=AXIS2_PLACEMENT_3D('',#5114,#3960,#3961);
#3377=AXIS2_PLACEMENT_3D('',#5116,#3962,#3963);
#3378=AXIS2_PLACEMENT_3D('',#5118,#3964,#3965);
#3379=AXIS2_PLACEMENT_3D('',#5120,#3966,#3967);
#3380=AXIS2_PLACEMENT_3D('',#5122,#3968,#3969);
#3381=AXIS2_PLACEMENT_3D('',#5124,#3970,#3971);
#3382=AXIS2_PLACEMENT_3D('',#5126,#3972,#3973);
#3383=AXIS2_PLACEMENT_3D('',#5128,#3974,#3975);
#3384=AXIS2_PLACEMENT_3D('',#5130,#3976,#3977);
#3385=AXIS2_PLACEMENT_3D('',#5132,#3978,#3979);
#3386=AXIS2_PLACEMENT_3D('',#5134,#3980,#3981);
#3387=AXIS2_PLACEMENT_3D('',#5136,#3982,#3983);
#3388=AXIS2_PLACEMENT_3D('',#5138,#3984,#3985);
#3389=AXIS2_PLACEMENT_3D('',#5140,#3986,#3987);
#3390=AXIS2_PLACEMENT_3D('',#5142,#3988,#3989);
#3391=AXIS2_PLACEMENT_3D('',#5144,#3990,#3991);
#3392=AXIS2_PLACEMENT_3D('',#5146,#3992,#3993);
#3393=AXIS2_PLACEMENT_3D('',#5148,#3994,#3995);
#3394=AXIS2_PLACEMENT_3D('',#5150,#3996,#3997);
#3395=AXIS2_PLACEMENT_3D('',#5152,#3998,#3999);
#3396=AXIS2_PLACEMENT_3D('',#5154,#4000,#4001);
#3397=AXIS2_PLACEMENT_3D('',#5156,#4002,#4003);
#3398=AXIS2_PLACEMENT_3D('',#5158,#4004,#4005);
#3399=AXIS2_PLACEMENT_3D('',#5160,#4006,#4007);
#3400=AXIS2_PLACEMENT_3D('',#5162,#4008,#4009);
#3401=AXIS2_PLACEMENT_3D('',#5164,#4010,#4011);
#3402=AXIS2_PLACEMENT_3D('',#5166,#4012,#4013);
#3403=AXIS2_PLACEMENT_3D('',#5168,#4014,#4015);
#3404=AXIS2_PLACEMENT_3D('',#5170,#4016,#4017);
#3405=AXIS2_PLACEMENT_3D('',#5172,#4018,#4019);
#3406=AXIS2_PLACEMENT_3D('',#5174,#4020,#4021);
#3407=AXIS2_PLACEMENT_3D('',#5176,#4022,#4023);
#3408=AXIS2_PLACEMENT_3D('',#5178,#4024,#4025);
#3409=AXIS2_PLACEMENT_3D('',#5180,#4026,#4027);
#3410=AXIS2_PLACEMENT_3D('',#5182,#4028,#4029);
#3411=AXIS2_PLACEMENT_3D('',#5184,#4030,#4031);
#3412=AXIS2_PLACEMENT_3D('',#5186,#4032,#4033);
#3413=AXIS2_PLACEMENT_3D('',#5188,#4034,#4035);
#3414=AXIS2_PLACEMENT_3D('',#5190,#4036,#4037);
#3415=AXIS2_PLACEMENT_3D('',#5192,#4038,#4039);
#3416=AXIS2_PLACEMENT_3D('',#5194,#4040,#4041);
#3417=AXIS2_PLACEMENT_3D('',#5196,#4042,#4043);
#3418=AXIS2_PLACEMENT_3D('',#5198,#4044,#4045);
#3419=AXIS2_PLACEMENT_3D('',#5200,#4046,#4047);
#3420=AXIS2_PLACEMENT_3D('',#5202,#4048,#4049);
#3421=AXIS2_PLACEMENT_3D('',#5204,#4050,#4051);
#3422=AXIS2_PLACEMENT_3D('',#5206,#4052,#4053);
#3423=AXIS2_PLACEMENT_3D('',#5208,#4054,#4055);
#3424=AXIS2_PLACEMENT_3D('',#5210,#4056,#4057);
#3425=AXIS2_PLACEMENT_3D('',#5212,#4058,#4059);
#3426=AXIS2_PLACEMENT_3D('',#5214,#4060,#4061);
#3427=AXIS2_PLACEMENT_3D('',#5216,#4062,#4063);
#3428=AXIS2_PLACEMENT_3D('',#5218,#4064,#4065);
#3429=AXIS2_PLACEMENT_3D('',#5220,#4066,#4067);
#3430=AXIS2_PLACEMENT_3D('',#5222,#4068,#4069);
#3431=AXIS2_PLACEMENT_3D('',#5224,#4070,#4071);
#3432=AXIS2_PLACEMENT_3D('',#5226,#4072,#4073);
#3433=AXIS2_PLACEMENT_3D('',#5228,#4074,#4075);
#3434=AXIS2_PLACEMENT_3D('',#5230,#4076,#4077);
#3435=AXIS2_PLACEMENT_3D('',#5232,#4078,#4079);
#3436=AXIS2_PLACEMENT_3D('',#5234,#4080,#4081);
#3437=AXIS2_PLACEMENT_3D('',#5236,#4082,#4083);
#3438=AXIS2_PLACEMENT_3D('',#5238,#4084,#4085);
#3439=AXIS2_PLACEMENT_3D('',#5240,#4086,#4087);
#3440=AXIS2_PLACEMENT_3D('',#5242,#4088,#4089);
#3441=AXIS2_PLACEMENT_3D('',#5244,#4090,#4091);
#3442=AXIS2_PLACEMENT_3D('',#5246,#4092,#4093);
#3443=AXIS2_PLACEMENT_3D('',#5248,#4094,#4095);
#3444=AXIS2_PLACEMENT_3D('',#5250,#4096,#4097);
#3445=AXIS2_PLACEMENT_3D('',#5252,#4098,#4099);
#3446=AXIS2_PLACEMENT_3D('',#5254,#4100,#4101);
#3447=AXIS2_PLACEMENT_3D('',#5256,#4102,#4103);
#3448=AXIS2_PLACEMENT_3D('',#5258,#4104,#4105);
#3449=AXIS2_PLACEMENT_3D('',#5260,#4106,#4107);
#3450=AXIS2_PLACEMENT_3D('',#5262,#4108,#4109);
#3451=AXIS2_PLACEMENT_3D('',#5264,#4110,#4111);
#3452=AXIS2_PLACEMENT_3D('',#5266,#4112,#4113);
#3453=AXIS2_PLACEMENT_3D('',#5268,#4114,#4115);
#3454=AXIS2_PLACEMENT_3D('',#5270,#4116,#4117);
#3455=AXIS2_PLACEMENT_3D('',#5272,#4118,#4119);
#3456=AXIS2_PLACEMENT_3D('',#5274,#4120,#4121);
#3457=AXIS2_PLACEMENT_3D('',#5276,#4122,#4123);
#3458=AXIS2_PLACEMENT_3D('',#5278,#4124,#4125);
#3459=AXIS2_PLACEMENT_3D('',#5280,#4126,#4127);
#3460=AXIS2_PLACEMENT_3D('',#5281,#4128,#4129);
#3461=AXIS2_PLACEMENT_3D('',#5287,#4133,#4134);
#3462=AXIS2_PLACEMENT_3D('',#5289,#4135,#4136);
#3463=AXIS2_PLACEMENT_3D('',#5292,#4138,#4139);
#3464=AXIS2_PLACEMENT_3D('',#5293,#4140,#4141);
#3465=AXIS2_PLACEMENT_3D('',#5295,#4142,#4143);
#3466=AXIS2_PLACEMENT_3D('',#5298,#4145,#4146);
#3467=AXIS2_PLACEMENT_3D('',#5299,#4147,#4148);
#3468=AXIS2_PLACEMENT_3D('',#5301,#4149,#4150);
#3469=AXIS2_PLACEMENT_3D('',#5304,#4152,#4153);
#3470=AXIS2_PLACEMENT_3D('',#5305,#4154,#4155);
#3471=AXIS2_PLACEMENT_3D('',#5306,#4156,#4157);
#3472=AXIS2_PLACEMENT_3D('',#5308,#4158,#4159);
#3473=AXIS2_PLACEMENT_3D('',#5311,#4161,#4162);
#3474=AXIS2_PLACEMENT_3D('',#5312,#4163,#4164);
#3475=AXIS2_PLACEMENT_3D('',#5313,#4165,#4166);
#3476=AXIS2_PLACEMENT_3D('',#5319,#4170,#4171);
#3477=AXIS2_PLACEMENT_3D('',#5321,#4173,#4174);
#3478=AXIS2_PLACEMENT_3D('',#5323,#4176,#4177);
#3479=AXIS2_PLACEMENT_3D('',#5329,#4181,#4182);
#3480=AXIS2_PLACEMENT_3D('',#5332,#4184,#4185);
#3481=AXIS2_PLACEMENT_3D('',#5333,#4186,#4187);
#3482=AXIS2_PLACEMENT_3D('',#5334,#4188,#4189);
#3483=AXIS2_PLACEMENT_3D('',#5337,#4191,#4192);
#3484=AXIS2_PLACEMENT_3D('',#5338,#4193,#4194);
#3485=AXIS2_PLACEMENT_3D('',#5339,#4195,#4196);
#3486=AXIS2_PLACEMENT_3D('',#5342,#4198,#4199);
#3487=AXIS2_PLACEMENT_3D('',#5343,#4200,#4201);
#3488=AXIS2_PLACEMENT_3D('',#5344,#4202,#4203);
#3489=AXIS2_PLACEMENT_3D('',#5347,#4205,#4206);
#3490=AXIS2_PLACEMENT_3D('',#5348,#4207,#4208);
#3491=AXIS2_PLACEMENT_3D('',#5349,#4209,#4210);
#3492=AXIS2_PLACEMENT_3D('',#5352,#4212,#4213);
#3493=AXIS2_PLACEMENT_3D('',#5353,#4214,#4215);
#3494=AXIS2_PLACEMENT_3D('',#5354,#4216,#4217);
#3495=AXIS2_PLACEMENT_3D('',#5357,#4219,#4220);
#3496=AXIS2_PLACEMENT_3D('',#5358,#4221,#4222);
#3497=AXIS2_PLACEMENT_3D('',#5359,#4223,#4224);
#3498=AXIS2_PLACEMENT_3D('',#5362,#4226,#4227);
#3499=AXIS2_PLACEMENT_3D('',#5363,#4228,#4229);
#3500=AXIS2_PLACEMENT_3D('',#5364,#4230,#4231);
#3501=AXIS2_PLACEMENT_3D('',#5367,#4233,#4234);
#3502=AXIS2_PLACEMENT_3D('',#5368,#4235,#4236);
#3503=AXIS2_PLACEMENT_3D('',#5369,#4237,#4238);
#3504=AXIS2_PLACEMENT_3D('',#5372,#4240,#4241);
#3505=AXIS2_PLACEMENT_3D('',#5373,#4242,#4243);
#3506=AXIS2_PLACEMENT_3D('',#5374,#4244,#4245);
#3507=AXIS2_PLACEMENT_3D('',#5377,#4247,#4248);
#3508=AXIS2_PLACEMENT_3D('',#5378,#4249,#4250);
#3509=AXIS2_PLACEMENT_3D('',#5379,#4251,#4252);
#3510=AXIS2_PLACEMENT_3D('',#5382,#4254,#4255);
#3511=AXIS2_PLACEMENT_3D('',#5383,#4256,#4257);
#3512=AXIS2_PLACEMENT_3D('',#5384,#4258,#4259);
#3513=AXIS2_PLACEMENT_3D('',#5387,#4261,#4262);
#3514=AXIS2_PLACEMENT_3D('',#5388,#4263,#4264);
#3515=AXIS2_PLACEMENT_3D('',#5389,#4265,#4266);
#3516=AXIS2_PLACEMENT_3D('',#5392,#4268,#4269);
#3517=AXIS2_PLACEMENT_3D('',#5393,#4270,#4271);
#3518=AXIS2_PLACEMENT_3D('',#5394,#4272,#4273);
#3519=AXIS2_PLACEMENT_3D('',#5397,#4275,#4276);
#3520=AXIS2_PLACEMENT_3D('',#5398,#4277,#4278);
#3521=AXIS2_PLACEMENT_3D('',#5399,#4279,#4280);
#3522=AXIS2_PLACEMENT_3D('',#5402,#4282,#4283);
#3523=AXIS2_PLACEMENT_3D('',#5403,#4284,#4285);
#3524=AXIS2_PLACEMENT_3D('',#5404,#4286,#4287);
#3525=AXIS2_PLACEMENT_3D('',#5407,#4289,#4290);
#3526=AXIS2_PLACEMENT_3D('',#5408,#4291,#4292);
#3527=AXIS2_PLACEMENT_3D('',#5409,#4293,#4294);
#3528=AXIS2_PLACEMENT_3D('',#5412,#4296,#4297);
#3529=AXIS2_PLACEMENT_3D('',#5413,#4298,#4299);
#3530=AXIS2_PLACEMENT_3D('',#5414,#4300,#4301);
#3531=AXIS2_PLACEMENT_3D('',#5417,#4303,#4304);
#3532=AXIS2_PLACEMENT_3D('',#5418,#4305,#4306);
#3533=AXIS2_PLACEMENT_3D('',#5419,#4307,#4308);
#3534=AXIS2_PLACEMENT_3D('',#5422,#4310,#4311);
#3535=AXIS2_PLACEMENT_3D('',#5423,#4312,#4313);
#3536=AXIS2_PLACEMENT_3D('',#5424,#4314,#4315);
#3537=AXIS2_PLACEMENT_3D('',#5427,#4317,#4318);
#3538=AXIS2_PLACEMENT_3D('',#5428,#4319,#4320);
#3539=AXIS2_PLACEMENT_3D('',#5429,#4321,#4322);
#3540=AXIS2_PLACEMENT_3D('',#5432,#4324,#4325);
#3541=AXIS2_PLACEMENT_3D('',#5433,#4326,#4327);
#3542=AXIS2_PLACEMENT_3D('',#5434,#4328,#4329);
#3543=AXIS2_PLACEMENT_3D('',#5437,#4331,#4332);
#3544=AXIS2_PLACEMENT_3D('',#5438,#4333,#4334);
#3545=AXIS2_PLACEMENT_3D('',#5439,#4335,#4336);
#3546=AXIS2_PLACEMENT_3D('',#5442,#4338,#4339);
#3547=AXIS2_PLACEMENT_3D('',#5443,#4340,#4341);
#3548=AXIS2_PLACEMENT_3D('',#5444,#4342,#4343);
#3549=AXIS2_PLACEMENT_3D('',#5447,#4345,#4346);
#3550=AXIS2_PLACEMENT_3D('',#5448,#4347,#4348);
#3551=AXIS2_PLACEMENT_3D('',#5449,#4349,#4350);
#3552=AXIS2_PLACEMENT_3D('',#5452,#4352,#4353);
#3553=AXIS2_PLACEMENT_3D('',#5453,#4354,#4355);
#3554=AXIS2_PLACEMENT_3D('',#5454,#4356,#4357);
#3555=AXIS2_PLACEMENT_3D('',#5457,#4359,#4360);
#3556=AXIS2_PLACEMENT_3D('',#5458,#4361,#4362);
#3557=AXIS2_PLACEMENT_3D('',#5459,#4363,#4364);
#3558=AXIS2_PLACEMENT_3D('',#5462,#4366,#4367);
#3559=AXIS2_PLACEMENT_3D('',#5463,#4368,#4369);
#3560=AXIS2_PLACEMENT_3D('',#5464,#4370,#4371);
#3561=AXIS2_PLACEMENT_3D('',#5467,#4373,#4374);
#3562=AXIS2_PLACEMENT_3D('',#5468,#4375,#4376);
#3563=AXIS2_PLACEMENT_3D('',#5469,#4377,#4378);
#3564=AXIS2_PLACEMENT_3D('',#5472,#4380,#4381);
#3565=AXIS2_PLACEMENT_3D('',#5473,#4382,#4383);
#3566=AXIS2_PLACEMENT_3D('',#5474,#4384,#4385);
#3567=AXIS2_PLACEMENT_3D('',#5477,#4387,#4388);
#3568=AXIS2_PLACEMENT_3D('',#5478,#4389,#4390);
#3569=AXIS2_PLACEMENT_3D('',#5479,#4391,#4392);
#3570=AXIS2_PLACEMENT_3D('',#5482,#4394,#4395);
#3571=AXIS2_PLACEMENT_3D('',#5483,#4396,#4397);
#3572=AXIS2_PLACEMENT_3D('',#5484,#4398,#4399);
#3573=AXIS2_PLACEMENT_3D('',#5487,#4401,#4402);
#3574=AXIS2_PLACEMENT_3D('',#5488,#4403,#4404);
#3575=AXIS2_PLACEMENT_3D('',#5489,#4405,#4406);
#3576=AXIS2_PLACEMENT_3D('',#5492,#4408,#4409);
#3577=AXIS2_PLACEMENT_3D('',#5493,#4410,#4411);
#3578=AXIS2_PLACEMENT_3D('',#5494,#4412,#4413);
#3579=AXIS2_PLACEMENT_3D('',#5497,#4415,#4416);
#3580=AXIS2_PLACEMENT_3D('',#5498,#4417,#4418);
#3581=AXIS2_PLACEMENT_3D('',#5499,#4419,#4420);
#3582=AXIS2_PLACEMENT_3D('',#5502,#4422,#4423);
#3583=AXIS2_PLACEMENT_3D('',#5503,#4424,#4425);
#3584=AXIS2_PLACEMENT_3D('',#5504,#4426,#4427);
#3585=AXIS2_PLACEMENT_3D('',#5507,#4429,#4430);
#3586=AXIS2_PLACEMENT_3D('',#5508,#4431,#4432);
#3587=AXIS2_PLACEMENT_3D('',#5509,#4433,#4434);
#3588=AXIS2_PLACEMENT_3D('',#5512,#4436,#4437);
#3589=AXIS2_PLACEMENT_3D('',#5513,#4438,#4439);
#3590=AXIS2_PLACEMENT_3D('',#5514,#4440,#4441);
#3591=AXIS2_PLACEMENT_3D('',#5517,#4443,#4444);
#3592=AXIS2_PLACEMENT_3D('',#5518,#4445,#4446);
#3593=AXIS2_PLACEMENT_3D('',#5519,#4447,#4448);
#3594=AXIS2_PLACEMENT_3D('',#5522,#4450,#4451);
#3595=AXIS2_PLACEMENT_3D('',#5523,#4452,#4453);
#3596=AXIS2_PLACEMENT_3D('',#5524,#4454,#4455);
#3597=AXIS2_PLACEMENT_3D('',#5527,#4457,#4458);
#3598=AXIS2_PLACEMENT_3D('',#5528,#4459,#4460);
#3599=AXIS2_PLACEMENT_3D('',#5529,#4461,#4462);
#3600=AXIS2_PLACEMENT_3D('',#5532,#4464,#4465);
#3601=AXIS2_PLACEMENT_3D('',#5533,#4466,#4467);
#3602=AXIS2_PLACEMENT_3D('',#5534,#4468,#4469);
#3603=AXIS2_PLACEMENT_3D('',#5537,#4471,#4472);
#3604=AXIS2_PLACEMENT_3D('',#5538,#4473,#4474);
#3605=AXIS2_PLACEMENT_3D('',#5539,#4475,#4476);
#3606=AXIS2_PLACEMENT_3D('',#5542,#4478,#4479);
#3607=AXIS2_PLACEMENT_3D('',#5543,#4480,#4481);
#3608=AXIS2_PLACEMENT_3D('',#5544,#4482,#4483);
#3609=AXIS2_PLACEMENT_3D('',#5547,#4485,#4486);
#3610=AXIS2_PLACEMENT_3D('',#5548,#4487,#4488);
#3611=AXIS2_PLACEMENT_3D('',#5549,#4489,#4490);
#3612=AXIS2_PLACEMENT_3D('',#5552,#4492,#4493);
#3613=AXIS2_PLACEMENT_3D('',#5553,#4494,#4495);
#3614=AXIS2_PLACEMENT_3D('',#5554,#4496,#4497);
#3615=AXIS2_PLACEMENT_3D('',#5557,#4499,#4500);
#3616=AXIS2_PLACEMENT_3D('',#5558,#4501,#4502);
#3617=AXIS2_PLACEMENT_3D('',#5559,#4503,#4504);
#3618=AXIS2_PLACEMENT_3D('',#5562,#4506,#4507);
#3619=AXIS2_PLACEMENT_3D('',#5563,#4508,#4509);
#3620=AXIS2_PLACEMENT_3D('',#5564,#4510,#4511);
#3621=AXIS2_PLACEMENT_3D('',#5567,#4513,#4514);
#3622=AXIS2_PLACEMENT_3D('',#5568,#4515,#4516);
#3623=AXIS2_PLACEMENT_3D('',#5569,#4517,#4518);
#3624=AXIS2_PLACEMENT_3D('',#5572,#4520,#4521);
#3625=AXIS2_PLACEMENT_3D('',#5573,#4522,#4523);
#3626=AXIS2_PLACEMENT_3D('',#5574,#4524,#4525);
#3627=AXIS2_PLACEMENT_3D('',#5577,#4527,#4528);
#3628=AXIS2_PLACEMENT_3D('',#5578,#4529,#4530);
#3629=AXIS2_PLACEMENT_3D('',#5579,#4531,#4532);
#3630=AXIS2_PLACEMENT_3D('',#5582,#4534,#4535);
#3631=AXIS2_PLACEMENT_3D('',#5583,#4536,#4537);
#3632=AXIS2_PLACEMENT_3D('',#5584,#4538,#4539);
#3633=AXIS2_PLACEMENT_3D('',#5587,#4541,#4542);
#3634=AXIS2_PLACEMENT_3D('',#5588,#4543,#4544);
#3635=AXIS2_PLACEMENT_3D('',#5589,#4545,#4546);
#3636=AXIS2_PLACEMENT_3D('',#5592,#4548,#4549);
#3637=AXIS2_PLACEMENT_3D('',#5593,#4550,#4551);
#3638=AXIS2_PLACEMENT_3D('',#5594,#4552,#4553);
#3639=AXIS2_PLACEMENT_3D('',#5597,#4555,#4556);
#3640=AXIS2_PLACEMENT_3D('',#5598,#4557,#4558);
#3641=AXIS2_PLACEMENT_3D('',#5599,#4559,#4560);
#3642=AXIS2_PLACEMENT_3D('',#5602,#4562,#4563);
#3643=AXIS2_PLACEMENT_3D('',#5603,#4564,#4565);
#3644=AXIS2_PLACEMENT_3D('',#5604,#4566,#4567);
#3645=AXIS2_PLACEMENT_3D('',#5607,#4569,#4570);
#3646=AXIS2_PLACEMENT_3D('',#5608,#4571,#4572);
#3647=AXIS2_PLACEMENT_3D('',#5609,#4573,#4574);
#3648=AXIS2_PLACEMENT_3D('',#5612,#4576,#4577);
#3649=AXIS2_PLACEMENT_3D('',#5613,#4578,#4579);
#3650=AXIS2_PLACEMENT_3D('',#5614,#4580,#4581);
#3651=AXIS2_PLACEMENT_3D('',#5617,#4583,#4584);
#3652=AXIS2_PLACEMENT_3D('',#5618,#4585,#4586);
#3653=AXIS2_PLACEMENT_3D('',#5619,#4587,#4588);
#3654=AXIS2_PLACEMENT_3D('',#5622,#4590,#4591);
#3655=AXIS2_PLACEMENT_3D('',#5623,#4592,#4593);
#3656=AXIS2_PLACEMENT_3D('',#5624,#4594,#4595);
#3657=AXIS2_PLACEMENT_3D('',#5627,#4597,#4598);
#3658=AXIS2_PLACEMENT_3D('',#5628,#4599,#4600);
#3659=AXIS2_PLACEMENT_3D('',#5629,#4601,#4602);
#3660=AXIS2_PLACEMENT_3D('',#5632,#4604,#4605);
#3661=AXIS2_PLACEMENT_3D('',#5633,#4606,#4607);
#3662=AXIS2_PLACEMENT_3D('',#5634,#4608,#4609);
#3663=AXIS2_PLACEMENT_3D('',#5637,#4611,#4612);
#3664=AXIS2_PLACEMENT_3D('',#5638,#4613,#4614);
#3665=AXIS2_PLACEMENT_3D('',#5639,#4615,#4616);
#3666=AXIS2_PLACEMENT_3D('',#5642,#4618,#4619);
#3667=AXIS2_PLACEMENT_3D('',#5643,#4620,#4621);
#3668=AXIS2_PLACEMENT_3D('',#5644,#4622,#4623);
#3669=AXIS2_PLACEMENT_3D('',#5647,#4625,#4626);
#3670=AXIS2_PLACEMENT_3D('',#5648,#4627,#4628);
#3671=AXIS2_PLACEMENT_3D('',#5649,#4629,#4630);
#3672=AXIS2_PLACEMENT_3D('',#5652,#4632,#4633);
#3673=AXIS2_PLACEMENT_3D('',#5653,#4634,#4635);
#3674=AXIS2_PLACEMENT_3D('',#5654,#4636,#4637);
#3675=AXIS2_PLACEMENT_3D('',#5657,#4639,#4640);
#3676=AXIS2_PLACEMENT_3D('',#5658,#4641,#4642);
#3677=AXIS2_PLACEMENT_3D('',#5659,#4643,#4644);
#3678=AXIS2_PLACEMENT_3D('',#5662,#4646,#4647);
#3679=AXIS2_PLACEMENT_3D('',#5663,#4648,#4649);
#3680=AXIS2_PLACEMENT_3D('',#5664,#4650,#4651);
#3681=AXIS2_PLACEMENT_3D('',#5667,#4653,#4654);
#3682=AXIS2_PLACEMENT_3D('',#5668,#4655,#4656);
#3683=AXIS2_PLACEMENT_3D('',#5669,#4657,#4658);
#3684=AXIS2_PLACEMENT_3D('',#5672,#4660,#4661);
#3685=AXIS2_PLACEMENT_3D('',#5673,#4662,#4663);
#3686=AXIS2_PLACEMENT_3D('',#5674,#4664,#4665);
#3687=AXIS2_PLACEMENT_3D('',#5677,#4667,#4668);
#3688=AXIS2_PLACEMENT_3D('',#5678,#4669,#4670);
#3689=AXIS2_PLACEMENT_3D('',#5679,#4671,#4672);
#3690=AXIS2_PLACEMENT_3D('',#5682,#4674,#4675);
#3691=AXIS2_PLACEMENT_3D('',#5683,#4676,#4677);
#3692=AXIS2_PLACEMENT_3D('',#5684,#4678,#4679);
#3693=AXIS2_PLACEMENT_3D('',#5687,#4681,#4682);
#3694=AXIS2_PLACEMENT_3D('',#5688,#4683,#4684);
#3695=AXIS2_PLACEMENT_3D('',#5689,#4685,#4686);
#3696=AXIS2_PLACEMENT_3D('',#5692,#4688,#4689);
#3697=AXIS2_PLACEMENT_3D('',#5693,#4690,#4691);
#3698=AXIS2_PLACEMENT_3D('',#5694,#4692,#4693);
#3699=AXIS2_PLACEMENT_3D('',#5697,#4695,#4696);
#3700=AXIS2_PLACEMENT_3D('',#5698,#4697,#4698);
#3701=AXIS2_PLACEMENT_3D('',#5699,#4699,#4700);
#3702=AXIS2_PLACEMENT_3D('',#5702,#4702,#4703);
#3703=AXIS2_PLACEMENT_3D('',#5703,#4704,#4705);
#3704=AXIS2_PLACEMENT_3D('',#5704,#4706,#4707);
#3705=AXIS2_PLACEMENT_3D('',#5707,#4709,#4710);
#3706=AXIS2_PLACEMENT_3D('',#5708,#4711,#4712);
#3707=AXIS2_PLACEMENT_3D('',#5709,#4713,#4714);
#3708=AXIS2_PLACEMENT_3D('',#5712,#4716,#4717);
#3709=AXIS2_PLACEMENT_3D('',#5713,#4718,#4719);
#3710=AXIS2_PLACEMENT_3D('',#5714,#4720,#4721);
#3711=AXIS2_PLACEMENT_3D('',#5717,#4723,#4724);
#3712=AXIS2_PLACEMENT_3D('',#5718,#4725,#4726);
#3713=AXIS2_PLACEMENT_3D('',#5719,#4727,#4728);
#3714=AXIS2_PLACEMENT_3D('',#5722,#4730,#4731);
#3715=AXIS2_PLACEMENT_3D('',#5723,#4732,#4733);
#3716=AXIS2_PLACEMENT_3D('',#5724,#4734,#4735);
#3717=AXIS2_PLACEMENT_3D('',#5727,#4737,#4738);
#3718=AXIS2_PLACEMENT_3D('',#5728,#4739,#4740);
#3719=AXIS2_PLACEMENT_3D('',#5729,#4741,#4742);
#3720=AXIS2_PLACEMENT_3D('',#5732,#4744,#4745);
#3721=AXIS2_PLACEMENT_3D('',#5733,#4746,#4747);
#3722=AXIS2_PLACEMENT_3D('',#5734,#4748,#4749);
#3723=AXIS2_PLACEMENT_3D('',#5737,#4751,#4752);
#3724=AXIS2_PLACEMENT_3D('',#5738,#4753,#4754);
#3725=AXIS2_PLACEMENT_3D('',#5739,#4755,#4756);
#3726=AXIS2_PLACEMENT_3D('',#5742,#4758,#4759);
#3727=AXIS2_PLACEMENT_3D('',#5743,#4760,#4761);
#3728=AXIS2_PLACEMENT_3D('',#5744,#4762,#4763);
#3729=AXIS2_PLACEMENT_3D('',#5747,#4765,#4766);
#3730=AXIS2_PLACEMENT_3D('',#5748,#4767,#4768);
#3731=AXIS2_PLACEMENT_3D('',#5749,#4769,#4770);
#3732=AXIS2_PLACEMENT_3D('',#5752,#4772,#4773);
#3733=AXIS2_PLACEMENT_3D('',#5753,#4774,#4775);
#3734=AXIS2_PLACEMENT_3D('',#5754,#4776,#4777);
#3735=AXIS2_PLACEMENT_3D('',#5757,#4779,#4780);
#3736=AXIS2_PLACEMENT_3D('',#5758,#4781,#4782);
#3737=AXIS2_PLACEMENT_3D('',#5759,#4783,#4784);
#3738=AXIS2_PLACEMENT_3D('',#5762,#4786,#4787);
#3739=AXIS2_PLACEMENT_3D('',#5763,#4788,#4789);
#3740=AXIS2_PLACEMENT_3D('',#5764,#4790,#4791);
#3741=AXIS2_PLACEMENT_3D('',#5767,#4793,#4794);
#3742=AXIS2_PLACEMENT_3D('',#5768,#4795,#4796);
#3743=AXIS2_PLACEMENT_3D('',#5769,#4797,#4798);
#3744=AXIS2_PLACEMENT_3D('',#5772,#4800,#4801);
#3745=AXIS2_PLACEMENT_3D('',#5773,#4802,#4803);
#3746=AXIS2_PLACEMENT_3D('',#5774,#4804,#4805);
#3747=AXIS2_PLACEMENT_3D('',#5777,#4807,#4808);
#3748=AXIS2_PLACEMENT_3D('',#5778,#4809,#4810);
#3749=AXIS2_PLACEMENT_3D('',#5779,#4811,#4812);
#3750=AXIS2_PLACEMENT_3D('',#5782,#4814,#4815);
#3751=AXIS2_PLACEMENT_3D('',#5783,#4816,#4817);
#3752=AXIS2_PLACEMENT_3D('',#5784,#4818,#4819);
#3753=AXIS2_PLACEMENT_3D('',#5787,#4821,#4822);
#3754=AXIS2_PLACEMENT_3D('',#5788,#4823,#4824);
#3755=AXIS2_PLACEMENT_3D('',#5789,#4825,#4826);
#3756=AXIS2_PLACEMENT_3D('',#5792,#4828,#4829);
#3757=AXIS2_PLACEMENT_3D('',#5793,#4830,#4831);
#3758=AXIS2_PLACEMENT_3D('',#5794,#4832,#4833);
#3759=AXIS2_PLACEMENT_3D('',#5797,#4835,#4836);
#3760=AXIS2_PLACEMENT_3D('',#5798,#4837,#4838);
#3761=AXIS2_PLACEMENT_3D('',#5799,#4839,#4840);
#3762=AXIS2_PLACEMENT_3D('',#5802,#4842,#4843);
#3763=AXIS2_PLACEMENT_3D('',#5803,#4844,#4845);
#3764=AXIS2_PLACEMENT_3D('',#5804,#4846,#4847);
#3765=AXIS2_PLACEMENT_3D('',#5807,#4849,#4850);
#3766=AXIS2_PLACEMENT_3D('',#5808,#4851,#4852);
#3767=AXIS2_PLACEMENT_3D('',#5809,#4853,#4854);
#3768=AXIS2_PLACEMENT_3D('',#5812,#4856,#4857);
#3769=AXIS2_PLACEMENT_3D('',#5813,#4858,#4859);
#3770=AXIS2_PLACEMENT_3D('',#5814,#4860,#4861);
#3771=AXIS2_PLACEMENT_3D('',#5817,#4863,#4864);
#3772=AXIS2_PLACEMENT_3D('',#5818,#4865,#4866);
#3773=AXIS2_PLACEMENT_3D('',#5819,#4867,#4868);
#3774=AXIS2_PLACEMENT_3D('',#5822,#4870,#4871);
#3775=AXIS2_PLACEMENT_3D('',#5823,#4872,#4873);
#3776=AXIS2_PLACEMENT_3D('',#5824,#4874,#4875);
#3777=AXIS2_PLACEMENT_3D('',#5827,#4877,#4878);
#3778=AXIS2_PLACEMENT_3D('',#5828,#4879,#4880);
#3779=AXIS2_PLACEMENT_3D('',#5829,#4881,#4882);
#3780=AXIS2_PLACEMENT_3D('',#5832,#4884,#4885);
#3781=AXIS2_PLACEMENT_3D('',#5833,#4886,#4887);
#3782=AXIS2_PLACEMENT_3D('',#5834,#4888,#4889);
#3783=AXIS2_PLACEMENT_3D('',#5837,#4891,#4892);
#3784=AXIS2_PLACEMENT_3D('',#5838,#4893,#4894);
#3785=AXIS2_PLACEMENT_3D('',#5839,#4895,#4896);
#3786=AXIS2_PLACEMENT_3D('',#5841,#4898,#4899);
#3787=AXIS2_PLACEMENT_3D('',#5844,#4901,#4902);
#3788=AXIS2_PLACEMENT_3D('',#5845,#4903,#4904);
#3789=AXIS2_PLACEMENT_3D('',#5846,#4905,#4906);
#3790=AXIS2_PLACEMENT_3D('',#5849,#4908,#4909);
#3791=AXIS2_PLACEMENT_3D('',#5850,#4910,#4911);
#3792=AXIS2_PLACEMENT_3D('',#5851,#4912,#4913);
#3793=AXIS2_PLACEMENT_3D('',#5854,#4915,#4916);
#3794=AXIS2_PLACEMENT_3D('',#5855,#4917,#4918);
#3795=AXIS2_PLACEMENT_3D('',#5856,#4919,#4920);
#3796=AXIS2_PLACEMENT_3D('',#5859,#4922,#4923);
#3797=AXIS2_PLACEMENT_3D('',#5860,#4924,#4925);
#3798=AXIS2_PLACEMENT_3D('',#5861,#4926,#4927);
#3799=AXIS2_PLACEMENT_3D('',#5864,#4929,#4930);
#3800=AXIS2_PLACEMENT_3D('',#5865,#4931,#4932);
#3801=AXIS2_PLACEMENT_3D('',#5866,#4933,#4934);
#3802=AXIS2_PLACEMENT_3D('',#5869,#4936,#4937);
#3803=AXIS2_PLACEMENT_3D('',#5870,#4938,#4939);
#3804=AXIS2_PLACEMENT_3D('',#5874,#4942,#4943);
#3805=AXIS2_PLACEMENT_3D('',#5877,#4945,#4946);
#3806=AXIS2_PLACEMENT_3D('',#5878,#4947,#4948);
#3807=AXIS2_PLACEMENT_3D('',#5882,#4951,#4952);
#3808=AXIS2_PLACEMENT_3D('',#5884,#4953,#4954);
#3809=AXIS2_PLACEMENT_3D('',#5886,#4956,#4957);
#3810=AXIS2_PLACEMENT_3D('',#5889,#4959,#4960);
#3811=AXIS2_PLACEMENT_3D('',#5890,#4961,#4962);
#3812=AXIS2_PLACEMENT_3D('',#5892,#4964,#4965);
#3813=AXIS2_PLACEMENT_3D('',#5893,#4966,#4967);
#3814=AXIS2_PLACEMENT_3D('',#5894,#4968,#4969);
#3815=AXIS2_PLACEMENT_3D('',#5897,#4970,#4971);
#3816=AXIS2_PLACEMENT_3D('',#5900,#4972,#4973);
#3817=DIRECTION('axis',(0.,0.,1.));
#3818=DIRECTION('refdir',(1.,0.,0.));
#3819=DIRECTION('center_axis',(-1.,0.,0.));
#3820=DIRECTION('ref_axis',(0.,0.,1.));
#3821=DIRECTION('',(0.,0.,1.));
#3822=DIRECTION('',(0.,1.,0.));
#3823=DIRECTION('',(0.,0.,1.));
#3824=DIRECTION('',(0.,1.,0.));
#3825=DIRECTION('center_axis',(-8.45884209238215E-16,0.,-1.));
#3826=DIRECTION('ref_axis',(-1.,0.,8.45884209238215E-16));
#3827=DIRECTION('',(-1.,0.,8.45884209238215E-16));
#3828=DIRECTION('',(0.,1.,0.));
#3829=DIRECTION('',(-1.,0.,8.45884209238215E-16));
#3830=DIRECTION('center_axis',(1.,0.,0.));
#3831=DIRECTION('ref_axis',(0.,0.,-1.));
#3832=DIRECTION('',(0.,0.,-1.));
#3833=DIRECTION('',(0.,1.,0.));
#3834=DIRECTION('',(0.,0.,-1.));
#3835=DIRECTION('center_axis',(0.,0.,1.));
#3836=DIRECTION('ref_axis',(1.,0.,0.));
#3837=DIRECTION('',(1.,0.,0.));
#3838=DIRECTION('',(1.,0.,0.));
#3839=DIRECTION('center_axis',(0.,1.,0.));
#3840=DIRECTION('ref_axis',(0.,0.,1.));
#3841=DIRECTION('center_axis',(0.,-1.,0.));
#3842=DIRECTION('ref_axis',(1.,0.,0.));
#3843=DIRECTION('center_axis',(4.28626379701574E-16,0.,1.));
#3844=DIRECTION('ref_axis',(-0.707106781186547,0.707106781186548,0.));
#3845=DIRECTION('center_axis',(2.00945343823558E-16,0.,1.));
#3846=DIRECTION('ref_axis',(-0.707106781186547,0.707106781186548,0.));
#3847=DIRECTION('',(4.28626379701574E-16,0.,1.));
#3848=DIRECTION('center_axis',(-1.11022302462516E-15,0.,-1.));
#3849=DIRECTION('ref_axis',(-1.,0.,1.11022302462516E-15));
#3850=DIRECTION('',(-4.28626379701574E-16,0.,-1.));
#3851=DIRECTION('center_axis',(0.,-1.,0.));
#3852=DIRECTION('ref_axis',(0.,0.,-1.));
#3853=DIRECTION('center_axis',(-1.,0.,0.));
#3854=DIRECTION('ref_axis',(0.,0.,1.));
#3855=DIRECTION('center_axis',(0.,-1.,0.));
#3856=DIRECTION('ref_axis',(-0.707106781186548,0.,0.707106781186548));
#3857=DIRECTION('center_axis',(0.,1.,0.));
#3858=DIRECTION('ref_axis',(-0.707106781186547,0.,0.707106781186547));
#3859=DIRECTION('center_axis',(1.,0.,-1.3987061727561E-16));
#3860=DIRECTION('ref_axis',(0.,0.707106781186548,0.707106781186547));
#3861=DIRECTION('center_axis',(-1.,0.,0.));
#3862=DIRECTION('ref_axis',(0.,0.,1.));
#3863=DIRECTION('',(-1.,0.,1.3987061727561E-16));
#3864=DIRECTION('',(1.,0.,-1.3987061727561E-16));
#3865=DIRECTION('center_axis',(0.,-1.,0.));
#3866=DIRECTION('ref_axis',(0.,0.,-1.));
#3867=DIRECTION('center_axis',(5.5511151231258E-16,0.,1.));
#3868=DIRECTION('ref_axis',(1.,0.,-5.5511151231258E-16));
#3869=DIRECTION('center_axis',(0.,-1.,0.));
#3870=DIRECTION('ref_axis',(0.707106781186547,0.,0.707106781186548));
#3871=DIRECTION('center_axis',(0.,1.,0.));
#3872=DIRECTION('ref_axis',(0.707106781186547,0.,0.707106781186548));
#3873=DIRECTION('center_axis',(-2.99385984168581E-16,0.,-1.));
#3874=DIRECTION('ref_axis',(0.707106781186546,0.707106781186549,0.));
#3875=DIRECTION('center_axis',(0.,0.,1.));
#3876=DIRECTION('ref_axis',(1.,0.,0.));
#3877=DIRECTION('',(2.99385984168581E-16,0.,1.));
#3878=DIRECTION('',(-2.99385984168581E-16,0.,-1.));
#3879=DIRECTION('center_axis',(0.,-1.,0.));
#3880=DIRECTION('ref_axis',(0.,0.,-1.));
#3881=DIRECTION('center_axis',(1.,0.,0.));
#3882=DIRECTION('ref_axis',(0.,0.,-1.));
#3883=DIRECTION('center_axis',(0.,-1.,0.));
#3884=DIRECTION('ref_axis',(0.707106781186548,0.,-0.707106781186548));
#3885=DIRECTION('center_axis',(0.,1.,0.));
#3886=DIRECTION('ref_axis',(0.707106781186547,0.,-0.707106781186547));
#3887=DIRECTION('center_axis',(-1.,0.,8.39223703653662E-16));
#3888=DIRECTION('ref_axis',(0.,0.707106781186543,-0.707106781186552));
#3889=DIRECTION('center_axis',(1.,0.,2.22044604925032E-15));
#3890=DIRECTION('ref_axis',(2.22044604925032E-15,0.,-1.));
#3891=DIRECTION('',(1.,0.,-8.39223703653662E-16));
#3892=DIRECTION('',(-1.,0.,8.39223703653662E-16));
#3893=DIRECTION('center_axis',(0.,-1.,0.));
#3894=DIRECTION('ref_axis',(0.,0.,-1.));
#3895=DIRECTION('center_axis',(0.,0.,-1.));
#3896=DIRECTION('ref_axis',(-1.,0.,0.));
#3897=DIRECTION('center_axis',(0.,-1.,0.));
#3898=DIRECTION('ref_axis',(-0.707106781186549,0.,-0.707106781186547));
#3899=DIRECTION('center_axis',(0.,1.,0.));
#3900=DIRECTION('ref_axis',(-0.707106781186549,0.,-0.707106781186547));
#3901=DIRECTION('center_axis',(4.28626379701574E-16,0.,1.));
#3902=DIRECTION('ref_axis',(-0.707106781186547,0.707106781186548,0.));
#3903=DIRECTION('center_axis',(-4.01890687647115E-16,0.,-1.));
#3904=DIRECTION('ref_axis',(-0.707106781186547,0.707106781186548,0.));
#3905=DIRECTION('',(-4.28626379701574E-16,0.,-1.));
#3906=DIRECTION('',(4.28626379701574E-16,0.,1.));
#3907=DIRECTION('center_axis',(0.,1.,0.));
#3908=DIRECTION('ref_axis',(0.,0.,1.));
#3909=DIRECTION('',(1.,0.,-4.01890687647115E-16));
#3910=DIRECTION('',(0.,0.,1.));
#3911=DIRECTION('',(-1.,0.,2.00945343823558E-16));
#3912=DIRECTION('center_axis',(0.,-1.,0.));
#3913=DIRECTION('ref_axis',(1.,0.,0.));
#3914=DIRECTION('center_axis',(0.,-1.,0.));
#3915=DIRECTION('ref_axis',(1.,0.,0.));
#3916=DIRECTION('center_axis',(0.,-1.,0.));
#3917=DIRECTION('ref_axis',(1.,0.,0.));
#3918=DIRECTION('center_axis',(0.,-1.,0.));
#3919=DIRECTION('ref_axis',(1.,0.,0.));
#3920=DIRECTION('center_axis',(0.,-1.,0.));
#3921=DIRECTION('ref_axis',(1.,0.,0.));
#3922=DIRECTION('center_axis',(0.,-1.,0.));
#3923=DIRECTION('ref_axis',(1.,0.,0.));
#3924=DIRECTION('center_axis',(0.,-1.,0.));
#3925=DIRECTION('ref_axis',(1.,0.,0.));
#3926=DIRECTION('center_axis',(0.,-1.,0.));
#3927=DIRECTION('ref_axis',(1.,0.,0.));
#3928=DIRECTION('center_axis',(0.,-1.,0.));
#3929=DIRECTION('ref_axis',(1.,0.,0.));
#3930=DIRECTION('center_axis',(0.,-1.,0.));
#3931=DIRECTION('ref_axis',(1.,0.,0.));
#3932=DIRECTION('center_axis',(0.,-1.,0.));
#3933=DIRECTION('ref_axis',(1.,0.,0.));
#3934=DIRECTION('center_axis',(0.,-1.,0.));
#3935=DIRECTION('ref_axis',(1.,0.,0.));
#3936=DIRECTION('center_axis',(0.,-1.,0.));
#3937=DIRECTION('ref_axis',(1.,0.,0.));
#3938=DIRECTION('center_axis',(0.,-1.,0.));
#3939=DIRECTION('ref_axis',(1.,0.,0.));
#3940=DIRECTION('center_axis',(0.,-1.,0.));
#3941=DIRECTION('ref_axis',(1.,0.,0.));
#3942=DIRECTION('center_axis',(0.,-1.,0.));
#3943=DIRECTION('ref_axis',(1.,0.,0.));
#3944=DIRECTION('center_axis',(0.,-1.,0.));
#3945=DIRECTION('ref_axis',(1.,0.,0.));
#3946=DIRECTION('center_axis',(0.,-1.,0.));
#3947=DIRECTION('ref_axis',(1.,0.,0.));
#3948=DIRECTION('center_axis',(0.,-1.,0.));
#3949=DIRECTION('ref_axis',(1.,0.,0.));
#3950=DIRECTION('center_axis',(0.,-1.,0.));
#3951=DIRECTION('ref_axis',(1.,0.,0.));
#3952=DIRECTION('center_axis',(0.,-1.,0.));
#3953=DIRECTION('ref_axis',(1.,0.,0.));
#3954=DIRECTION('center_axis',(0.,-1.,0.));
#3955=DIRECTION('ref_axis',(1.,0.,0.));
#3956=DIRECTION('center_axis',(0.,-1.,0.));
#3957=DIRECTION('ref_axis',(1.,0.,0.));
#3958=DIRECTION('center_axis',(0.,-1.,0.));
#3959=DIRECTION('ref_axis',(1.,0.,0.));
#3960=DIRECTION('center_axis',(0.,-1.,0.));
#3961=DIRECTION('ref_axis',(1.,0.,0.));
#3962=DIRECTION('center_axis',(0.,-1.,0.));
#3963=DIRECTION('ref_axis',(1.,0.,0.));
#3964=DIRECTION('center_axis',(0.,-1.,0.));
#3965=DIRECTION('ref_axis',(1.,0.,0.));
#3966=DIRECTION('center_axis',(0.,-1.,0.));
#3967=DIRECTION('ref_axis',(1.,0.,0.));
#3968=DIRECTION('center_axis',(0.,-1.,0.));
#3969=DIRECTION('ref_axis',(1.,0.,0.));
#3970=DIRECTION('center_axis',(0.,-1.,0.));
#3971=DIRECTION('ref_axis',(1.,0.,0.));
#3972=DIRECTION('center_axis',(0.,-1.,0.));
#3973=DIRECTION('ref_axis',(1.,0.,0.));
#3974=DIRECTION('center_axis',(0.,-1.,0.));
#3975=DIRECTION('ref_axis',(1.,0.,0.));
#3976=DIRECTION('center_axis',(0.,-1.,0.));
#3977=DIRECTION('ref_axis',(1.,0.,0.));
#3978=DIRECTION('center_axis',(0.,-1.,0.));
#3979=DIRECTION('ref_axis',(1.,0.,0.));
#3980=DIRECTION('center_axis',(0.,-1.,0.));
#3981=DIRECTION('ref_axis',(1.,0.,0.));
#3982=DIRECTION('center_axis',(0.,-1.,0.));
#3983=DIRECTION('ref_axis',(1.,0.,0.));
#3984=DIRECTION('center_axis',(0.,-1.,0.));
#3985=DIRECTION('ref_axis',(1.,0.,0.));
#3986=DIRECTION('center_axis',(0.,-1.,0.));
#3987=DIRECTION('ref_axis',(1.,0.,0.));
#3988=DIRECTION('center_axis',(0.,-1.,0.));
#3989=DIRECTION('ref_axis',(1.,0.,0.));
#3990=DIRECTION('center_axis',(0.,-1.,0.));
#3991=DIRECTION('ref_axis',(1.,0.,0.));
#3992=DIRECTION('center_axis',(0.,-1.,0.));
#3993=DIRECTION('ref_axis',(1.,0.,0.));
#3994=DIRECTION('center_axis',(0.,-1.,0.));
#3995=DIRECTION('ref_axis',(1.,0.,0.));
#3996=DIRECTION('center_axis',(0.,-1.,0.));
#3997=DIRECTION('ref_axis',(1.,0.,0.));
#3998=DIRECTION('center_axis',(0.,-1.,0.));
#3999=DIRECTION('ref_axis',(1.,0.,0.));
#4000=DIRECTION('center_axis',(0.,-1.,0.));
#4001=DIRECTION('ref_axis',(1.,0.,0.));
#4002=DIRECTION('center_axis',(0.,-1.,0.));
#4003=DIRECTION('ref_axis',(1.,0.,0.));
#4004=DIRECTION('center_axis',(0.,-1.,0.));
#4005=DIRECTION('ref_axis',(1.,0.,0.));
#4006=DIRECTION('center_axis',(0.,-1.,0.));
#4007=DIRECTION('ref_axis',(1.,0.,0.));
#4008=DIRECTION('center_axis',(0.,-1.,0.));
#4009=DIRECTION('ref_axis',(1.,0.,0.));
#4010=DIRECTION('center_axis',(0.,-1.,0.));
#4011=DIRECTION('ref_axis',(1.,0.,0.));
#4012=DIRECTION('center_axis',(0.,-1.,0.));
#4013=DIRECTION('ref_axis',(1.,0.,0.));
#4014=DIRECTION('center_axis',(0.,-1.,0.));
#4015=DIRECTION('ref_axis',(1.,0.,0.));
#4016=DIRECTION('center_axis',(0.,-1.,0.));
#4017=DIRECTION('ref_axis',(1.,0.,0.));
#4018=DIRECTION('center_axis',(0.,-1.,0.));
#4019=DIRECTION('ref_axis',(1.,0.,0.));
#4020=DIRECTION('center_axis',(0.,-1.,0.));
#4021=DIRECTION('ref_axis',(1.,0.,0.));
#4022=DIRECTION('center_axis',(0.,-1.,0.));
#4023=DIRECTION('ref_axis',(1.,0.,0.));
#4024=DIRECTION('center_axis',(0.,-1.,0.));
#4025=DIRECTION('ref_axis',(1.,0.,0.));
#4026=DIRECTION('center_axis',(0.,-1.,0.));
#4027=DIRECTION('ref_axis',(1.,0.,0.));
#4028=DIRECTION('center_axis',(0.,-1.,0.));
#4029=DIRECTION('ref_axis',(1.,0.,0.));
#4030=DIRECTION('center_axis',(0.,-1.,0.));
#4031=DIRECTION('ref_axis',(1.,0.,0.));
#4032=DIRECTION('center_axis',(0.,-1.,0.));
#4033=DIRECTION('ref_axis',(1.,0.,0.));
#4034=DIRECTION('center_axis',(0.,-1.,0.));
#4035=DIRECTION('ref_axis',(1.,0.,0.));
#4036=DIRECTION('center_axis',(0.,-1.,0.));
#4037=DIRECTION('ref_axis',(1.,0.,0.));
#4038=DIRECTION('center_axis',(0.,-1.,0.));
#4039=DIRECTION('ref_axis',(1.,0.,0.));
#4040=DIRECTION('center_axis',(0.,-1.,0.));
#4041=DIRECTION('ref_axis',(1.,0.,0.));
#4042=DIRECTION('center_axis',(0.,-1.,0.));
#4043=DIRECTION('ref_axis',(1.,0.,0.));
#4044=DIRECTION('center_axis',(0.,-1.,0.));
#4045=DIRECTION('ref_axis',(1.,0.,0.));
#4046=DIRECTION('center_axis',(0.,-1.,0.));
#4047=DIRECTION('ref_axis',(1.,0.,0.));
#4048=DIRECTION('center_axis',(0.,-1.,0.));
#4049=DIRECTION('ref_axis',(1.,0.,0.));
#4050=DIRECTION('center_axis',(0.,-1.,0.));
#4051=DIRECTION('ref_axis',(1.,0.,0.));
#4052=DIRECTION('center_axis',(0.,-1.,0.));
#4053=DIRECTION('ref_axis',(1.,0.,0.));
#4054=DIRECTION('center_axis',(0.,-1.,0.));
#4055=DIRECTION('ref_axis',(1.,0.,0.));
#4056=DIRECTION('center_axis',(0.,-1.,0.));
#4057=DIRECTION('ref_axis',(1.,0.,0.));
#4058=DIRECTION('center_axis',(0.,-1.,0.));
#4059=DIRECTION('ref_axis',(1.,0.,0.));
#4060=DIRECTION('center_axis',(0.,-1.,0.));
#4061=DIRECTION('ref_axis',(1.,0.,0.));
#4062=DIRECTION('center_axis',(0.,-1.,0.));
#4063=DIRECTION('ref_axis',(1.,0.,0.));
#4064=DIRECTION('center_axis',(0.,-1.,0.));
#4065=DIRECTION('ref_axis',(1.,0.,0.));
#4066=DIRECTION('center_axis',(0.,-1.,0.));
#4067=DIRECTION('ref_axis',(1.,0.,0.));
#4068=DIRECTION('center_axis',(0.,-1.,0.));
#4069=DIRECTION('ref_axis',(1.,0.,0.));
#4070=DIRECTION('center_axis',(0.,-1.,0.));
#4071=DIRECTION('ref_axis',(1.,0.,0.));
#4072=DIRECTION('center_axis',(0.,-1.,0.));
#4073=DIRECTION('ref_axis',(1.,0.,0.));
#4074=DIRECTION('center_axis',(0.,-1.,0.));
#4075=DIRECTION('ref_axis',(1.,0.,0.));
#4076=DIRECTION('center_axis',(0.,-1.,0.));
#4077=DIRECTION('ref_axis',(1.,0.,0.));
#4078=DIRECTION('center_axis',(0.,-1.,0.));
#4079=DIRECTION('ref_axis',(1.,0.,0.));
#4080=DIRECTION('center_axis',(0.,-1.,0.));
#4081=DIRECTION('ref_axis',(1.,0.,0.));
#4082=DIRECTION('center_axis',(0.,-1.,0.));
#4083=DIRECTION('ref_axis',(1.,0.,0.));
#4084=DIRECTION('center_axis',(0.,-1.,0.));
#4085=DIRECTION('ref_axis',(1.,0.,0.));
#4086=DIRECTION('center_axis',(0.,-1.,0.));
#4087=DIRECTION('ref_axis',(1.,0.,0.));
#4088=DIRECTION('center_axis',(0.,-1.,0.));
#4089=DIRECTION('ref_axis',(1.,0.,0.));
#4090=DIRECTION('center_axis',(0.,-1.,0.));
#4091=DIRECTION('ref_axis',(1.,0.,0.));
#4092=DIRECTION('center_axis',(0.,-1.,0.));
#4093=DIRECTION('ref_axis',(1.,0.,0.));
#4094=DIRECTION('center_axis',(0.,-1.,0.));
#4095=DIRECTION('ref_axis',(1.,0.,0.));
#4096=DIRECTION('center_axis',(0.,-1.,0.));
#4097=DIRECTION('ref_axis',(1.,0.,0.));
#4098=DIRECTION('center_axis',(0.,-1.,0.));
#4099=DIRECTION('ref_axis',(1.,0.,0.));
#4100=DIRECTION('center_axis',(0.,-1.,0.));
#4101=DIRECTION('ref_axis',(1.,0.,0.));
#4102=DIRECTION('center_axis',(0.,-1.,0.));
#4103=DIRECTION('ref_axis',(1.,0.,0.));
#4104=DIRECTION('center_axis',(0.,-1.,0.));
#4105=DIRECTION('ref_axis',(1.,0.,0.));
#4106=DIRECTION('center_axis',(0.,-1.,0.));
#4107=DIRECTION('ref_axis',(1.,0.,0.));
#4108=DIRECTION('center_axis',(0.,-1.,0.));
#4109=DIRECTION('ref_axis',(1.,0.,0.));
#4110=DIRECTION('center_axis',(0.,-1.,0.));
#4111=DIRECTION('ref_axis',(1.,0.,0.));
#4112=DIRECTION('center_axis',(0.,-1.,0.));
#4113=DIRECTION('ref_axis',(1.,0.,0.));
#4114=DIRECTION('center_axis',(0.,-1.,0.));
#4115=DIRECTION('ref_axis',(1.,0.,0.));
#4116=DIRECTION('center_axis',(0.,-1.,0.));
#4117=DIRECTION('ref_axis',(1.,0.,0.));
#4118=DIRECTION('center_axis',(0.,-1.,0.));
#4119=DIRECTION('ref_axis',(1.,0.,0.));
#4120=DIRECTION('center_axis',(0.,-1.,0.));
#4121=DIRECTION('ref_axis',(1.,0.,0.));
#4122=DIRECTION('center_axis',(0.,-1.,0.));
#4123=DIRECTION('ref_axis',(1.,0.,0.));
#4124=DIRECTION('center_axis',(0.,-1.,0.));
#4125=DIRECTION('ref_axis',(1.,0.,0.));
#4126=DIRECTION('center_axis',(0.,-1.,0.));
#4127=DIRECTION('ref_axis',(1.,0.,0.));
#4128=DIRECTION('center_axis',(-4.01890687647115E-16,0.,-1.));
#4129=DIRECTION('ref_axis',(1.,0.,-4.01890687647115E-16));
#4130=DIRECTION('',(0.,1.,0.));
#4131=DIRECTION('',(1.,0.,-4.01890687647115E-16));
#4132=DIRECTION('',(0.,-1.,0.));
#4133=DIRECTION('center_axis',(0.,1.,0.));
#4134=DIRECTION('ref_axis',(1.,0.,0.));
#4135=DIRECTION('center_axis',(0.,1.,0.));
#4136=DIRECTION('ref_axis',(1.,0.,0.));
#4137=DIRECTION('',(0.,1.,0.));
#4138=DIRECTION('center_axis',(0.,-1.,0.));
#4139=DIRECTION('ref_axis',(1.,0.,0.));
#4140=DIRECTION('center_axis',(0.,1.,0.));
#4141=DIRECTION('ref_axis',(1.,0.,0.));
#4142=DIRECTION('center_axis',(0.,1.,0.));
#4143=DIRECTION('ref_axis',(1.,0.,0.));
#4144=DIRECTION('',(0.,1.,0.));
#4145=DIRECTION('center_axis',(0.,-1.,0.));
#4146=DIRECTION('ref_axis',(1.,0.,0.));
#4147=DIRECTION('center_axis',(0.,1.,0.));
#4148=DIRECTION('ref_axis',(1.,0.,0.));
#4149=DIRECTION('center_axis',(0.,1.,0.));
#4150=DIRECTION('ref_axis',(1.,0.,0.));
#4151=DIRECTION('',(0.,1.,0.));
#4152=DIRECTION('center_axis',(0.,1.,0.));
#4153=DIRECTION('ref_axis',(1.,0.,0.));
#4154=DIRECTION('center_axis',(0.,-1.,0.));
#4155=DIRECTION('ref_axis',(0.,0.,-1.));
#4156=DIRECTION('center_axis',(0.,1.,0.));
#4157=DIRECTION('ref_axis',(1.,0.,0.));
#4158=DIRECTION('center_axis',(0.,1.,0.));
#4159=DIRECTION('ref_axis',(1.,0.,0.));
#4160=DIRECTION('',(0.,1.,0.));
#4161=DIRECTION('center_axis',(0.,1.,0.));
#4162=DIRECTION('ref_axis',(1.,0.,0.));
#4163=DIRECTION('center_axis',(0.,-1.,0.));
#4164=DIRECTION('ref_axis',(0.,0.,-1.));
#4165=DIRECTION('center_axis',(2.00945343823558E-16,0.,1.));
#4166=DIRECTION('ref_axis',(-1.,0.,2.00945343823558E-16));
#4167=DIRECTION('',(0.,-1.,0.));
#4168=DIRECTION('',(-1.,0.,2.00945343823558E-16));
#4169=DIRECTION('',(0.,-1.,0.));
#4170=DIRECTION('center_axis',(1.,0.,0.));
#4171=DIRECTION('ref_axis',(0.,0.,1.));
#4172=DIRECTION('',(0.,0.,1.));
#4173=DIRECTION('center_axis',(0.,-1.,0.));
#4174=DIRECTION('ref_axis',(0.,0.,-1.));
#4175=DIRECTION('',(-4.28626379701574E-16,0.,-1.));
#4176=DIRECTION('center_axis',(-1.,0.,4.28626379701574E-16));
#4177=DIRECTION('ref_axis',(4.28626379701574E-16,0.,1.));
#4178=DIRECTION('',(0.,1.,0.));
#4179=DIRECTION('',(4.28626379701574E-16,0.,1.));
#4180=DIRECTION('',(0.,-1.,0.));
#4181=DIRECTION('center_axis',(0.,-1.,0.));
#4182=DIRECTION('ref_axis',(1.,0.,0.));
#4183=DIRECTION('',(0.,-1.,0.));
#4184=DIRECTION('center_axis',(0.,-1.,0.));
#4185=DIRECTION('ref_axis',(1.,0.,0.));
#4186=DIRECTION('center_axis',(0.,1.,0.));
#4187=DIRECTION('ref_axis',(0.,0.,1.));
#4188=DIRECTION('center_axis',(0.,-1.,0.));
#4189=DIRECTION('ref_axis',(1.,0.,0.));
#4190=DIRECTION('',(0.,-1.,0.));
#4191=DIRECTION('center_axis',(0.,-1.,0.));
#4192=DIRECTION('ref_axis',(1.,0.,0.));
#4193=DIRECTION('center_axis',(0.,1.,0.));
#4194=DIRECTION('ref_axis',(0.,0.,1.));
#4195=DIRECTION('center_axis',(0.,-1.,0.));
#4196=DIRECTION('ref_axis',(1.,0.,0.));
#4197=DIRECTION('',(0.,-1.,0.));
#4198=DIRECTION('center_axis',(0.,-1.,0.));
#4199=DIRECTION('ref_axis',(1.,0.,0.));
#4200=DIRECTION('center_axis',(0.,1.,0.));
#4201=DIRECTION('ref_axis',(0.,0.,1.));
#4202=DIRECTION('center_axis',(0.,-1.,0.));
#4203=DIRECTION('ref_axis',(1.,0.,0.));
#4204=DIRECTION('',(0.,-1.,0.));
#4205=DIRECTION('center_axis',(0.,-1.,0.));
#4206=DIRECTION('ref_axis',(1.,0.,0.));
#4207=DIRECTION('center_axis',(0.,1.,0.));
#4208=DIRECTION('ref_axis',(0.,0.,1.));
#4209=DIRECTION('center_axis',(0.,-1.,0.));
#4210=DIRECTION('ref_axis',(1.,0.,0.));
#4211=DIRECTION('',(0.,-1.,0.));
#4212=DIRECTION('center_axis',(0.,-1.,0.));
#4213=DIRECTION('ref_axis',(1.,0.,0.));
#4214=DIRECTION('center_axis',(0.,1.,0.));
#4215=DIRECTION('ref_axis',(0.,0.,1.));
#4216=DIRECTION('center_axis',(0.,-1.,0.));
#4217=DIRECTION('ref_axis',(1.,0.,0.));
#4218=DIRECTION('',(0.,-1.,0.));
#4219=DIRECTION('center_axis',(0.,-1.,0.));
#4220=DIRECTION('ref_axis',(1.,0.,0.));
#4221=DIRECTION('center_axis',(0.,1.,0.));
#4222=DIRECTION('ref_axis',(0.,0.,1.));
#4223=DIRECTION('center_axis',(0.,-1.,0.));
#4224=DIRECTION('ref_axis',(1.,0.,0.));
#4225=DIRECTION('',(0.,-1.,0.));
#4226=DIRECTION('center_axis',(0.,-1.,0.));
#4227=DIRECTION('ref_axis',(1.,0.,0.));
#4228=DIRECTION('center_axis',(0.,1.,0.));
#4229=DIRECTION('ref_axis',(0.,0.,1.));
#4230=DIRECTION('center_axis',(0.,-1.,0.));
#4231=DIRECTION('ref_axis',(1.,0.,0.));
#4232=DIRECTION('',(0.,-1.,0.));
#4233=DIRECTION('center_axis',(0.,-1.,0.));
#4234=DIRECTION('ref_axis',(1.,0.,0.));
#4235=DIRECTION('center_axis',(0.,1.,0.));
#4236=DIRECTION('ref_axis',(0.,0.,1.));
#4237=DIRECTION('center_axis',(0.,-1.,0.));
#4238=DIRECTION('ref_axis',(1.,0.,0.));
#4239=DIRECTION('',(0.,-1.,0.));
#4240=DIRECTION('center_axis',(0.,-1.,0.));
#4241=DIRECTION('ref_axis',(1.,0.,0.));
#4242=DIRECTION('center_axis',(0.,1.,0.));
#4243=DIRECTION('ref_axis',(0.,0.,1.));
#4244=DIRECTION('center_axis',(0.,-1.,0.));
#4245=DIRECTION('ref_axis',(1.,0.,0.));
#4246=DIRECTION('',(0.,-1.,0.));
#4247=DIRECTION('center_axis',(0.,-1.,0.));
#4248=DIRECTION('ref_axis',(1.,0.,0.));
#4249=DIRECTION('center_axis',(0.,1.,0.));
#4250=DIRECTION('ref_axis',(0.,0.,1.));
#4251=DIRECTION('center_axis',(0.,-1.,0.));
#4252=DIRECTION('ref_axis',(1.,0.,0.));
#4253=DIRECTION('',(0.,-1.,0.));
#4254=DIRECTION('center_axis',(0.,-1.,0.));
#4255=DIRECTION('ref_axis',(1.,0.,0.));
#4256=DIRECTION('center_axis',(0.,1.,0.));
#4257=DIRECTION('ref_axis',(0.,0.,1.));
#4258=DIRECTION('center_axis',(0.,-1.,0.));
#4259=DIRECTION('ref_axis',(1.,0.,0.));
#4260=DIRECTION('',(0.,-1.,0.));
#4261=DIRECTION('center_axis',(0.,-1.,0.));
#4262=DIRECTION('ref_axis',(1.,0.,0.));
#4263=DIRECTION('center_axis',(0.,1.,0.));
#4264=DIRECTION('ref_axis',(0.,0.,1.));
#4265=DIRECTION('center_axis',(0.,-1.,0.));
#4266=DIRECTION('ref_axis',(1.,0.,0.));
#4267=DIRECTION('',(0.,-1.,0.));
#4268=DIRECTION('center_axis',(0.,-1.,0.));
#4269=DIRECTION('ref_axis',(1.,0.,0.));
#4270=DIRECTION('center_axis',(0.,1.,0.));
#4271=DIRECTION('ref_axis',(0.,0.,1.));
#4272=DIRECTION('center_axis',(0.,-1.,0.));
#4273=DIRECTION('ref_axis',(1.,0.,0.));
#4274=DIRECTION('',(0.,-1.,0.));
#4275=DIRECTION('center_axis',(0.,-1.,0.));
#4276=DIRECTION('ref_axis',(1.,0.,0.));
#4277=DIRECTION('center_axis',(0.,1.,0.));
#4278=DIRECTION('ref_axis',(0.,0.,1.));
#4279=DIRECTION('center_axis',(0.,-1.,0.));
#4280=DIRECTION('ref_axis',(1.,0.,0.));
#4281=DIRECTION('',(0.,-1.,0.));
#4282=DIRECTION('center_axis',(0.,-1.,0.));
#4283=DIRECTION('ref_axis',(1.,0.,0.));
#4284=DIRECTION('center_axis',(0.,1.,0.));
#4285=DIRECTION('ref_axis',(0.,0.,1.));
#4286=DIRECTION('center_axis',(0.,-1.,0.));
#4287=DIRECTION('ref_axis',(1.,0.,0.));
#4288=DIRECTION('',(0.,-1.,0.));
#4289=DIRECTION('center_axis',(0.,-1.,0.));
#4290=DIRECTION('ref_axis',(1.,0.,0.));
#4291=DIRECTION('center_axis',(0.,1.,0.));
#4292=DIRECTION('ref_axis',(0.,0.,1.));
#4293=DIRECTION('center_axis',(0.,-1.,0.));
#4294=DIRECTION('ref_axis',(1.,0.,0.));
#4295=DIRECTION('',(0.,-1.,0.));
#4296=DIRECTION('center_axis',(0.,-1.,0.));
#4297=DIRECTION('ref_axis',(1.,0.,0.));
#4298=DIRECTION('center_axis',(0.,1.,0.));
#4299=DIRECTION('ref_axis',(0.,0.,1.));
#4300=DIRECTION('center_axis',(0.,-1.,0.));
#4301=DIRECTION('ref_axis',(1.,0.,0.));
#4302=DIRECTION('',(0.,-1.,0.));
#4303=DIRECTION('center_axis',(0.,-1.,0.));
#4304=DIRECTION('ref_axis',(1.,0.,0.));
#4305=DIRECTION('center_axis',(0.,1.,0.));
#4306=DIRECTION('ref_axis',(0.,0.,1.));
#4307=DIRECTION('center_axis',(0.,-1.,0.));
#4308=DIRECTION('ref_axis',(1.,0.,0.));
#4309=DIRECTION('',(0.,-1.,0.));
#4310=DIRECTION('center_axis',(0.,-1.,0.));
#4311=DIRECTION('ref_axis',(1.,0.,0.));
#4312=DIRECTION('center_axis',(0.,1.,0.));
#4313=DIRECTION('ref_axis',(0.,0.,1.));
#4314=DIRECTION('center_axis',(0.,-1.,0.));
#4315=DIRECTION('ref_axis',(1.,0.,0.));
#4316=DIRECTION('',(0.,-1.,0.));
#4317=DIRECTION('center_axis',(0.,-1.,0.));
#4318=DIRECTION('ref_axis',(1.,0.,0.));
#4319=DIRECTION('center_axis',(0.,1.,0.));
#4320=DIRECTION('ref_axis',(0.,0.,1.));
#4321=DIRECTION('center_axis',(0.,-1.,0.));
#4322=DIRECTION('ref_axis',(1.,0.,0.));
#4323=DIRECTION('',(0.,-1.,0.));
#4324=DIRECTION('center_axis',(0.,-1.,0.));
#4325=DIRECTION('ref_axis',(1.,0.,0.));
#4326=DIRECTION('center_axis',(0.,1.,0.));
#4327=DIRECTION('ref_axis',(0.,0.,1.));
#4328=DIRECTION('center_axis',(0.,-1.,0.));
#4329=DIRECTION('ref_axis',(1.,0.,0.));
#4330=DIRECTION('',(0.,-1.,0.));
#4331=DIRECTION('center_axis',(0.,-1.,0.));
#4332=DIRECTION('ref_axis',(1.,0.,0.));
#4333=DIRECTION('center_axis',(0.,1.,0.));
#4334=DIRECTION('ref_axis',(0.,0.,1.));
#4335=DIRECTION('center_axis',(0.,-1.,0.));
#4336=DIRECTION('ref_axis',(1.,0.,0.));
#4337=DIRECTION('',(0.,-1.,0.));
#4338=DIRECTION('center_axis',(0.,-1.,0.));
#4339=DIRECTION('ref_axis',(1.,0.,0.));
#4340=DIRECTION('center_axis',(0.,1.,0.));
#4341=DIRECTION('ref_axis',(0.,0.,1.));
#4342=DIRECTION('center_axis',(0.,-1.,0.));
#4343=DIRECTION('ref_axis',(1.,0.,0.));
#4344=DIRECTION('',(0.,-1.,0.));
#4345=DIRECTION('center_axis',(0.,-1.,0.));
#4346=DIRECTION('ref_axis',(1.,0.,0.));
#4347=DIRECTION('center_axis',(0.,1.,0.));
#4348=DIRECTION('ref_axis',(0.,0.,1.));
#4349=DIRECTION('center_axis',(0.,-1.,0.));
#4350=DIRECTION('ref_axis',(1.,0.,0.));
#4351=DIRECTION('',(0.,-1.,0.));
#4352=DIRECTION('center_axis',(0.,-1.,0.));
#4353=DIRECTION('ref_axis',(1.,0.,0.));
#4354=DIRECTION('center_axis',(0.,1.,0.));
#4355=DIRECTION('ref_axis',(0.,0.,1.));
#4356=DIRECTION('center_axis',(0.,-1.,0.));
#4357=DIRECTION('ref_axis',(1.,0.,0.));
#4358=DIRECTION('',(0.,-1.,0.));
#4359=DIRECTION('center_axis',(0.,-1.,0.));
#4360=DIRECTION('ref_axis',(1.,0.,0.));
#4361=DIRECTION('center_axis',(0.,1.,0.));
#4362=DIRECTION('ref_axis',(0.,0.,1.));
#4363=DIRECTION('center_axis',(0.,-1.,0.));
#4364=DIRECTION('ref_axis',(1.,0.,0.));
#4365=DIRECTION('',(0.,-1.,0.));
#4366=DIRECTION('center_axis',(0.,-1.,0.));
#4367=DIRECTION('ref_axis',(1.,0.,0.));
#4368=DIRECTION('center_axis',(0.,1.,0.));
#4369=DIRECTION('ref_axis',(0.,0.,1.));
#4370=DIRECTION('center_axis',(0.,-1.,0.));
#4371=DIRECTION('ref_axis',(1.,0.,0.));
#4372=DIRECTION('',(0.,-1.,0.));
#4373=DIRECTION('center_axis',(0.,-1.,0.));
#4374=DIRECTION('ref_axis',(1.,0.,0.));
#4375=DIRECTION('center_axis',(0.,1.,0.));
#4376=DIRECTION('ref_axis',(0.,0.,1.));
#4377=DIRECTION('center_axis',(0.,-1.,0.));
#4378=DIRECTION('ref_axis',(1.,0.,0.));
#4379=DIRECTION('',(0.,-1.,0.));
#4380=DIRECTION('center_axis',(0.,-1.,0.));
#4381=DIRECTION('ref_axis',(1.,0.,0.));
#4382=DIRECTION('center_axis',(0.,1.,0.));
#4383=DIRECTION('ref_axis',(0.,0.,1.));
#4384=DIRECTION('center_axis',(0.,-1.,0.));
#4385=DIRECTION('ref_axis',(1.,0.,0.));
#4386=DIRECTION('',(0.,-1.,0.));
#4387=DIRECTION('center_axis',(0.,-1.,0.));
#4388=DIRECTION('ref_axis',(1.,0.,0.));
#4389=DIRECTION('center_axis',(0.,1.,0.));
#4390=DIRECTION('ref_axis',(0.,0.,1.));
#4391=DIRECTION('center_axis',(0.,-1.,0.));
#4392=DIRECTION('ref_axis',(1.,0.,0.));
#4393=DIRECTION('',(0.,-1.,0.));
#4394=DIRECTION('center_axis',(0.,-1.,0.));
#4395=DIRECTION('ref_axis',(1.,0.,0.));
#4396=DIRECTION('center_axis',(0.,1.,0.));
#4397=DIRECTION('ref_axis',(0.,0.,1.));
#4398=DIRECTION('center_axis',(0.,-1.,0.));
#4399=DIRECTION('ref_axis',(1.,0.,0.));
#4400=DIRECTION('',(0.,-1.,0.));
#4401=DIRECTION('center_axis',(0.,-1.,0.));
#4402=DIRECTION('ref_axis',(1.,0.,0.));
#4403=DIRECTION('center_axis',(0.,1.,0.));
#4404=DIRECTION('ref_axis',(0.,0.,1.));
#4405=DIRECTION('center_axis',(0.,-1.,0.));
#4406=DIRECTION('ref_axis',(1.,0.,0.));
#4407=DIRECTION('',(0.,-1.,0.));
#4408=DIRECTION('center_axis',(0.,-1.,0.));
#4409=DIRECTION('ref_axis',(1.,0.,0.));
#4410=DIRECTION('center_axis',(0.,1.,0.));
#4411=DIRECTION('ref_axis',(0.,0.,1.));
#4412=DIRECTION('center_axis',(0.,-1.,0.));
#4413=DIRECTION('ref_axis',(1.,0.,0.));
#4414=DIRECTION('',(0.,-1.,0.));
#4415=DIRECTION('center_axis',(0.,-1.,0.));
#4416=DIRECTION('ref_axis',(1.,0.,0.));
#4417=DIRECTION('center_axis',(0.,1.,0.));
#4418=DIRECTION('ref_axis',(0.,0.,1.));
#4419=DIRECTION('center_axis',(0.,-1.,0.));
#4420=DIRECTION('ref_axis',(1.,0.,0.));
#4421=DIRECTION('',(0.,-1.,0.));
#4422=DIRECTION('center_axis',(0.,-1.,0.));
#4423=DIRECTION('ref_axis',(1.,0.,0.));
#4424=DIRECTION('center_axis',(0.,1.,0.));
#4425=DIRECTION('ref_axis',(0.,0.,1.));
#4426=DIRECTION('center_axis',(0.,-1.,0.));
#4427=DIRECTION('ref_axis',(1.,0.,0.));
#4428=DIRECTION('',(0.,-1.,0.));
#4429=DIRECTION('center_axis',(0.,-1.,0.));
#4430=DIRECTION('ref_axis',(1.,0.,0.));
#4431=DIRECTION('center_axis',(0.,1.,0.));
#4432=DIRECTION('ref_axis',(0.,0.,1.));
#4433=DIRECTION('center_axis',(0.,-1.,0.));
#4434=DIRECTION('ref_axis',(1.,0.,0.));
#4435=DIRECTION('',(0.,-1.,0.));
#4436=DIRECTION('center_axis',(0.,-1.,0.));
#4437=DIRECTION('ref_axis',(1.,0.,0.));
#4438=DIRECTION('center_axis',(0.,1.,0.));
#4439=DIRECTION('ref_axis',(0.,0.,1.));
#4440=DIRECTION('center_axis',(0.,-1.,0.));
#4441=DIRECTION('ref_axis',(1.,0.,0.));
#4442=DIRECTION('',(0.,-1.,0.));
#4443=DIRECTION('center_axis',(0.,-1.,0.));
#4444=DIRECTION('ref_axis',(1.,0.,0.));
#4445=DIRECTION('center_axis',(0.,1.,0.));
#4446=DIRECTION('ref_axis',(0.,0.,1.));
#4447=DIRECTION('center_axis',(0.,-1.,0.));
#4448=DIRECTION('ref_axis',(1.,0.,0.));
#4449=DIRECTION('',(0.,-1.,0.));
#4450=DIRECTION('center_axis',(0.,-1.,0.));
#4451=DIRECTION('ref_axis',(1.,0.,0.));
#4452=DIRECTION('center_axis',(0.,1.,0.));
#4453=DIRECTION('ref_axis',(0.,0.,1.));
#4454=DIRECTION('center_axis',(0.,-1.,0.));
#4455=DIRECTION('ref_axis',(1.,0.,0.));
#4456=DIRECTION('',(0.,-1.,0.));
#4457=DIRECTION('center_axis',(0.,-1.,0.));
#4458=DIRECTION('ref_axis',(1.,0.,0.));
#4459=DIRECTION('center_axis',(0.,1.,0.));
#4460=DIRECTION('ref_axis',(0.,0.,1.));
#4461=DIRECTION('center_axis',(0.,-1.,0.));
#4462=DIRECTION('ref_axis',(1.,0.,0.));
#4463=DIRECTION('',(0.,-1.,0.));
#4464=DIRECTION('center_axis',(0.,-1.,0.));
#4465=DIRECTION('ref_axis',(1.,0.,0.));
#4466=DIRECTION('center_axis',(0.,1.,0.));
#4467=DIRECTION('ref_axis',(0.,0.,1.));
#4468=DIRECTION('center_axis',(0.,-1.,0.));
#4469=DIRECTION('ref_axis',(1.,0.,0.));
#4470=DIRECTION('',(0.,-1.,0.));
#4471=DIRECTION('center_axis',(0.,-1.,0.));
#4472=DIRECTION('ref_axis',(1.,0.,0.));
#4473=DIRECTION('center_axis',(0.,1.,0.));
#4474=DIRECTION('ref_axis',(0.,0.,1.));
#4475=DIRECTION('center_axis',(0.,-1.,0.));
#4476=DIRECTION('ref_axis',(1.,0.,0.));
#4477=DIRECTION('',(0.,-1.,0.));
#4478=DIRECTION('center_axis',(0.,-1.,0.));
#4479=DIRECTION('ref_axis',(1.,0.,0.));
#4480=DIRECTION('center_axis',(0.,1.,0.));
#4481=DIRECTION('ref_axis',(0.,0.,1.));
#4482=DIRECTION('center_axis',(0.,-1.,0.));
#4483=DIRECTION('ref_axis',(1.,0.,0.));
#4484=DIRECTION('',(0.,-1.,0.));
#4485=DIRECTION('center_axis',(0.,-1.,0.));
#4486=DIRECTION('ref_axis',(1.,0.,0.));
#4487=DIRECTION('center_axis',(0.,1.,0.));
#4488=DIRECTION('ref_axis',(0.,0.,1.));
#4489=DIRECTION('center_axis',(0.,-1.,0.));
#4490=DIRECTION('ref_axis',(1.,0.,0.));
#4491=DIRECTION('',(0.,-1.,0.));
#4492=DIRECTION('center_axis',(0.,-1.,0.));
#4493=DIRECTION('ref_axis',(1.,0.,0.));
#4494=DIRECTION('center_axis',(0.,1.,0.));
#4495=DIRECTION('ref_axis',(0.,0.,1.));
#4496=DIRECTION('center_axis',(0.,-1.,0.));
#4497=DIRECTION('ref_axis',(1.,0.,0.));
#4498=DIRECTION('',(0.,-1.,0.));
#4499=DIRECTION('center_axis',(0.,-1.,0.));
#4500=DIRECTION('ref_axis',(1.,0.,0.));
#4501=DIRECTION('center_axis',(0.,1.,0.));
#4502=DIRECTION('ref_axis',(0.,0.,1.));
#4503=DIRECTION('center_axis',(0.,-1.,0.));
#4504=DIRECTION('ref_axis',(1.,0.,0.));
#4505=DIRECTION('',(0.,-1.,0.));
#4506=DIRECTION('center_axis',(0.,-1.,0.));
#4507=DIRECTION('ref_axis',(1.,0.,0.));
#4508=DIRECTION('center_axis',(0.,1.,0.));
#4509=DIRECTION('ref_axis',(0.,0.,1.));
#4510=DIRECTION('center_axis',(0.,-1.,0.));
#4511=DIRECTION('ref_axis',(1.,0.,0.));
#4512=DIRECTION('',(0.,-1.,0.));
#4513=DIRECTION('center_axis',(0.,-1.,0.));
#4514=DIRECTION('ref_axis',(1.,0.,0.));
#4515=DIRECTION('center_axis',(0.,1.,0.));
#4516=DIRECTION('ref_axis',(0.,0.,1.));
#4517=DIRECTION('center_axis',(0.,-1.,0.));
#4518=DIRECTION('ref_axis',(1.,0.,0.));
#4519=DIRECTION('',(0.,-1.,0.));
#4520=DIRECTION('center_axis',(0.,-1.,0.));
#4521=DIRECTION('ref_axis',(1.,0.,0.));
#4522=DIRECTION('center_axis',(0.,1.,0.));
#4523=DIRECTION('ref_axis',(0.,0.,1.));
#4524=DIRECTION('center_axis',(0.,-1.,0.));
#4525=DIRECTION('ref_axis',(1.,0.,0.));
#4526=DIRECTION('',(0.,-1.,0.));
#4527=DIRECTION('center_axis',(0.,-1.,0.));
#4528=DIRECTION('ref_axis',(1.,0.,0.));
#4529=DIRECTION('center_axis',(0.,1.,0.));
#4530=DIRECTION('ref_axis',(0.,0.,1.));
#4531=DIRECTION('center_axis',(0.,-1.,0.));
#4532=DIRECTION('ref_axis',(1.,0.,0.));
#4533=DIRECTION('',(0.,-1.,0.));
#4534=DIRECTION('center_axis',(0.,-1.,0.));
#4535=DIRECTION('ref_axis',(1.,0.,0.));
#4536=DIRECTION('center_axis',(0.,1.,0.));
#4537=DIRECTION('ref_axis',(0.,0.,1.));
#4538=DIRECTION('center_axis',(0.,-1.,0.));
#4539=DIRECTION('ref_axis',(1.,0.,0.));
#4540=DIRECTION('',(0.,-1.,0.));
#4541=DIRECTION('center_axis',(0.,-1.,0.));
#4542=DIRECTION('ref_axis',(1.,0.,0.));
#4543=DIRECTION('center_axis',(0.,1.,0.));
#4544=DIRECTION('ref_axis',(0.,0.,1.));
#4545=DIRECTION('center_axis',(0.,-1.,0.));
#4546=DIRECTION('ref_axis',(1.,0.,0.));
#4547=DIRECTION('',(0.,-1.,0.));
#4548=DIRECTION('center_axis',(0.,-1.,0.));
#4549=DIRECTION('ref_axis',(1.,0.,0.));
#4550=DIRECTION('center_axis',(0.,1.,0.));
#4551=DIRECTION('ref_axis',(0.,0.,1.));
#4552=DIRECTION('center_axis',(0.,-1.,0.));
#4553=DIRECTION('ref_axis',(1.,0.,0.));
#4554=DIRECTION('',(0.,-1.,0.));
#4555=DIRECTION('center_axis',(0.,-1.,0.));
#4556=DIRECTION('ref_axis',(1.,0.,0.));
#4557=DIRECTION('center_axis',(0.,1.,0.));
#4558=DIRECTION('ref_axis',(0.,0.,1.));
#4559=DIRECTION('center_axis',(0.,-1.,0.));
#4560=DIRECTION('ref_axis',(1.,0.,0.));
#4561=DIRECTION('',(0.,-1.,0.));
#4562=DIRECTION('center_axis',(0.,-1.,0.));
#4563=DIRECTION('ref_axis',(1.,0.,0.));
#4564=DIRECTION('center_axis',(0.,1.,0.));
#4565=DIRECTION('ref_axis',(0.,0.,1.));
#4566=DIRECTION('center_axis',(0.,-1.,0.));
#4567=DIRECTION('ref_axis',(1.,0.,0.));
#4568=DIRECTION('',(0.,-1.,0.));
#4569=DIRECTION('center_axis',(0.,-1.,0.));
#4570=DIRECTION('ref_axis',(1.,0.,0.));
#4571=DIRECTION('center_axis',(0.,1.,0.));
#4572=DIRECTION('ref_axis',(0.,0.,1.));
#4573=DIRECTION('center_axis',(0.,-1.,0.));
#4574=DIRECTION('ref_axis',(1.,0.,0.));
#4575=DIRECTION('',(0.,-1.,0.));
#4576=DIRECTION('center_axis',(0.,-1.,0.));
#4577=DIRECTION('ref_axis',(1.,0.,0.));
#4578=DIRECTION('center_axis',(0.,1.,0.));
#4579=DIRECTION('ref_axis',(0.,0.,1.));
#4580=DIRECTION('center_axis',(0.,-1.,0.));
#4581=DIRECTION('ref_axis',(1.,0.,0.));
#4582=DIRECTION('',(0.,-1.,0.));
#4583=DIRECTION('center_axis',(0.,-1.,0.));
#4584=DIRECTION('ref_axis',(1.,0.,0.));
#4585=DIRECTION('center_axis',(0.,1.,0.));
#4586=DIRECTION('ref_axis',(0.,0.,1.));
#4587=DIRECTION('center_axis',(0.,-1.,0.));
#4588=DIRECTION('ref_axis',(1.,0.,0.));
#4589=DIRECTION('',(0.,-1.,0.));
#4590=DIRECTION('center_axis',(0.,-1.,0.));
#4591=DIRECTION('ref_axis',(1.,0.,0.));
#4592=DIRECTION('center_axis',(0.,1.,0.));
#4593=DIRECTION('ref_axis',(0.,0.,1.));
#4594=DIRECTION('center_axis',(0.,-1.,0.));
#4595=DIRECTION('ref_axis',(1.,0.,0.));
#4596=DIRECTION('',(0.,-1.,0.));
#4597=DIRECTION('center_axis',(0.,-1.,0.));
#4598=DIRECTION('ref_axis',(1.,0.,0.));
#4599=DIRECTION('center_axis',(0.,1.,0.));
#4600=DIRECTION('ref_axis',(0.,0.,1.));
#4601=DIRECTION('center_axis',(0.,-1.,0.));
#4602=DIRECTION('ref_axis',(1.,0.,0.));
#4603=DIRECTION('',(0.,-1.,0.));
#4604=DIRECTION('center_axis',(0.,-1.,0.));
#4605=DIRECTION('ref_axis',(1.,0.,0.));
#4606=DIRECTION('center_axis',(0.,1.,0.));
#4607=DIRECTION('ref_axis',(0.,0.,1.));
#4608=DIRECTION('center_axis',(0.,-1.,0.));
#4609=DIRECTION('ref_axis',(1.,0.,0.));
#4610=DIRECTION('',(0.,-1.,0.));
#4611=DIRECTION('center_axis',(0.,-1.,0.));
#4612=DIRECTION('ref_axis',(1.,0.,0.));
#4613=DIRECTION('center_axis',(0.,1.,0.));
#4614=DIRECTION('ref_axis',(0.,0.,1.));
#4615=DIRECTION('center_axis',(0.,-1.,0.));
#4616=DIRECTION('ref_axis',(1.,0.,0.));
#4617=DIRECTION('',(0.,-1.,0.));
#4618=DIRECTION('center_axis',(0.,-1.,0.));
#4619=DIRECTION('ref_axis',(1.,0.,0.));
#4620=DIRECTION('center_axis',(0.,1.,0.));
#4621=DIRECTION('ref_axis',(0.,0.,1.));
#4622=DIRECTION('center_axis',(0.,-1.,0.));
#4623=DIRECTION('ref_axis',(1.,0.,0.));
#4624=DIRECTION('',(0.,-1.,0.));
#4625=DIRECTION('center_axis',(0.,-1.,0.));
#4626=DIRECTION('ref_axis',(1.,0.,0.));
#4627=DIRECTION('center_axis',(0.,1.,0.));
#4628=DIRECTION('ref_axis',(0.,0.,1.));
#4629=DIRECTION('center_axis',(0.,-1.,0.));
#4630=DIRECTION('ref_axis',(1.,0.,0.));
#4631=DIRECTION('',(0.,-1.,0.));
#4632=DIRECTION('center_axis',(0.,-1.,0.));
#4633=DIRECTION('ref_axis',(1.,0.,0.));
#4634=DIRECTION('center_axis',(0.,1.,0.));
#4635=DIRECTION('ref_axis',(0.,0.,1.));
#4636=DIRECTION('center_axis',(0.,-1.,0.));
#4637=DIRECTION('ref_axis',(1.,0.,0.));
#4638=DIRECTION('',(0.,-1.,0.));
#4639=DIRECTION('center_axis',(0.,-1.,0.));
#4640=DIRECTION('ref_axis',(1.,0.,0.));
#4641=DIRECTION('center_axis',(0.,1.,0.));
#4642=DIRECTION('ref_axis',(0.,0.,1.));
#4643=DIRECTION('center_axis',(0.,-1.,0.));
#4644=DIRECTION('ref_axis',(1.,0.,0.));
#4645=DIRECTION('',(0.,-1.,0.));
#4646=DIRECTION('center_axis',(0.,-1.,0.));
#4647=DIRECTION('ref_axis',(1.,0.,0.));
#4648=DIRECTION('center_axis',(0.,1.,0.));
#4649=DIRECTION('ref_axis',(0.,0.,1.));
#4650=DIRECTION('center_axis',(0.,-1.,0.));
#4651=DIRECTION('ref_axis',(1.,0.,0.));
#4652=DIRECTION('',(0.,-1.,0.));
#4653=DIRECTION('center_axis',(0.,-1.,0.));
#4654=DIRECTION('ref_axis',(1.,0.,0.));
#4655=DIRECTION('center_axis',(0.,1.,0.));
#4656=DIRECTION('ref_axis',(0.,0.,1.));
#4657=DIRECTION('center_axis',(0.,-1.,0.));
#4658=DIRECTION('ref_axis',(1.,0.,0.));
#4659=DIRECTION('',(0.,-1.,0.));
#4660=DIRECTION('center_axis',(0.,-1.,0.));
#4661=DIRECTION('ref_axis',(1.,0.,0.));
#4662=DIRECTION('center_axis',(0.,1.,0.));
#4663=DIRECTION('ref_axis',(0.,0.,1.));
#4664=DIRECTION('center_axis',(0.,-1.,0.));
#4665=DIRECTION('ref_axis',(1.,0.,0.));
#4666=DIRECTION('',(0.,-1.,0.));
#4667=DIRECTION('center_axis',(0.,-1.,0.));
#4668=DIRECTION('ref_axis',(1.,0.,0.));
#4669=DIRECTION('center_axis',(0.,1.,0.));
#4670=DIRECTION('ref_axis',(0.,0.,1.));
#4671=DIRECTION('center_axis',(0.,-1.,0.));
#4672=DIRECTION('ref_axis',(1.,0.,0.));
#4673=DIRECTION('',(0.,-1.,0.));
#4674=DIRECTION('center_axis',(0.,-1.,0.));
#4675=DIRECTION('ref_axis',(1.,0.,0.));
#4676=DIRECTION('center_axis',(0.,1.,0.));
#4677=DIRECTION('ref_axis',(0.,0.,1.));
#4678=DIRECTION('center_axis',(0.,-1.,0.));
#4679=DIRECTION('ref_axis',(1.,0.,0.));
#4680=DIRECTION('',(0.,-1.,0.));
#4681=DIRECTION('center_axis',(0.,-1.,0.));
#4682=DIRECTION('ref_axis',(1.,0.,0.));
#4683=DIRECTION('center_axis',(0.,1.,0.));
#4684=DIRECTION('ref_axis',(0.,0.,1.));
#4685=DIRECTION('center_axis',(0.,-1.,0.));
#4686=DIRECTION('ref_axis',(1.,0.,0.));
#4687=DIRECTION('',(0.,-1.,0.));
#4688=DIRECTION('center_axis',(0.,-1.,0.));
#4689=DIRECTION('ref_axis',(1.,0.,0.));
#4690=DIRECTION('center_axis',(0.,1.,0.));
#4691=DIRECTION('ref_axis',(0.,0.,1.));
#4692=DIRECTION('center_axis',(0.,-1.,0.));
#4693=DIRECTION('ref_axis',(1.,0.,0.));
#4694=DIRECTION('',(0.,-1.,0.));
#4695=DIRECTION('center_axis',(0.,-1.,0.));
#4696=DIRECTION('ref_axis',(1.,0.,0.));
#4697=DIRECTION('center_axis',(0.,1.,0.));
#4698=DIRECTION('ref_axis',(0.,0.,1.));
#4699=DIRECTION('center_axis',(0.,-1.,0.));
#4700=DIRECTION('ref_axis',(1.,0.,0.));
#4701=DIRECTION('',(0.,-1.,0.));
#4702=DIRECTION('center_axis',(0.,-1.,0.));
#4703=DIRECTION('ref_axis',(1.,0.,0.));
#4704=DIRECTION('center_axis',(0.,1.,0.));
#4705=DIRECTION('ref_axis',(0.,0.,1.));
#4706=DIRECTION('center_axis',(0.,-1.,0.));
#4707=DIRECTION('ref_axis',(1.,0.,0.));
#4708=DIRECTION('',(0.,-1.,0.));
#4709=DIRECTION('center_axis',(0.,-1.,0.));
#4710=DIRECTION('ref_axis',(1.,0.,0.));
#4711=DIRECTION('center_axis',(0.,1.,0.));
#4712=DIRECTION('ref_axis',(0.,0.,1.));
#4713=DIRECTION('center_axis',(0.,-1.,0.));
#4714=DIRECTION('ref_axis',(1.,0.,0.));
#4715=DIRECTION('',(0.,-1.,0.));
#4716=DIRECTION('center_axis',(0.,-1.,0.));
#4717=DIRECTION('ref_axis',(1.,0.,0.));
#4718=DIRECTION('center_axis',(0.,1.,0.));
#4719=DIRECTION('ref_axis',(0.,0.,1.));
#4720=DIRECTION('center_axis',(0.,-1.,0.));
#4721=DIRECTION('ref_axis',(1.,0.,0.));
#4722=DIRECTION('',(0.,-1.,0.));
#4723=DIRECTION('center_axis',(0.,-1.,0.));
#4724=DIRECTION('ref_axis',(1.,0.,0.));
#4725=DIRECTION('center_axis',(0.,1.,0.));
#4726=DIRECTION('ref_axis',(0.,0.,1.));
#4727=DIRECTION('center_axis',(0.,-1.,0.));
#4728=DIRECTION('ref_axis',(1.,0.,0.));
#4729=DIRECTION('',(0.,-1.,0.));
#4730=DIRECTION('center_axis',(0.,-1.,0.));
#4731=DIRECTION('ref_axis',(1.,0.,0.));
#4732=DIRECTION('center_axis',(0.,1.,0.));
#4733=DIRECTION('ref_axis',(0.,0.,1.));
#4734=DIRECTION('center_axis',(0.,-1.,0.));
#4735=DIRECTION('ref_axis',(1.,0.,0.));
#4736=DIRECTION('',(0.,-1.,0.));
#4737=DIRECTION('center_axis',(0.,-1.,0.));
#4738=DIRECTION('ref_axis',(1.,0.,0.));
#4739=DIRECTION('center_axis',(0.,1.,0.));
#4740=DIRECTION('ref_axis',(0.,0.,1.));
#4741=DIRECTION('center_axis',(0.,-1.,0.));
#4742=DIRECTION('ref_axis',(1.,0.,0.));
#4743=DIRECTION('',(0.,-1.,0.));
#4744=DIRECTION('center_axis',(0.,-1.,0.));
#4745=DIRECTION('ref_axis',(1.,0.,0.));
#4746=DIRECTION('center_axis',(0.,1.,0.));
#4747=DIRECTION('ref_axis',(0.,0.,1.));
#4748=DIRECTION('center_axis',(0.,-1.,0.));
#4749=DIRECTION('ref_axis',(1.,0.,0.));
#4750=DIRECTION('',(0.,-1.,0.));
#4751=DIRECTION('center_axis',(0.,-1.,0.));
#4752=DIRECTION('ref_axis',(1.,0.,0.));
#4753=DIRECTION('center_axis',(0.,1.,0.));
#4754=DIRECTION('ref_axis',(0.,0.,1.));
#4755=DIRECTION('center_axis',(0.,-1.,0.));
#4756=DIRECTION('ref_axis',(1.,0.,0.));
#4757=DIRECTION('',(0.,-1.,0.));
#4758=DIRECTION('center_axis',(0.,-1.,0.));
#4759=DIRECTION('ref_axis',(1.,0.,0.));
#4760=DIRECTION('center_axis',(0.,1.,0.));
#4761=DIRECTION('ref_axis',(0.,0.,1.));
#4762=DIRECTION('center_axis',(0.,-1.,0.));
#4763=DIRECTION('ref_axis',(1.,0.,0.));
#4764=DIRECTION('',(0.,-1.,0.));
#4765=DIRECTION('center_axis',(0.,-1.,0.));
#4766=DIRECTION('ref_axis',(1.,0.,0.));
#4767=DIRECTION('center_axis',(0.,1.,0.));
#4768=DIRECTION('ref_axis',(0.,0.,1.));
#4769=DIRECTION('center_axis',(0.,-1.,0.));
#4770=DIRECTION('ref_axis',(1.,0.,0.));
#4771=DIRECTION('',(0.,-1.,0.));
#4772=DIRECTION('center_axis',(0.,-1.,0.));
#4773=DIRECTION('ref_axis',(1.,0.,0.));
#4774=DIRECTION('center_axis',(0.,1.,0.));
#4775=DIRECTION('ref_axis',(0.,0.,1.));
#4776=DIRECTION('center_axis',(0.,-1.,0.));
#4777=DIRECTION('ref_axis',(1.,0.,0.));
#4778=DIRECTION('',(0.,-1.,0.));
#4779=DIRECTION('center_axis',(0.,-1.,0.));
#4780=DIRECTION('ref_axis',(1.,0.,0.));
#4781=DIRECTION('center_axis',(0.,1.,0.));
#4782=DIRECTION('ref_axis',(0.,0.,1.));
#4783=DIRECTION('center_axis',(0.,-1.,0.));
#4784=DIRECTION('ref_axis',(1.,0.,0.));
#4785=DIRECTION('',(0.,-1.,0.));
#4786=DIRECTION('center_axis',(0.,-1.,0.));
#4787=DIRECTION('ref_axis',(1.,0.,0.));
#4788=DIRECTION('center_axis',(0.,1.,0.));
#4789=DIRECTION('ref_axis',(0.,0.,1.));
#4790=DIRECTION('center_axis',(0.,-1.,0.));
#4791=DIRECTION('ref_axis',(1.,0.,0.));
#4792=DIRECTION('',(0.,-1.,0.));
#4793=DIRECTION('center_axis',(0.,-1.,0.));
#4794=DIRECTION('ref_axis',(1.,0.,0.));
#4795=DIRECTION('center_axis',(0.,1.,0.));
#4796=DIRECTION('ref_axis',(0.,0.,1.));
#4797=DIRECTION('center_axis',(0.,-1.,0.));
#4798=DIRECTION('ref_axis',(1.,0.,0.));
#4799=DIRECTION('',(0.,-1.,0.));
#4800=DIRECTION('center_axis',(0.,-1.,0.));
#4801=DIRECTION('ref_axis',(1.,0.,0.));
#4802=DIRECTION('center_axis',(0.,1.,0.));
#4803=DIRECTION('ref_axis',(0.,0.,1.));
#4804=DIRECTION('center_axis',(0.,-1.,0.));
#4805=DIRECTION('ref_axis',(1.,0.,0.));
#4806=DIRECTION('',(0.,-1.,0.));
#4807=DIRECTION('center_axis',(0.,-1.,0.));
#4808=DIRECTION('ref_axis',(1.,0.,0.));
#4809=DIRECTION('center_axis',(0.,1.,0.));
#4810=DIRECTION('ref_axis',(0.,0.,1.));
#4811=DIRECTION('center_axis',(0.,-1.,0.));
#4812=DIRECTION('ref_axis',(1.,0.,0.));
#4813=DIRECTION('',(0.,-1.,0.));
#4814=DIRECTION('center_axis',(0.,-1.,0.));
#4815=DIRECTION('ref_axis',(1.,0.,0.));
#4816=DIRECTION('center_axis',(0.,1.,0.));
#4817=DIRECTION('ref_axis',(0.,0.,1.));
#4818=DIRECTION('center_axis',(0.,-1.,0.));
#4819=DIRECTION('ref_axis',(1.,0.,0.));
#4820=DIRECTION('',(0.,-1.,0.));
#4821=DIRECTION('center_axis',(0.,-1.,0.));
#4822=DIRECTION('ref_axis',(1.,0.,0.));
#4823=DIRECTION('center_axis',(0.,1.,0.));
#4824=DIRECTION('ref_axis',(0.,0.,1.));
#4825=DIRECTION('center_axis',(0.,-1.,0.));
#4826=DIRECTION('ref_axis',(1.,0.,0.));
#4827=DIRECTION('',(0.,-1.,0.));
#4828=DIRECTION('center_axis',(0.,-1.,0.));
#4829=DIRECTION('ref_axis',(1.,0.,0.));
#4830=DIRECTION('center_axis',(0.,1.,0.));
#4831=DIRECTION('ref_axis',(0.,0.,1.));
#4832=DIRECTION('center_axis',(0.,-1.,0.));
#4833=DIRECTION('ref_axis',(1.,0.,0.));
#4834=DIRECTION('',(0.,-1.,0.));
#4835=DIRECTION('center_axis',(0.,-1.,0.));
#4836=DIRECTION('ref_axis',(1.,0.,0.));
#4837=DIRECTION('center_axis',(0.,1.,0.));
#4838=DIRECTION('ref_axis',(0.,0.,1.));
#4839=DIRECTION('center_axis',(0.,-1.,0.));
#4840=DIRECTION('ref_axis',(1.,0.,0.));
#4841=DIRECTION('',(0.,-1.,0.));
#4842=DIRECTION('center_axis',(0.,-1.,0.));
#4843=DIRECTION('ref_axis',(1.,0.,0.));
#4844=DIRECTION('center_axis',(0.,1.,0.));
#4845=DIRECTION('ref_axis',(0.,0.,1.));
#4846=DIRECTION('center_axis',(0.,-1.,0.));
#4847=DIRECTION('ref_axis',(1.,0.,0.));
#4848=DIRECTION('',(0.,-1.,0.));
#4849=DIRECTION('center_axis',(0.,-1.,0.));
#4850=DIRECTION('ref_axis',(1.,0.,0.));
#4851=DIRECTION('center_axis',(0.,1.,0.));
#4852=DIRECTION('ref_axis',(0.,0.,1.));
#4853=DIRECTION('center_axis',(0.,-1.,0.));
#4854=DIRECTION('ref_axis',(1.,0.,0.));
#4855=DIRECTION('',(0.,-1.,0.));
#4856=DIRECTION('center_axis',(0.,-1.,0.));
#4857=DIRECTION('ref_axis',(1.,0.,0.));
#4858=DIRECTION('center_axis',(0.,1.,0.));
#4859=DIRECTION('ref_axis',(0.,0.,1.));
#4860=DIRECTION('center_axis',(0.,-1.,0.));
#4861=DIRECTION('ref_axis',(1.,0.,0.));
#4862=DIRECTION('',(0.,-1.,0.));
#4863=DIRECTION('center_axis',(0.,-1.,0.));
#4864=DIRECTION('ref_axis',(1.,0.,0.));
#4865=DIRECTION('center_axis',(0.,1.,0.));
#4866=DIRECTION('ref_axis',(0.,0.,1.));
#4867=DIRECTION('center_axis',(0.,-1.,0.));
#4868=DIRECTION('ref_axis',(1.,0.,0.));
#4869=DIRECTION('',(0.,-1.,0.));
#4870=DIRECTION('center_axis',(0.,-1.,0.));
#4871=DIRECTION('ref_axis',(1.,0.,0.));
#4872=DIRECTION('center_axis',(0.,1.,0.));
#4873=DIRECTION('ref_axis',(0.,0.,1.));
#4874=DIRECTION('center_axis',(0.,-1.,0.));
#4875=DIRECTION('ref_axis',(1.,0.,0.));
#4876=DIRECTION('',(0.,-1.,0.));
#4877=DIRECTION('center_axis',(0.,-1.,0.));
#4878=DIRECTION('ref_axis',(1.,0.,0.));
#4879=DIRECTION('center_axis',(0.,1.,0.));
#4880=DIRECTION('ref_axis',(0.,0.,1.));
#4881=DIRECTION('center_axis',(0.,-1.,0.));
#4882=DIRECTION('ref_axis',(1.,0.,0.));
#4883=DIRECTION('',(0.,-1.,0.));
#4884=DIRECTION('center_axis',(0.,-1.,0.));
#4885=DIRECTION('ref_axis',(1.,0.,0.));
#4886=DIRECTION('center_axis',(0.,1.,0.));
#4887=DIRECTION('ref_axis',(0.,0.,1.));
#4888=DIRECTION('center_axis',(0.,-1.,0.));
#4889=DIRECTION('ref_axis',(1.,0.,0.));
#4890=DIRECTION('',(0.,-1.,0.));
#4891=DIRECTION('center_axis',(0.,-1.,0.));
#4892=DIRECTION('ref_axis',(1.,0.,0.));
#4893=DIRECTION('center_axis',(0.,1.,0.));
#4894=DIRECTION('ref_axis',(0.,0.,1.));
#4895=DIRECTION('center_axis',(0.,-1.,0.));
#4896=DIRECTION('ref_axis',(1.,0.,0.));
#4897=DIRECTION('',(0.,-1.,0.));
#4898=DIRECTION('center_axis',(0.,-1.,0.));
#4899=DIRECTION('ref_axis',(1.,0.,0.));
#4900=DIRECTION('',(0.,-1.,0.));
#4901=DIRECTION('center_axis',(0.,-1.,0.));
#4902=DIRECTION('ref_axis',(1.,0.,0.));
#4903=DIRECTION('center_axis',(0.,1.,0.));
#4904=DIRECTION('ref_axis',(0.,0.,1.));
#4905=DIRECTION('center_axis',(0.,-1.,0.));
#4906=DIRECTION('ref_axis',(1.,0.,0.));
#4907=DIRECTION('',(0.,-1.,0.));
#4908=DIRECTION('center_axis',(0.,-1.,0.));
#4909=DIRECTION('ref_axis',(1.,0.,0.));
#4910=DIRECTION('center_axis',(0.,1.,0.));
#4911=DIRECTION('ref_axis',(0.,0.,1.));
#4912=DIRECTION('center_axis',(0.,-1.,0.));
#4913=DIRECTION('ref_axis',(1.,0.,0.));
#4914=DIRECTION('',(0.,-1.,0.));
#4915=DIRECTION('center_axis',(0.,-1.,0.));
#4916=DIRECTION('ref_axis',(1.,0.,0.));
#4917=DIRECTION('center_axis',(0.,1.,0.));
#4918=DIRECTION('ref_axis',(0.,0.,1.));
#4919=DIRECTION('center_axis',(0.,-1.,0.));
#4920=DIRECTION('ref_axis',(1.,0.,0.));
#4921=DIRECTION('',(0.,-1.,0.));
#4922=DIRECTION('center_axis',(0.,-1.,0.));
#4923=DIRECTION('ref_axis',(1.,0.,0.));
#4924=DIRECTION('center_axis',(0.,1.,0.));
#4925=DIRECTION('ref_axis',(0.,0.,1.));
#4926=DIRECTION('center_axis',(0.,-1.,0.));
#4927=DIRECTION('ref_axis',(1.,0.,0.));
#4928=DIRECTION('',(0.,-1.,0.));
#4929=DIRECTION('center_axis',(0.,-1.,0.));
#4930=DIRECTION('ref_axis',(1.,0.,0.));
#4931=DIRECTION('center_axis',(0.,1.,0.));
#4932=DIRECTION('ref_axis',(0.,0.,1.));
#4933=DIRECTION('center_axis',(0.,1.,0.));
#4934=DIRECTION('ref_axis',(-0.707106781186547,0.,-0.707106781186548));
#4935=DIRECTION('',(0.,-1.,0.));
#4936=DIRECTION('center_axis',(0.,1.,0.));
#4937=DIRECTION('ref_axis',(-0.707106781186547,0.,-0.707106781186548));
#4938=DIRECTION('center_axis',(-8.39223703653662E-16,0.,-1.));
#4939=DIRECTION('ref_axis',(-1.,0.,8.39223703653662E-16));
#4940=DIRECTION('',(0.,1.,0.));
#4941=DIRECTION('',(-1.,0.,8.39223703653662E-16));
#4942=DIRECTION('center_axis',(0.,1.,0.));
#4943=DIRECTION('ref_axis',(0.707106781186547,0.,-0.707106781186547));
#4944=DIRECTION('',(0.,-1.,0.));
#4945=DIRECTION('center_axis',(0.,1.,0.));
#4946=DIRECTION('ref_axis',(0.707106781186547,0.,-0.707106781186547));
#4947=DIRECTION('center_axis',(1.,0.,-2.99385984168581E-16));
#4948=DIRECTION('ref_axis',(-2.99385984168581E-16,0.,-1.));
#4949=DIRECTION('',(0.,1.,0.));
#4950=DIRECTION('',(-2.99385984168581E-16,0.,-1.));
#4951=DIRECTION('center_axis',(0.,1.,0.));
#4952=DIRECTION('ref_axis',(-0.707106781186547,0.,0.707106781186548));
#4953=DIRECTION('center_axis',(0.,1.,0.));
#4954=DIRECTION('ref_axis',(-0.707106781186547,0.,0.707106781186548));
#4955=DIRECTION('',(0.,1.,0.));
#4956=DIRECTION('center_axis',(0.,1.,0.));
#4957=DIRECTION('ref_axis',(0.707106781186547,0.,0.707106781186547));
#4958=DIRECTION('',(0.,-1.,0.));
#4959=DIRECTION('center_axis',(0.,1.,0.));
#4960=DIRECTION('ref_axis',(0.707106781186547,0.,0.707106781186547));
#4961=DIRECTION('center_axis',(1.3987061727561E-16,0.,1.));
#4962=DIRECTION('ref_axis',(1.,0.,-1.3987061727561E-16));
#4963=DIRECTION('',(1.,0.,-1.3987061727561E-16));
#4964=DIRECTION('center_axis',(0.,1.,0.));
#4965=DIRECTION('ref_axis',(0.,0.,1.));
#4966=DIRECTION('center_axis',(0.,1.,0.));
#4967=DIRECTION('ref_axis',(1.,0.,0.));
#4968=DIRECTION('center_axis',(0.,1.,0.));
#4969=DIRECTION('ref_axis',(1.,0.,0.));
#4970=DIRECTION('center_axis',(0.,1.,0.));
#4971=DIRECTION('ref_axis',(1.,0.,0.));
#4972=DIRECTION('center_axis',(0.,1.,0.));
#4973=DIRECTION('ref_axis',(1.,0.,0.));
#4974=CARTESIAN_POINT('',(0.,0.,0.));
#4975=CARTESIAN_POINT('Origin',(106.,0.,-97.0000000000001));
#4976=CARTESIAN_POINT('',(106.,0.,-97.0000000000001));
#4977=CARTESIAN_POINT('',(106.,0.,-81.0000000000001));
#4978=CARTESIAN_POINT('',(106.,0.,-93.0000000000001));
#4979=CARTESIAN_POINT('',(106.,13.,-97.0000000000001));
#4980=CARTESIAN_POINT('',(106.,0.,-97.0000000000001));
#4981=CARTESIAN_POINT('',(106.,13.,-81.0000000000001));
#4982=CARTESIAN_POINT('',(106.,13.,-81.0000000000001));
#4983=CARTESIAN_POINT('',(106.,0.,-81.0000000000001));
#4984=CARTESIAN_POINT('Origin',(124.,0.,-97.0000000000001));
#4985=CARTESIAN_POINT('',(124.,0.,-97.0000000000001));
#4986=CARTESIAN_POINT('',(93.75,0.,-97.0000000000001));
#4987=CARTESIAN_POINT('',(124.,13.,-97.0000000000001));
#4988=CARTESIAN_POINT('',(124.,0.,-97.0000000000001));
#4989=CARTESIAN_POINT('',(106.,13.,-97.0000000000001));
#4990=CARTESIAN_POINT('Origin',(124.,0.,-81.0000000000001));
#4991=CARTESIAN_POINT('',(124.,0.,-81.0000000000001));
#4992=CARTESIAN_POINT('',(124.,0.,-85.0000000000001));
#4993=CARTESIAN_POINT('',(124.,13.,-81.0000000000001));
#4994=CARTESIAN_POINT('',(124.,0.,-81.0000000000001));
#4995=CARTESIAN_POINT('',(124.,13.,-97.0000000000001));
#4996=CARTESIAN_POINT('Origin',(106.,0.,-81.0000000000001));
#4997=CARTESIAN_POINT('',(84.75,0.,-81.0000000000001));
#4998=CARTESIAN_POINT('',(124.,13.,-81.0000000000001));
#4999=CARTESIAN_POINT('Origin',(115.,13.,-89.0000000000001));
#5000=CARTESIAN_POINT('',(110.6,13.,-89.));
#5001=CARTESIAN_POINT('Origin',(114.3,13.,-89.));
#5002=CARTESIAN_POINT('Origin',(1.99999999999994,23.,-133.5));
#5003=CARTESIAN_POINT('',(1.99999999999997,25.,-73.85));
#5004=CARTESIAN_POINT('',(-3.10862446895044E-14,23.,-73.85));
#5005=CARTESIAN_POINT('Origin',(1.99999999999997,23.,-73.85));
#5006=CARTESIAN_POINT('',(-1.66533453693773E-15,23.,-5.));
#5007=CARTESIAN_POINT('',(-5.71764857681956E-14,23.,-133.5));
#5008=CARTESIAN_POINT('',(1.99999999999999,25.,-5.));
#5009=CARTESIAN_POINT('Origin',(1.99999999999999,23.,-5.));
#5010=CARTESIAN_POINT('',(1.99999999999994,25.,-133.5));
#5011=CARTESIAN_POINT('Origin',(5.,23.,-5.));
#5012=CARTESIAN_POINT('',(5.,23.,-5.55111512312578E-16));
#5013=CARTESIAN_POINT('',(5.,25.,-2.));
#5014=CARTESIAN_POINT('Origin',(5.,23.,-2.));
#5015=CARTESIAN_POINT('Origin',(5.,25.,-5.));
#5016=CARTESIAN_POINT('Origin',(5.,23.,-5.));
#5017=CARTESIAN_POINT('Origin',(31.75,23.,-2.));
#5018=CARTESIAN_POINT('',(122.,23.,-1.66533453693773E-14));
#5019=CARTESIAN_POINT('',(122.,25.,-2.00000000000001));
#5020=CARTESIAN_POINT('Origin',(122.,23.,-2.00000000000001));
#5021=CARTESIAN_POINT('',(31.75,25.,-2.));
#5022=CARTESIAN_POINT('',(31.75,23.,-4.44089209850063E-15));
#5023=CARTESIAN_POINT('Origin',(122.,23.,-5.00000000000002));
#5024=CARTESIAN_POINT('',(127.,23.,-5.00000000000002));
#5025=CARTESIAN_POINT('',(125.,25.,-5.00000000000002));
#5026=CARTESIAN_POINT('Origin',(125.,23.,-5.00000000000002));
#5027=CARTESIAN_POINT('Origin',(122.,25.,-5.00000000000002));
#5028=CARTESIAN_POINT('Origin',(122.,23.,-5.00000000000002));
#5029=CARTESIAN_POINT('Origin',(125.,23.,-44.5));
#5030=CARTESIAN_POINT('',(127.,23.,-173.));
#5031=CARTESIAN_POINT('',(125.,25.,-173.));
#5032=CARTESIAN_POINT('Origin',(125.,23.,-173.));
#5033=CARTESIAN_POINT('',(125.,25.,-44.5));
#5034=CARTESIAN_POINT('',(127.,23.,-44.5));
#5035=CARTESIAN_POINT('Origin',(122.,23.,-173.));
#5036=CARTESIAN_POINT('',(122.,23.,-178.));
#5037=CARTESIAN_POINT('',(122.,25.,-176.));
#5038=CARTESIAN_POINT('Origin',(122.,23.,-176.));
#5039=CARTESIAN_POINT('Origin',(122.,25.,-173.));
#5040=CARTESIAN_POINT('Origin',(122.,23.,-173.));
#5041=CARTESIAN_POINT('Origin',(95.2499999999999,23.,-176.));
#5042=CARTESIAN_POINT('',(4.99999999999992,23.,-178.));
#5043=CARTESIAN_POINT('',(4.99999999999991,25.,-176.));
#5044=CARTESIAN_POINT('Origin',(4.99999999999991,23.,-176.));
#5045=CARTESIAN_POINT('',(95.2499999999999,25.,-176.));
#5046=CARTESIAN_POINT('',(95.2499999999999,23.,-178.));
#5047=CARTESIAN_POINT('Origin',(4.99999999999992,23.,-173.));
#5048=CARTESIAN_POINT('',(-7.38298311375729E-14,23.,-173.));
#5049=CARTESIAN_POINT('',(1.99999999999992,25.,-173.));
#5050=CARTESIAN_POINT('Origin',(1.99999999999992,23.,-173.));
#5051=CARTESIAN_POINT('Origin',(4.99999999999992,25.,-173.));
#5052=CARTESIAN_POINT('Origin',(4.99999999999992,23.,-173.));
#5053=CARTESIAN_POINT('Origin',(1.99999999999994,23.,-133.5));
#5054=CARTESIAN_POINT('',(-4.46414374459189E-14,23.,-104.15));
#5055=CARTESIAN_POINT('',(1.99999999999995,25.,-104.15));
#5056=CARTESIAN_POINT('Origin',(1.99999999999995,23.,-104.15));
#5057=CARTESIAN_POINT('',(1.99999999999994,25.,-133.5));
#5058=CARTESIAN_POINT('',(-5.71764857681956E-14,23.,-133.5));
#5059=CARTESIAN_POINT('Origin',(63.5,25.,-89.0000000000001));
#5060=CARTESIAN_POINT('',(44.2,25.,-104.15));
#5061=CARTESIAN_POINT('',(31.75,25.,-104.15));
#5062=CARTESIAN_POINT('',(44.2,25.,-73.85));
#5063=CARTESIAN_POINT('',(44.2,25.,-96.575));
#5064=CARTESIAN_POINT('',(53.85,25.,-73.85));
#5065=CARTESIAN_POINT('',(9.00000000000002,25.,-12.8));
#5066=CARTESIAN_POINT('Origin',(12.7,25.,-12.8));
#5067=CARTESIAN_POINT('',(8.99999999999998,25.,-38.2));
#5068=CARTESIAN_POINT('Origin',(12.7,25.,-38.2));
#5069=CARTESIAN_POINT('',(110.6,25.,-38.2));
#5070=CARTESIAN_POINT('Origin',(114.3,25.,-38.2));
#5071=CARTESIAN_POINT('',(85.2,25.,-38.2));
#5072=CARTESIAN_POINT('Origin',(88.9,25.,-38.2));
#5073=CARTESIAN_POINT('',(85.1999999999999,25.,-114.4));
#5074=CARTESIAN_POINT('Origin',(88.8999999999999,25.,-114.4));
#5075=CARTESIAN_POINT('',(110.6,25.,-89.));
#5076=CARTESIAN_POINT('Origin',(114.3,25.,-89.));
#5077=CARTESIAN_POINT('',(72.4999999999998,25.,-127.1));
#5078=CARTESIAN_POINT('Origin',(76.1999999999998,25.,-127.1));
#5079=CARTESIAN_POINT('',(97.8999999999998,25.,-165.2));
#5080=CARTESIAN_POINT('Origin',(101.6,25.,-165.2));
#5081=CARTESIAN_POINT('',(110.6,25.,-165.2));
#5082=CARTESIAN_POINT('Origin',(114.3,25.,-165.2));
#5083=CARTESIAN_POINT('',(110.6,25.,-139.8));
#5084=CARTESIAN_POINT('Origin',(114.3,25.,-139.8));
#5085=CARTESIAN_POINT('',(59.7999999999998,25.,-139.8));
#5086=CARTESIAN_POINT('Origin',(63.4999999999998,25.,-139.8));
#5087=CARTESIAN_POINT('',(72.4999999999999,25.,-63.6));
#5088=CARTESIAN_POINT('Origin',(76.1999999999999,25.,-63.6));
#5089=CARTESIAN_POINT('',(59.7999999999999,25.,-63.6));
#5090=CARTESIAN_POINT('Origin',(63.4999999999999,25.,-63.6));
#5091=CARTESIAN_POINT('',(72.4999999999999,25.,-89.));
#5092=CARTESIAN_POINT('Origin',(76.1999999999999,25.,-89.));
#5093=CARTESIAN_POINT('',(97.8999999999999,25.,-63.6));
#5094=CARTESIAN_POINT('Origin',(101.6,25.,-63.6));
#5095=CARTESIAN_POINT('',(97.8999999999999,25.,-89.));
#5096=CARTESIAN_POINT('Origin',(101.6,25.,-89.));
#5097=CARTESIAN_POINT('',(72.5,25.,-12.8));
#5098=CARTESIAN_POINT('Origin',(76.2,25.,-12.8));
#5099=CARTESIAN_POINT('',(97.9,25.,-12.8));
#5100=CARTESIAN_POINT('Origin',(101.6,25.,-12.8));
#5101=CARTESIAN_POINT('',(47.1,25.,-38.2));
#5102=CARTESIAN_POINT('Origin',(50.8,25.,-38.2));
#5103=CARTESIAN_POINT('',(34.3999999999998,25.,-152.5));
#5104=CARTESIAN_POINT('Origin',(38.0999999999998,25.,-152.5));
#5105=CARTESIAN_POINT('',(21.6999999999998,25.,-152.5));
#5106=CARTESIAN_POINT('Origin',(25.3999999999998,25.,-152.5));
#5107=CARTESIAN_POINT('',(47.0999999999998,25.,-165.2));
#5108=CARTESIAN_POINT('Origin',(50.7999999999998,25.,-165.2));
#5109=CARTESIAN_POINT('',(47.0999999999999,25.,-114.4));
#5110=CARTESIAN_POINT('Origin',(50.7999999999999,25.,-114.4));
#5111=CARTESIAN_POINT('',(8.99999999999986,25.,-127.1));
#5112=CARTESIAN_POINT('Origin',(12.6999999999999,25.,-127.1));
#5113=CARTESIAN_POINT('',(34.3999999999999,25.,-63.6));
#5114=CARTESIAN_POINT('Origin',(38.0999999999999,25.,-63.6));
#5115=CARTESIAN_POINT('',(47.0999999999999,25.,-63.6));
#5116=CARTESIAN_POINT('Origin',(50.7999999999999,25.,-63.6));
#5117=CARTESIAN_POINT('',(34.4,25.,-38.2));
#5118=CARTESIAN_POINT('Origin',(38.1,25.,-38.2));
#5119=CARTESIAN_POINT('',(110.6,25.,-12.8));
#5120=CARTESIAN_POINT('Origin',(114.3,25.,-12.8));
#5121=CARTESIAN_POINT('',(34.4,25.,-25.5));
#5122=CARTESIAN_POINT('Origin',(38.1,25.,-25.5));
#5123=CARTESIAN_POINT('',(47.0999999999999,25.,-89.));
#5124=CARTESIAN_POINT('Origin',(50.7999999999999,25.,-89.));
#5125=CARTESIAN_POINT('',(21.7,25.,-50.9));
#5126=CARTESIAN_POINT('Origin',(25.4,25.,-50.9));
#5127=CARTESIAN_POINT('',(8.99999999999984,25.,-139.8));
#5128=CARTESIAN_POINT('Origin',(12.6999999999998,25.,-139.8));
#5129=CARTESIAN_POINT('',(47.0999999999999,25.,-127.1));
#5130=CARTESIAN_POINT('Origin',(50.7999999999999,25.,-127.1));
#5131=CARTESIAN_POINT('',(21.6999999999999,25.,-114.4));
#5132=CARTESIAN_POINT('Origin',(25.3999999999999,25.,-114.4));
#5133=CARTESIAN_POINT('',(21.6999999999998,25.,-165.2));
#5134=CARTESIAN_POINT('Origin',(25.3999999999998,25.,-165.2));
#5135=CARTESIAN_POINT('',(34.3999999999999,25.,-127.1));
#5136=CARTESIAN_POINT('Origin',(38.0999999999999,25.,-127.1));
#5137=CARTESIAN_POINT('',(47.1,25.,-25.5));
#5138=CARTESIAN_POINT('Origin',(50.8,25.,-25.5));
#5139=CARTESIAN_POINT('',(85.2,25.,-25.5));
#5140=CARTESIAN_POINT('Origin',(88.9,25.,-25.5));
#5141=CARTESIAN_POINT('',(59.8,25.,-12.8));
#5142=CARTESIAN_POINT('Origin',(63.5,25.,-12.8));
#5143=CARTESIAN_POINT('',(97.8999999999999,25.,-76.3));
#5144=CARTESIAN_POINT('Origin',(101.6,25.,-76.3));
#5145=CARTESIAN_POINT('',(85.1999999999999,25.,-63.6));
#5146=CARTESIAN_POINT('Origin',(88.8999999999999,25.,-63.6));
#5147=CARTESIAN_POINT('',(72.4999999999999,25.,-101.7));
#5148=CARTESIAN_POINT('Origin',(76.1999999999999,25.,-101.7));
#5149=CARTESIAN_POINT('',(59.7999999999999,25.,-76.3));
#5150=CARTESIAN_POINT('Origin',(63.4999999999999,25.,-76.3));
#5151=CARTESIAN_POINT('',(59.7999999999999,25.,-89.));
#5152=CARTESIAN_POINT('Origin',(63.4999999999999,25.,-89.));
#5153=CARTESIAN_POINT('',(59.7999999999999,25.,-114.4));
#5154=CARTESIAN_POINT('Origin',(63.4999999999999,25.,-114.4));
#5155=CARTESIAN_POINT('',(72.4999999999998,25.,-165.2));
#5156=CARTESIAN_POINT('Origin',(76.1999999999998,25.,-165.2));
#5157=CARTESIAN_POINT('',(97.8999999999998,25.,-127.1));
#5158=CARTESIAN_POINT('Origin',(101.6,25.,-127.1));
#5159=CARTESIAN_POINT('',(85.1999999999998,25.,-139.8));
#5160=CARTESIAN_POINT('Origin',(88.8999999999998,25.,-139.8));
#5161=CARTESIAN_POINT('',(72.4999999999998,25.,-139.8));
#5162=CARTESIAN_POINT('Origin',(76.1999999999998,25.,-139.8));
#5163=CARTESIAN_POINT('',(110.6,25.,-101.7));
#5164=CARTESIAN_POINT('Origin',(114.3,25.,-101.7));
#5165=CARTESIAN_POINT('',(59.8,25.,-38.2));
#5166=CARTESIAN_POINT('Origin',(63.5,25.,-38.2));
#5167=CARTESIAN_POINT('',(85.2,25.,-50.9));
#5168=CARTESIAN_POINT('Origin',(88.8999999999999,25.,-50.9));
#5169=CARTESIAN_POINT('',(110.6,25.,-50.9));
#5170=CARTESIAN_POINT('Origin',(114.3,25.,-50.9));
#5171=CARTESIAN_POINT('',(21.7,25.,-25.5));
#5172=CARTESIAN_POINT('Origin',(25.4,25.,-25.5));
#5173=CARTESIAN_POINT('',(9.,25.,-25.5));
#5174=CARTESIAN_POINT('Origin',(12.7,25.,-25.5));
#5175=CARTESIAN_POINT('',(21.7,25.,-38.2));
#5176=CARTESIAN_POINT('Origin',(25.4,25.,-38.2));
#5177=CARTESIAN_POINT('',(97.8999999999999,25.,-50.9));
#5178=CARTESIAN_POINT('Origin',(101.6,25.,-50.9));
#5179=CARTESIAN_POINT('',(72.5,25.,-38.2));
#5180=CARTESIAN_POINT('Origin',(76.2,25.,-38.2));
#5181=CARTESIAN_POINT('',(97.8999999999999,25.,-114.4));
#5182=CARTESIAN_POINT('Origin',(101.6,25.,-114.4));
#5183=CARTESIAN_POINT('',(72.4999999999999,25.,-114.4));
#5184=CARTESIAN_POINT('Origin',(76.1999999999999,25.,-114.4));
#5185=CARTESIAN_POINT('',(85.1999999999998,25.,-165.2));
#5186=CARTESIAN_POINT('Origin',(88.8999999999998,25.,-165.2));
#5187=CARTESIAN_POINT('',(97.8999999999998,25.,-152.5));
#5188=CARTESIAN_POINT('Origin',(101.6,25.,-152.5));
#5189=CARTESIAN_POINT('',(110.6,25.,-152.5));
#5190=CARTESIAN_POINT('Origin',(114.3,25.,-152.5));
#5191=CARTESIAN_POINT('',(85.1999999999998,25.,-127.1));
#5192=CARTESIAN_POINT('Origin',(88.8999999999998,25.,-127.1));
#5193=CARTESIAN_POINT('',(59.7999999999998,25.,-152.5));
#5194=CARTESIAN_POINT('Origin',(63.4999999999998,25.,-152.5));
#5195=CARTESIAN_POINT('',(72.5,25.,-50.9));
#5196=CARTESIAN_POINT('Origin',(76.2,25.,-50.9));
#5197=CARTESIAN_POINT('',(59.8,25.,-50.9));
#5198=CARTESIAN_POINT('Origin',(63.5,25.,-50.9));
#5199=CARTESIAN_POINT('',(85.1999999999999,25.,-89.));
#5200=CARTESIAN_POINT('Origin',(88.8999999999999,25.,-89.));
#5201=CARTESIAN_POINT('',(110.6,25.,-63.6));
#5202=CARTESIAN_POINT('Origin',(114.3,25.,-63.6));
#5203=CARTESIAN_POINT('',(97.8999999999999,25.,-101.7));
#5204=CARTESIAN_POINT('Origin',(101.6,25.,-101.7));
#5205=CARTESIAN_POINT('',(72.5,25.,-25.5));
#5206=CARTESIAN_POINT('Origin',(76.2,25.,-25.5));
#5207=CARTESIAN_POINT('',(97.9,25.,-25.5));
#5208=CARTESIAN_POINT('Origin',(101.6,25.,-25.5));
#5209=CARTESIAN_POINT('',(8.99999999999988,25.,-114.4));
#5210=CARTESIAN_POINT('Origin',(12.6999999999999,25.,-114.4));
#5211=CARTESIAN_POINT('',(34.3999999999999,25.,-114.4));
#5212=CARTESIAN_POINT('Origin',(38.0999999999999,25.,-114.4));
#5213=CARTESIAN_POINT('',(21.6999999999998,25.,-139.8));
#5214=CARTESIAN_POINT('Origin',(25.3999999999998,25.,-139.8));
#5215=CARTESIAN_POINT('',(47.0999999999998,25.,-152.5));
#5216=CARTESIAN_POINT('Origin',(50.7999999999998,25.,-152.5));
#5217=CARTESIAN_POINT('',(8.9999999999998,25.,-165.2));
#5218=CARTESIAN_POINT('Origin',(12.6999999999998,25.,-165.2));
#5219=CARTESIAN_POINT('',(34.4,25.,-50.9));
#5220=CARTESIAN_POINT('Origin',(38.1,25.,-50.9));
#5221=CARTESIAN_POINT('',(8.99999999999995,25.,-63.6));
#5222=CARTESIAN_POINT('Origin',(12.6999999999999,25.,-63.6));
#5223=CARTESIAN_POINT('',(47.0999999999999,25.,-76.3));
#5224=CARTESIAN_POINT('Origin',(50.7999999999999,25.,-76.3));
#5225=CARTESIAN_POINT('',(47.1,25.,-50.9));
#5226=CARTESIAN_POINT('Origin',(50.8,25.,-50.9));
#5227=CARTESIAN_POINT('',(47.1,25.,-12.8));
#5228=CARTESIAN_POINT('Origin',(50.8,25.,-12.8));
#5229=CARTESIAN_POINT('',(47.0999999999999,25.,-101.7));
#5230=CARTESIAN_POINT('Origin',(50.7999999999999,25.,-101.7));
#5231=CARTESIAN_POINT('',(8.99999999999996,25.,-50.9));
#5232=CARTESIAN_POINT('Origin',(12.7,25.,-50.9));
#5233=CARTESIAN_POINT('',(21.6999999999999,25.,-63.6));
#5234=CARTESIAN_POINT('Origin',(25.3999999999999,25.,-63.6));
#5235=CARTESIAN_POINT('',(8.99999999999982,25.,-152.5));
#5236=CARTESIAN_POINT('Origin',(12.6999999999998,25.,-152.5));
#5237=CARTESIAN_POINT('',(47.0999999999998,25.,-139.8));
#5238=CARTESIAN_POINT('Origin',(50.7999999999998,25.,-139.8));
#5239=CARTESIAN_POINT('',(21.6999999999999,25.,-127.1));
#5240=CARTESIAN_POINT('Origin',(25.3999999999999,25.,-127.1));
#5241=CARTESIAN_POINT('',(34.3999999999998,25.,-165.2));
#5242=CARTESIAN_POINT('Origin',(38.0999999999998,25.,-165.2));
#5243=CARTESIAN_POINT('',(34.3999999999998,25.,-139.8));
#5244=CARTESIAN_POINT('Origin',(38.0999999999998,25.,-139.8));
#5245=CARTESIAN_POINT('',(110.6,25.,-25.5));
#5246=CARTESIAN_POINT('Origin',(114.3,25.,-25.5));
#5247=CARTESIAN_POINT('',(85.2,25.,-12.8));
#5248=CARTESIAN_POINT('Origin',(88.9,25.,-12.8));
#5249=CARTESIAN_POINT('',(85.1999999999999,25.,-101.7));
#5250=CARTESIAN_POINT('Origin',(88.8999999999999,25.,-101.7));
#5251=CARTESIAN_POINT('',(110.6,25.,-76.3));
#5252=CARTESIAN_POINT('Origin',(114.3,25.,-76.3));
#5253=CARTESIAN_POINT('',(85.1999999999999,25.,-76.3));
#5254=CARTESIAN_POINT('Origin',(88.8999999999999,25.,-76.3));
#5255=CARTESIAN_POINT('',(59.7999999999999,25.,-101.7));
#5256=CARTESIAN_POINT('Origin',(63.4999999999999,25.,-101.7));
#5257=CARTESIAN_POINT('',(72.4999999999999,25.,-76.3));
#5258=CARTESIAN_POINT('Origin',(76.1999999999999,25.,-76.3));
#5259=CARTESIAN_POINT('',(59.7999999999998,25.,-165.2));
#5260=CARTESIAN_POINT('Origin',(63.4999999999998,25.,-165.2));
#5261=CARTESIAN_POINT('',(59.7999999999999,25.,-127.1));
#5262=CARTESIAN_POINT('Origin',(63.4999999999999,25.,-127.1));
#5263=CARTESIAN_POINT('',(110.6,25.,-127.1));
#5264=CARTESIAN_POINT('Origin',(114.3,25.,-127.1));
#5265=CARTESIAN_POINT('',(97.8999999999998,25.,-139.8));
#5266=CARTESIAN_POINT('Origin',(101.6,25.,-139.8));
#5267=CARTESIAN_POINT('',(85.1999999999998,25.,-152.5));
#5268=CARTESIAN_POINT('Origin',(88.8999999999998,25.,-152.5));
#5269=CARTESIAN_POINT('',(72.4999999999998,25.,-152.5));
#5270=CARTESIAN_POINT('Origin',(76.1999999999998,25.,-152.5));
#5271=CARTESIAN_POINT('',(110.6,25.,-114.4));
#5272=CARTESIAN_POINT('Origin',(114.3,25.,-114.4));
#5273=CARTESIAN_POINT('',(59.8,25.,-25.5));
#5274=CARTESIAN_POINT('Origin',(63.5,25.,-25.5));
#5275=CARTESIAN_POINT('',(97.9,25.,-38.2));
#5276=CARTESIAN_POINT('Origin',(101.6,25.,-38.2));
#5277=CARTESIAN_POINT('',(34.4,25.,-12.8));
#5278=CARTESIAN_POINT('Origin',(38.1,25.,-12.8));
#5279=CARTESIAN_POINT('',(21.7,25.,-12.8));
#5280=CARTESIAN_POINT('Origin',(25.4,25.,-12.8));
#5281=CARTESIAN_POINT('Origin',(-4.44089209850063E-14,25.,-104.15));
#5282=CARTESIAN_POINT('',(-4.44089209850063E-14,17.,-104.15));
#5283=CARTESIAN_POINT('',(-4.46414374459189E-14,12.5,-104.15));
#5284=CARTESIAN_POINT('',(44.2,17.,-104.15));
#5285=CARTESIAN_POINT('',(44.2,17.,-104.15));
#5286=CARTESIAN_POINT('',(44.2,25.,-104.15));
#5287=CARTESIAN_POINT('Origin',(29.5,12.,-89.));
#5288=CARTESIAN_POINT('',(27.9,12.,-89.));
#5289=CARTESIAN_POINT('Origin',(29.5,12.,-89.));
#5290=CARTESIAN_POINT('',(27.9,17.,-89.));
#5291=CARTESIAN_POINT('',(27.9,12.,-89.));
#5292=CARTESIAN_POINT('Origin',(29.5,17.,-89.));
#5293=CARTESIAN_POINT('Origin',(6.19999999999996,12.,-89.));
#5294=CARTESIAN_POINT('',(4.59999999999996,12.,-89.));
#5295=CARTESIAN_POINT('Origin',(6.19999999999996,12.,-89.));
#5296=CARTESIAN_POINT('',(4.59999999999996,17.,-89.));
#5297=CARTESIAN_POINT('',(4.59999999999996,12.,-89.));
#5298=CARTESIAN_POINT('Origin',(6.19999999999996,17.,-89.));
#5299=CARTESIAN_POINT('Origin',(29.5,0.,-89.));
#5300=CARTESIAN_POINT('',(26.25,0.,-89.));
#5301=CARTESIAN_POINT('Origin',(29.5,0.,-89.));
#5302=CARTESIAN_POINT('',(26.25,12.,-89.));
#5303=CARTESIAN_POINT('',(26.25,0.,-89.));
#5304=CARTESIAN_POINT('Origin',(29.5,12.,-89.));
#5305=CARTESIAN_POINT('Origin',(29.5,12.,-89.));
#5306=CARTESIAN_POINT('Origin',(6.19999999999996,0.,-89.));
#5307=CARTESIAN_POINT('',(2.94999999999996,0.,-89.));
#5308=CARTESIAN_POINT('Origin',(6.19999999999996,0.,-89.));
#5309=CARTESIAN_POINT('',(2.94999999999996,12.,-89.));
#5310=CARTESIAN_POINT('',(2.94999999999996,0.,-89.));
#5311=CARTESIAN_POINT('Origin',(6.19999999999996,12.,-89.));
#5312=CARTESIAN_POINT('Origin',(6.19999999999996,12.,-89.));
#5313=CARTESIAN_POINT('Origin',(44.2,25.,-73.85));
#5314=CARTESIAN_POINT('',(44.2,17.,-73.85));
#5315=CARTESIAN_POINT('',(44.2,25.,-73.85));
#5316=CARTESIAN_POINT('',(-4.44089209850063E-14,17.,-73.85));
#5317=CARTESIAN_POINT('',(-4.2371028010027E-14,17.,-73.85));
#5318=CARTESIAN_POINT('',(-3.10862446895044E-14,12.5,-73.85));
#5319=CARTESIAN_POINT('Origin',(44.2,25.,-104.15));
#5320=CARTESIAN_POINT('',(44.2,17.,-73.85));
#5321=CARTESIAN_POINT('Origin',(22.1,17.,-89.));
#5322=CARTESIAN_POINT('',(-5.55111512312578E-14,17.,-133.5));
#5323=CARTESIAN_POINT('Origin',(-7.62954955868801E-14,0.,-178.));
#5324=CARTESIAN_POINT('',(-7.41523636883722E-14,0.,-173.));
#5325=CARTESIAN_POINT('',(-7.38298311375729E-14,0.,-173.));
#5326=CARTESIAN_POINT('',(-2.14313189850787E-15,0.,-5.));
#5327=CARTESIAN_POINT('',(-7.62954955868801E-14,0.,-178.));
#5328=CARTESIAN_POINT('',(-1.66533453693773E-15,0.,-5.));
#5329=CARTESIAN_POINT('Origin',(25.4,25.,-12.8));
#5330=CARTESIAN_POINT('',(21.7,12.3,-12.8));
#5331=CARTESIAN_POINT('',(21.7,25.,-12.8));
#5332=CARTESIAN_POINT('Origin',(25.4,12.3,-12.8));
#5333=CARTESIAN_POINT('Origin',(25.4,12.3,-12.8));
#5334=CARTESIAN_POINT('Origin',(38.1,25.,-12.8));
#5335=CARTESIAN_POINT('',(34.4,12.3,-12.8));
#5336=CARTESIAN_POINT('',(34.4,25.,-12.8));
#5337=CARTESIAN_POINT('Origin',(38.1,12.3,-12.8));
#5338=CARTESIAN_POINT('Origin',(38.1,12.3,-12.8));
#5339=CARTESIAN_POINT('Origin',(101.6,25.,-38.2));
#5340=CARTESIAN_POINT('',(97.9,12.3,-38.2));
#5341=CARTESIAN_POINT('',(97.9,25.,-38.2));
#5342=CARTESIAN_POINT('Origin',(101.6,12.3,-38.2));
#5343=CARTESIAN_POINT('Origin',(101.6,12.3,-38.2));
#5344=CARTESIAN_POINT('Origin',(63.5,25.,-25.5));
#5345=CARTESIAN_POINT('',(59.8,12.3,-25.5));
#5346=CARTESIAN_POINT('',(59.8,25.,-25.5));
#5347=CARTESIAN_POINT('Origin',(63.5,12.3,-25.5));
#5348=CARTESIAN_POINT('Origin',(63.5,12.3,-25.5));
#5349=CARTESIAN_POINT('Origin',(114.3,25.,-114.4));
#5350=CARTESIAN_POINT('',(110.6,12.3,-114.4));
#5351=CARTESIAN_POINT('',(110.6,25.,-114.4));
#5352=CARTESIAN_POINT('Origin',(114.3,12.3,-114.4));
#5353=CARTESIAN_POINT('Origin',(114.3,12.3,-114.4));
#5354=CARTESIAN_POINT('Origin',(76.1999999999998,25.,-152.5));
#5355=CARTESIAN_POINT('',(72.4999999999998,12.3,-152.5));
#5356=CARTESIAN_POINT('',(72.4999999999998,25.,-152.5));
#5357=CARTESIAN_POINT('Origin',(76.1999999999998,12.3,-152.5));
#5358=CARTESIAN_POINT('Origin',(76.1999999999998,12.3,-152.5));
#5359=CARTESIAN_POINT('Origin',(88.8999999999998,25.,-152.5));
#5360=CARTESIAN_POINT('',(85.1999999999998,12.3,-152.5));
#5361=CARTESIAN_POINT('',(85.1999999999998,25.,-152.5));
#5362=CARTESIAN_POINT('Origin',(88.8999999999998,12.3,-152.5));
#5363=CARTESIAN_POINT('Origin',(88.8999999999998,12.3,-152.5));
#5364=CARTESIAN_POINT('Origin',(101.6,25.,-139.8));
#5365=CARTESIAN_POINT('',(97.8999999999998,12.3,-139.8));
#5366=CARTESIAN_POINT('',(97.8999999999998,25.,-139.8));
#5367=CARTESIAN_POINT('Origin',(101.6,12.3,-139.8));
#5368=CARTESIAN_POINT('Origin',(101.6,12.3,-139.8));
#5369=CARTESIAN_POINT('Origin',(114.3,25.,-127.1));
#5370=CARTESIAN_POINT('',(110.6,12.3,-127.1));
#5371=CARTESIAN_POINT('',(110.6,25.,-127.1));
#5372=CARTESIAN_POINT('Origin',(114.3,12.3,-127.1));
#5373=CARTESIAN_POINT('Origin',(114.3,12.3,-127.1));
#5374=CARTESIAN_POINT('Origin',(63.4999999999999,25.,-127.1));
#5375=CARTESIAN_POINT('',(59.7999999999999,12.3,-127.1));
#5376=CARTESIAN_POINT('',(59.7999999999999,25.,-127.1));
#5377=CARTESIAN_POINT('Origin',(63.4999999999999,12.3,-127.1));
#5378=CARTESIAN_POINT('Origin',(63.4999999999999,12.3,-127.1));
#5379=CARTESIAN_POINT('Origin',(63.4999999999998,25.,-165.2));
#5380=CARTESIAN_POINT('',(59.7999999999998,12.3,-165.2));
#5381=CARTESIAN_POINT('',(59.7999999999998,25.,-165.2));
#5382=CARTESIAN_POINT('Origin',(63.4999999999998,12.3,-165.2));
#5383=CARTESIAN_POINT('Origin',(63.4999999999998,12.3,-165.2));
#5384=CARTESIAN_POINT('Origin',(76.1999999999999,25.,-76.3));
#5385=CARTESIAN_POINT('',(72.4999999999999,12.3,-76.3));
#5386=CARTESIAN_POINT('',(72.4999999999999,25.,-76.3));
#5387=CARTESIAN_POINT('Origin',(76.1999999999999,12.3,-76.3));
#5388=CARTESIAN_POINT('Origin',(76.1999999999999,12.3,-76.3));
#5389=CARTESIAN_POINT('Origin',(63.4999999999999,25.,-101.7));
#5390=CARTESIAN_POINT('',(59.7999999999999,12.3,-101.7));
#5391=CARTESIAN_POINT('',(59.7999999999999,25.,-101.7));
#5392=CARTESIAN_POINT('Origin',(63.4999999999999,12.3,-101.7));
#5393=CARTESIAN_POINT('Origin',(63.4999999999999,12.3,-101.7));
#5394=CARTESIAN_POINT('Origin',(88.8999999999999,25.,-76.3));
#5395=CARTESIAN_POINT('',(85.1999999999999,12.3,-76.3));
#5396=CARTESIAN_POINT('',(85.1999999999999,25.,-76.3));
#5397=CARTESIAN_POINT('Origin',(88.8999999999999,12.3,-76.3));
#5398=CARTESIAN_POINT('Origin',(88.8999999999999,12.3,-76.3));
#5399=CARTESIAN_POINT('Origin',(114.3,25.,-76.3));
#5400=CARTESIAN_POINT('',(110.6,12.3,-76.3));
#5401=CARTESIAN_POINT('',(110.6,25.,-76.3));
#5402=CARTESIAN_POINT('Origin',(114.3,12.3,-76.3));
#5403=CARTESIAN_POINT('Origin',(114.3,12.3,-76.3));
#5404=CARTESIAN_POINT('Origin',(88.8999999999999,25.,-101.7));
#5405=CARTESIAN_POINT('',(85.1999999999999,12.3,-101.7));
#5406=CARTESIAN_POINT('',(85.1999999999999,25.,-101.7));
#5407=CARTESIAN_POINT('Origin',(88.8999999999999,12.3,-101.7));
#5408=CARTESIAN_POINT('Origin',(88.8999999999999,12.3,-101.7));
#5409=CARTESIAN_POINT('Origin',(88.9,25.,-12.8));
#5410=CARTESIAN_POINT('',(85.2,12.3,-12.8));
#5411=CARTESIAN_POINT('',(85.2,25.,-12.8));
#5412=CARTESIAN_POINT('Origin',(88.9,12.3,-12.8));
#5413=CARTESIAN_POINT('Origin',(88.9,12.3,-12.8));
#5414=CARTESIAN_POINT('Origin',(114.3,25.,-25.5));
#5415=CARTESIAN_POINT('',(110.6,12.3,-25.5));
#5416=CARTESIAN_POINT('',(110.6,25.,-25.5));
#5417=CARTESIAN_POINT('Origin',(114.3,12.3,-25.5));
#5418=CARTESIAN_POINT('Origin',(114.3,12.3,-25.5));
#5419=CARTESIAN_POINT('Origin',(38.0999999999998,25.,-139.8));
#5420=CARTESIAN_POINT('',(34.3999999999998,12.3,-139.8));
#5421=CARTESIAN_POINT('',(34.3999999999998,25.,-139.8));
#5422=CARTESIAN_POINT('Origin',(38.0999999999998,12.3,-139.8));
#5423=CARTESIAN_POINT('Origin',(38.0999999999998,12.3,-139.8));
#5424=CARTESIAN_POINT('Origin',(38.0999999999998,25.,-165.2));
#5425=CARTESIAN_POINT('',(34.3999999999998,12.3,-165.2));
#5426=CARTESIAN_POINT('',(34.3999999999998,25.,-165.2));
#5427=CARTESIAN_POINT('Origin',(38.0999999999998,12.3,-165.2));
#5428=CARTESIAN_POINT('Origin',(38.0999999999998,12.3,-165.2));
#5429=CARTESIAN_POINT('Origin',(25.3999999999999,25.,-127.1));
#5430=CARTESIAN_POINT('',(21.6999999999999,12.3,-127.1));
#5431=CARTESIAN_POINT('',(21.6999999999999,25.,-127.1));
#5432=CARTESIAN_POINT('Origin',(25.3999999999999,12.3,-127.1));
#5433=CARTESIAN_POINT('Origin',(25.3999999999999,12.3,-127.1));
#5434=CARTESIAN_POINT('Origin',(50.7999999999998,25.,-139.8));
#5435=CARTESIAN_POINT('',(47.0999999999998,12.3,-139.8));
#5436=CARTESIAN_POINT('',(47.0999999999998,25.,-139.8));
#5437=CARTESIAN_POINT('Origin',(50.7999999999998,12.3,-139.8));
#5438=CARTESIAN_POINT('Origin',(50.7999999999998,12.3,-139.8));
#5439=CARTESIAN_POINT('Origin',(12.6999999999998,25.,-152.5));
#5440=CARTESIAN_POINT('',(8.99999999999982,12.3,-152.5));
#5441=CARTESIAN_POINT('',(8.99999999999982,25.,-152.5));
#5442=CARTESIAN_POINT('Origin',(12.6999999999998,12.3,-152.5));
#5443=CARTESIAN_POINT('Origin',(12.6999999999998,12.3,-152.5));
#5444=CARTESIAN_POINT('Origin',(25.3999999999999,25.,-63.6));
#5445=CARTESIAN_POINT('',(21.6999999999999,12.3,-63.6));
#5446=CARTESIAN_POINT('',(21.6999999999999,25.,-63.6));
#5447=CARTESIAN_POINT('Origin',(25.3999999999999,12.3,-63.6));
#5448=CARTESIAN_POINT('Origin',(25.3999999999999,12.3,-63.6));
#5449=CARTESIAN_POINT('Origin',(12.7,25.,-50.9));
#5450=CARTESIAN_POINT('',(8.99999999999996,12.3,-50.9));
#5451=CARTESIAN_POINT('',(8.99999999999996,25.,-50.9));
#5452=CARTESIAN_POINT('Origin',(12.7,12.3,-50.9));
#5453=CARTESIAN_POINT('Origin',(12.7,12.3,-50.9));
#5454=CARTESIAN_POINT('Origin',(50.7999999999999,25.,-101.7));
#5455=CARTESIAN_POINT('',(47.0999999999999,12.3,-101.7));
#5456=CARTESIAN_POINT('',(47.0999999999999,25.,-101.7));
#5457=CARTESIAN_POINT('Origin',(50.7999999999999,12.3,-101.7));
#5458=CARTESIAN_POINT('Origin',(50.7999999999999,12.3,-101.7));
#5459=CARTESIAN_POINT('Origin',(50.8,25.,-12.8));
#5460=CARTESIAN_POINT('',(47.1,12.3,-12.8));
#5461=CARTESIAN_POINT('',(47.1,25.,-12.8));
#5462=CARTESIAN_POINT('Origin',(50.8,12.3,-12.8));
#5463=CARTESIAN_POINT('Origin',(50.8,12.3,-12.8));
#5464=CARTESIAN_POINT('Origin',(50.8,25.,-50.9));
#5465=CARTESIAN_POINT('',(47.1,12.3,-50.9));
#5466=CARTESIAN_POINT('',(47.1,25.,-50.9));
#5467=CARTESIAN_POINT('Origin',(50.8,12.3,-50.9));
#5468=CARTESIAN_POINT('Origin',(50.8,12.3,-50.9));
#5469=CARTESIAN_POINT('Origin',(50.7999999999999,25.,-76.3));
#5470=CARTESIAN_POINT('',(47.0999999999999,12.3,-76.3));
#5471=CARTESIAN_POINT('',(47.0999999999999,25.,-76.3));
#5472=CARTESIAN_POINT('Origin',(50.7999999999999,12.3,-76.3));
#5473=CARTESIAN_POINT('Origin',(50.7999999999999,12.3,-76.3));
#5474=CARTESIAN_POINT('Origin',(12.6999999999999,25.,-63.6));
#5475=CARTESIAN_POINT('',(8.99999999999995,12.3,-63.6));
#5476=CARTESIAN_POINT('',(8.99999999999995,25.,-63.6));
#5477=CARTESIAN_POINT('Origin',(12.6999999999999,12.3,-63.6));
#5478=CARTESIAN_POINT('Origin',(12.6999999999999,12.3,-63.6));
#5479=CARTESIAN_POINT('Origin',(38.1,25.,-50.9));
#5480=CARTESIAN_POINT('',(34.4,12.3,-50.9));
#5481=CARTESIAN_POINT('',(34.4,25.,-50.9));
#5482=CARTESIAN_POINT('Origin',(38.1,12.3,-50.9));
#5483=CARTESIAN_POINT('Origin',(38.1,12.3,-50.9));
#5484=CARTESIAN_POINT('Origin',(12.6999999999998,25.,-165.2));
#5485=CARTESIAN_POINT('',(8.9999999999998,12.3,-165.2));
#5486=CARTESIAN_POINT('',(8.9999999999998,25.,-165.2));
#5487=CARTESIAN_POINT('Origin',(12.6999999999998,12.3,-165.2));
#5488=CARTESIAN_POINT('Origin',(12.6999999999998,12.3,-165.2));
#5489=CARTESIAN_POINT('Origin',(50.7999999999998,25.,-152.5));
#5490=CARTESIAN_POINT('',(47.0999999999998,12.3,-152.5));
#5491=CARTESIAN_POINT('',(47.0999999999998,25.,-152.5));
#5492=CARTESIAN_POINT('Origin',(50.7999999999998,12.3,-152.5));
#5493=CARTESIAN_POINT('Origin',(50.7999999999998,12.3,-152.5));
#5494=CARTESIAN_POINT('Origin',(25.3999999999998,25.,-139.8));
#5495=CARTESIAN_POINT('',(21.6999999999998,12.3,-139.8));
#5496=CARTESIAN_POINT('',(21.6999999999998,25.,-139.8));
#5497=CARTESIAN_POINT('Origin',(25.3999999999998,12.3,-139.8));
#5498=CARTESIAN_POINT('Origin',(25.3999999999998,12.3,-139.8));
#5499=CARTESIAN_POINT('Origin',(38.0999999999999,25.,-114.4));
#5500=CARTESIAN_POINT('',(34.3999999999999,12.3,-114.4));
#5501=CARTESIAN_POINT('',(34.3999999999999,25.,-114.4));
#5502=CARTESIAN_POINT('Origin',(38.0999999999999,12.3,-114.4));
#5503=CARTESIAN_POINT('Origin',(38.0999999999999,12.3,-114.4));
#5504=CARTESIAN_POINT('Origin',(12.6999999999999,25.,-114.4));
#5505=CARTESIAN_POINT('',(8.99999999999988,12.3,-114.4));
#5506=CARTESIAN_POINT('',(8.99999999999988,25.,-114.4));
#5507=CARTESIAN_POINT('Origin',(12.6999999999999,12.3,-114.4));
#5508=CARTESIAN_POINT('Origin',(12.6999999999999,12.3,-114.4));
#5509=CARTESIAN_POINT('Origin',(101.6,25.,-25.5));
#5510=CARTESIAN_POINT('',(97.9,12.3,-25.5));
#5511=CARTESIAN_POINT('',(97.9,25.,-25.5));
#5512=CARTESIAN_POINT('Origin',(101.6,12.3,-25.5));
#5513=CARTESIAN_POINT('Origin',(101.6,12.3,-25.5));
#5514=CARTESIAN_POINT('Origin',(76.2,25.,-25.5));
#5515=CARTESIAN_POINT('',(72.5,12.3,-25.5));
#5516=CARTESIAN_POINT('',(72.5,25.,-25.5));
#5517=CARTESIAN_POINT('Origin',(76.2,12.3,-25.5));
#5518=CARTESIAN_POINT('Origin',(76.2,12.3,-25.5));
#5519=CARTESIAN_POINT('Origin',(101.6,25.,-101.7));
#5520=CARTESIAN_POINT('',(97.8999999999999,12.3,-101.7));
#5521=CARTESIAN_POINT('',(97.8999999999999,25.,-101.7));
#5522=CARTESIAN_POINT('Origin',(101.6,12.3,-101.7));
#5523=CARTESIAN_POINT('Origin',(101.6,12.3,-101.7));
#5524=CARTESIAN_POINT('Origin',(114.3,25.,-63.6));
#5525=CARTESIAN_POINT('',(110.6,12.3,-63.6));
#5526=CARTESIAN_POINT('',(110.6,25.,-63.6));
#5527=CARTESIAN_POINT('Origin',(114.3,12.3,-63.6));
#5528=CARTESIAN_POINT('Origin',(114.3,12.3,-63.6));
#5529=CARTESIAN_POINT('Origin',(88.8999999999999,25.,-89.));
#5530=CARTESIAN_POINT('',(85.1999999999999,12.3,-89.));
#5531=CARTESIAN_POINT('',(85.1999999999999,25.,-89.));
#5532=CARTESIAN_POINT('Origin',(88.8999999999999,12.3,-89.));
#5533=CARTESIAN_POINT('Origin',(88.8999999999999,12.3,-89.));
#5534=CARTESIAN_POINT('Origin',(63.5,25.,-50.9));
#5535=CARTESIAN_POINT('',(59.8,12.3,-50.9));
#5536=CARTESIAN_POINT('',(59.8,25.,-50.9));
#5537=CARTESIAN_POINT('Origin',(63.5,12.3,-50.9));
#5538=CARTESIAN_POINT('Origin',(63.5,12.3,-50.9));
#5539=CARTESIAN_POINT('Origin',(76.2,25.,-50.9));
#5540=CARTESIAN_POINT('',(72.5,12.3,-50.9));
#5541=CARTESIAN_POINT('',(72.5,25.,-50.9));
#5542=CARTESIAN_POINT('Origin',(76.2,12.3,-50.9));
#5543=CARTESIAN_POINT('Origin',(76.2,12.3,-50.9));
#5544=CARTESIAN_POINT('Origin',(63.4999999999998,25.,-152.5));
#5545=CARTESIAN_POINT('',(59.7999999999998,12.3,-152.5));
#5546=CARTESIAN_POINT('',(59.7999999999998,25.,-152.5));
#5547=CARTESIAN_POINT('Origin',(63.4999999999998,12.3,-152.5));
#5548=CARTESIAN_POINT('Origin',(63.4999999999998,12.3,-152.5));
#5549=CARTESIAN_POINT('Origin',(88.8999999999998,25.,-127.1));
#5550=CARTESIAN_POINT('',(85.1999999999998,12.3,-127.1));
#5551=CARTESIAN_POINT('',(85.1999999999998,25.,-127.1));
#5552=CARTESIAN_POINT('Origin',(88.8999999999998,12.3,-127.1));
#5553=CARTESIAN_POINT('Origin',(88.8999999999998,12.3,-127.1));
#5554=CARTESIAN_POINT('Origin',(114.3,25.,-152.5));
#5555=CARTESIAN_POINT('',(110.6,12.3,-152.5));
#5556=CARTESIAN_POINT('',(110.6,25.,-152.5));
#5557=CARTESIAN_POINT('Origin',(114.3,12.3,-152.5));
#5558=CARTESIAN_POINT('Origin',(114.3,12.3,-152.5));
#5559=CARTESIAN_POINT('Origin',(101.6,25.,-152.5));
#5560=CARTESIAN_POINT('',(97.8999999999998,12.3,-152.5));
#5561=CARTESIAN_POINT('',(97.8999999999998,25.,-152.5));
#5562=CARTESIAN_POINT('Origin',(101.6,12.3,-152.5));
#5563=CARTESIAN_POINT('Origin',(101.6,12.3,-152.5));
#5564=CARTESIAN_POINT('Origin',(88.8999999999998,25.,-165.2));
#5565=CARTESIAN_POINT('',(85.1999999999998,12.3,-165.2));
#5566=CARTESIAN_POINT('',(85.1999999999998,25.,-165.2));
#5567=CARTESIAN_POINT('Origin',(88.8999999999998,12.3,-165.2));
#5568=CARTESIAN_POINT('Origin',(88.8999999999998,12.3,-165.2));
#5569=CARTESIAN_POINT('Origin',(76.1999999999999,25.,-114.4));
#5570=CARTESIAN_POINT('',(72.4999999999999,12.3,-114.4));
#5571=CARTESIAN_POINT('',(72.4999999999999,25.,-114.4));
#5572=CARTESIAN_POINT('Origin',(76.1999999999999,12.3,-114.4));
#5573=CARTESIAN_POINT('Origin',(76.1999999999999,12.3,-114.4));
#5574=CARTESIAN_POINT('Origin',(101.6,25.,-114.4));
#5575=CARTESIAN_POINT('',(97.8999999999999,12.3,-114.4));
#5576=CARTESIAN_POINT('',(97.8999999999999,25.,-114.4));
#5577=CARTESIAN_POINT('Origin',(101.6,12.3,-114.4));
#5578=CARTESIAN_POINT('Origin',(101.6,12.3,-114.4));
#5579=CARTESIAN_POINT('Origin',(76.2,25.,-38.2));
#5580=CARTESIAN_POINT('',(72.5,12.3,-38.2));
#5581=CARTESIAN_POINT('',(72.5,25.,-38.2));
#5582=CARTESIAN_POINT('Origin',(76.2,12.3,-38.2));
#5583=CARTESIAN_POINT('Origin',(76.2,12.3,-38.2));
#5584=CARTESIAN_POINT('Origin',(101.6,25.,-50.9));
#5585=CARTESIAN_POINT('',(97.8999999999999,12.3,-50.9));
#5586=CARTESIAN_POINT('',(97.8999999999999,25.,-50.9));
#5587=CARTESIAN_POINT('Origin',(101.6,12.3,-50.9));
#5588=CARTESIAN_POINT('Origin',(101.6,12.3,-50.9));
#5589=CARTESIAN_POINT('Origin',(25.4,25.,-38.2));
#5590=CARTESIAN_POINT('',(21.7,12.3,-38.2));
#5591=CARTESIAN_POINT('',(21.7,25.,-38.2));
#5592=CARTESIAN_POINT('Origin',(25.4,12.3,-38.2));
#5593=CARTESIAN_POINT('Origin',(25.4,12.3,-38.2));
#5594=CARTESIAN_POINT('Origin',(12.7,25.,-25.5));
#5595=CARTESIAN_POINT('',(9.,12.3,-25.5));
#5596=CARTESIAN_POINT('',(9.,25.,-25.5));
#5597=CARTESIAN_POINT('Origin',(12.7,12.3,-25.5));
#5598=CARTESIAN_POINT('Origin',(12.7,12.3,-25.5));
#5599=CARTESIAN_POINT('Origin',(25.4,25.,-25.5));
#5600=CARTESIAN_POINT('',(21.7,12.3,-25.5));
#5601=CARTESIAN_POINT('',(21.7,25.,-25.5));
#5602=CARTESIAN_POINT('Origin',(25.4,12.3,-25.5));
#5603=CARTESIAN_POINT('Origin',(25.4,12.3,-25.5));
#5604=CARTESIAN_POINT('Origin',(114.3,25.,-50.9));
#5605=CARTESIAN_POINT('',(110.6,12.3,-50.9));
#5606=CARTESIAN_POINT('',(110.6,25.,-50.9));
#5607=CARTESIAN_POINT('Origin',(114.3,12.3,-50.9));
#5608=CARTESIAN_POINT('Origin',(114.3,12.3,-50.9));
#5609=CARTESIAN_POINT('Origin',(88.8999999999999,25.,-50.9));
#5610=CARTESIAN_POINT('',(85.2,12.3,-50.9));
#5611=CARTESIAN_POINT('',(85.2,25.,-50.9));
#5612=CARTESIAN_POINT('Origin',(88.8999999999999,12.3,-50.9));
#5613=CARTESIAN_POINT('Origin',(88.8999999999999,12.3,-50.9));
#5614=CARTESIAN_POINT('Origin',(63.5,25.,-38.2));
#5615=CARTESIAN_POINT('',(59.8,12.3,-38.2));
#5616=CARTESIAN_POINT('',(59.8,25.,-38.2));
#5617=CARTESIAN_POINT('Origin',(63.5,12.3,-38.2));
#5618=CARTESIAN_POINT('Origin',(63.5,12.3,-38.2));
#5619=CARTESIAN_POINT('Origin',(114.3,25.,-101.7));
#5620=CARTESIAN_POINT('',(110.6,12.3,-101.7));
#5621=CARTESIAN_POINT('',(110.6,25.,-101.7));
#5622=CARTESIAN_POINT('Origin',(114.3,12.3,-101.7));
#5623=CARTESIAN_POINT('Origin',(116.15,12.3,-101.7));
#5624=CARTESIAN_POINT('Origin',(76.1999999999998,25.,-139.8));
#5625=CARTESIAN_POINT('',(72.4999999999998,12.3,-139.8));
#5626=CARTESIAN_POINT('',(72.4999999999998,25.,-139.8));
#5627=CARTESIAN_POINT('Origin',(76.1999999999998,12.3,-139.8));
#5628=CARTESIAN_POINT('Origin',(76.1999999999998,12.3,-139.8));
#5629=CARTESIAN_POINT('Origin',(88.8999999999998,25.,-139.8));
#5630=CARTESIAN_POINT('',(85.1999999999998,12.3,-139.8));
#5631=CARTESIAN_POINT('',(85.1999999999998,25.,-139.8));
#5632=CARTESIAN_POINT('Origin',(88.8999999999998,12.3,-139.8));
#5633=CARTESIAN_POINT('Origin',(88.8999999999998,12.3,-139.8));
#5634=CARTESIAN_POINT('Origin',(101.6,25.,-127.1));
#5635=CARTESIAN_POINT('',(97.8999999999998,12.3,-127.1));
#5636=CARTESIAN_POINT('',(97.8999999999998,25.,-127.1));
#5637=CARTESIAN_POINT('Origin',(101.6,12.3,-127.1));
#5638=CARTESIAN_POINT('Origin',(101.6,12.3,-127.1));
#5639=CARTESIAN_POINT('Origin',(76.1999999999998,25.,-165.2));
#5640=CARTESIAN_POINT('',(72.4999999999998,12.3,-165.2));
#5641=CARTESIAN_POINT('',(72.4999999999998,25.,-165.2));
#5642=CARTESIAN_POINT('Origin',(76.1999999999998,12.3,-165.2));
#5643=CARTESIAN_POINT('Origin',(76.1999999999998,12.3,-165.2));
#5644=CARTESIAN_POINT('Origin',(63.4999999999999,25.,-114.4));
#5645=CARTESIAN_POINT('',(59.7999999999999,12.3,-114.4));
#5646=CARTESIAN_POINT('',(59.7999999999999,25.,-114.4));
#5647=CARTESIAN_POINT('Origin',(63.4999999999999,12.3,-114.4));
#5648=CARTESIAN_POINT('Origin',(63.4999999999999,12.3,-114.4));
#5649=CARTESIAN_POINT('Origin',(63.4999999999999,25.,-89.));
#5650=CARTESIAN_POINT('',(59.7999999999999,12.3,-89.));
#5651=CARTESIAN_POINT('',(59.7999999999999,25.,-89.));
#5652=CARTESIAN_POINT('Origin',(63.4999999999999,12.3,-89.));
#5653=CARTESIAN_POINT('Origin',(63.4999999999999,12.3,-89.));
#5654=CARTESIAN_POINT('Origin',(63.4999999999999,25.,-76.3));
#5655=CARTESIAN_POINT('',(59.7999999999999,12.3,-76.3));
#5656=CARTESIAN_POINT('',(59.7999999999999,25.,-76.3));
#5657=CARTESIAN_POINT('Origin',(63.4999999999999,12.3,-76.3));
#5658=CARTESIAN_POINT('Origin',(63.4999999999999,12.3,-76.3));
#5659=CARTESIAN_POINT('Origin',(76.1999999999999,25.,-101.7));
#5660=CARTESIAN_POINT('',(72.4999999999999,12.3,-101.7));
#5661=CARTESIAN_POINT('',(72.4999999999999,25.,-101.7));
#5662=CARTESIAN_POINT('Origin',(76.1999999999999,12.3,-101.7));
#5663=CARTESIAN_POINT('Origin',(76.1999999999999,12.3,-101.7));
#5664=CARTESIAN_POINT('Origin',(88.8999999999999,25.,-63.6));
#5665=CARTESIAN_POINT('',(85.1999999999999,12.3,-63.6));
#5666=CARTESIAN_POINT('',(85.1999999999999,25.,-63.6));
#5667=CARTESIAN_POINT('Origin',(88.8999999999999,12.3,-63.6));
#5668=CARTESIAN_POINT('Origin',(88.8999999999999,12.3,-63.6));
#5669=CARTESIAN_POINT('Origin',(101.6,25.,-76.3));
#5670=CARTESIAN_POINT('',(97.8999999999999,12.3,-76.3));
#5671=CARTESIAN_POINT('',(97.8999999999999,25.,-76.3));
#5672=CARTESIAN_POINT('Origin',(101.6,12.3,-76.3));
#5673=CARTESIAN_POINT('Origin',(101.6,12.3,-76.3));
#5674=CARTESIAN_POINT('Origin',(63.5,25.,-12.8));
#5675=CARTESIAN_POINT('',(59.8,12.3,-12.8));
#5676=CARTESIAN_POINT('',(59.8,25.,-12.8));
#5677=CARTESIAN_POINT('Origin',(63.5,12.3,-12.8));
#5678=CARTESIAN_POINT('Origin',(63.5,12.3,-12.8));
#5679=CARTESIAN_POINT('Origin',(88.9,25.,-25.5));
#5680=CARTESIAN_POINT('',(85.2,12.3,-25.5));
#5681=CARTESIAN_POINT('',(85.2,25.,-25.5));
#5682=CARTESIAN_POINT('Origin',(88.9,12.3,-25.5));
#5683=CARTESIAN_POINT('Origin',(88.9,12.3,-25.5));
#5684=CARTESIAN_POINT('Origin',(50.8,25.,-25.5));
#5685=CARTESIAN_POINT('',(47.1,12.3,-25.5));
#5686=CARTESIAN_POINT('',(47.1,25.,-25.5));
#5687=CARTESIAN_POINT('Origin',(50.8,12.3,-25.5));
#5688=CARTESIAN_POINT('Origin',(50.8,12.3,-25.5));
#5689=CARTESIAN_POINT('Origin',(38.0999999999999,25.,-127.1));
#5690=CARTESIAN_POINT('',(34.3999999999999,12.3,-127.1));
#5691=CARTESIAN_POINT('',(34.3999999999999,25.,-127.1));
#5692=CARTESIAN_POINT('Origin',(38.0999999999999,12.3,-127.1));
#5693=CARTESIAN_POINT('Origin',(38.0999999999999,12.3,-127.1));
#5694=CARTESIAN_POINT('Origin',(25.3999999999998,25.,-165.2));
#5695=CARTESIAN_POINT('',(21.6999999999998,12.3,-165.2));
#5696=CARTESIAN_POINT('',(21.6999999999998,25.,-165.2));
#5697=CARTESIAN_POINT('Origin',(25.3999999999998,12.3,-165.2));
#5698=CARTESIAN_POINT('Origin',(25.3999999999998,12.3,-165.2));
#5699=CARTESIAN_POINT('Origin',(25.3999999999999,25.,-114.4));
#5700=CARTESIAN_POINT('',(21.6999999999999,12.3,-114.4));
#5701=CARTESIAN_POINT('',(21.6999999999999,25.,-114.4));
#5702=CARTESIAN_POINT('Origin',(25.3999999999999,12.3,-114.4));
#5703=CARTESIAN_POINT('Origin',(25.3999999999999,12.3,-114.4));
#5704=CARTESIAN_POINT('Origin',(50.7999999999999,25.,-127.1));
#5705=CARTESIAN_POINT('',(47.0999999999999,12.3,-127.1));
#5706=CARTESIAN_POINT('',(47.0999999999999,25.,-127.1));
#5707=CARTESIAN_POINT('Origin',(50.7999999999999,12.3,-127.1));
#5708=CARTESIAN_POINT('Origin',(50.7999999999999,12.3,-127.1));
#5709=CARTESIAN_POINT('Origin',(12.6999999999998,25.,-139.8));
#5710=CARTESIAN_POINT('',(8.99999999999984,12.3,-139.8));
#5711=CARTESIAN_POINT('',(8.99999999999984,25.,-139.8));
#5712=CARTESIAN_POINT('Origin',(12.6999999999998,12.3,-139.8));
#5713=CARTESIAN_POINT('Origin',(12.6999999999998,12.3,-139.8));
#5714=CARTESIAN_POINT('Origin',(25.4,25.,-50.9));
#5715=CARTESIAN_POINT('',(21.7,12.3,-50.9));
#5716=CARTESIAN_POINT('',(21.7,25.,-50.9));
#5717=CARTESIAN_POINT('Origin',(25.4,12.3,-50.9));
#5718=CARTESIAN_POINT('Origin',(25.4,12.3,-50.9));
#5719=CARTESIAN_POINT('Origin',(50.7999999999999,25.,-89.));
#5720=CARTESIAN_POINT('',(47.0999999999999,12.3,-89.));
#5721=CARTESIAN_POINT('',(47.0999999999999,25.,-89.));
#5722=CARTESIAN_POINT('Origin',(50.7999999999999,12.3,-89.));
#5723=CARTESIAN_POINT('Origin',(50.7999999999999,12.3,-89.));
#5724=CARTESIAN_POINT('Origin',(38.1,25.,-25.5));
#5725=CARTESIAN_POINT('',(34.4,12.3,-25.5));
#5726=CARTESIAN_POINT('',(34.4,25.,-25.5));
#5727=CARTESIAN_POINT('Origin',(38.1,12.3,-25.5));
#5728=CARTESIAN_POINT('Origin',(38.1,12.3,-25.5));
#5729=CARTESIAN_POINT('Origin',(114.3,25.,-12.8));
#5730=CARTESIAN_POINT('',(110.6,12.3,-12.8));
#5731=CARTESIAN_POINT('',(110.6,25.,-12.8));
#5732=CARTESIAN_POINT('Origin',(114.3,12.3,-12.8));
#5733=CARTESIAN_POINT('Origin',(114.3,12.3,-12.8));
#5734=CARTESIAN_POINT('Origin',(38.1,25.,-38.2));
#5735=CARTESIAN_POINT('',(34.4,12.3,-38.2));
#5736=CARTESIAN_POINT('',(34.4,25.,-38.2));
#5737=CARTESIAN_POINT('Origin',(38.1,12.3,-38.2));
#5738=CARTESIAN_POINT('Origin',(38.1,12.3,-38.2));
#5739=CARTESIAN_POINT('Origin',(50.7999999999999,25.,-63.6));
#5740=CARTESIAN_POINT('',(47.0999999999999,12.3,-63.6));
#5741=CARTESIAN_POINT('',(47.0999999999999,25.,-63.6));
#5742=CARTESIAN_POINT('Origin',(50.7999999999999,12.3,-63.6));
#5743=CARTESIAN_POINT('Origin',(50.7999999999999,12.3,-63.6));
#5744=CARTESIAN_POINT('Origin',(38.0999999999999,25.,-63.6));
#5745=CARTESIAN_POINT('',(34.3999999999999,12.3,-63.6));
#5746=CARTESIAN_POINT('',(34.3999999999999,25.,-63.6));
#5747=CARTESIAN_POINT('Origin',(38.0999999999999,12.3,-63.6));
#5748=CARTESIAN_POINT('Origin',(38.0999999999999,12.3,-63.6));
#5749=CARTESIAN_POINT('Origin',(12.6999999999999,25.,-127.1));
#5750=CARTESIAN_POINT('',(8.99999999999986,12.3,-127.1));
#5751=CARTESIAN_POINT('',(8.99999999999986,25.,-127.1));
#5752=CARTESIAN_POINT('Origin',(12.6999999999999,12.3,-127.1));
#5753=CARTESIAN_POINT('Origin',(12.6999999999999,12.3,-127.1));
#5754=CARTESIAN_POINT('Origin',(50.7999999999999,25.,-114.4));
#5755=CARTESIAN_POINT('',(47.0999999999999,12.3,-114.4));
#5756=CARTESIAN_POINT('',(47.0999999999999,25.,-114.4));
#5757=CARTESIAN_POINT('Origin',(50.7999999999999,12.3,-114.4));
#5758=CARTESIAN_POINT('Origin',(50.7999999999999,12.3,-114.4));
#5759=CARTESIAN_POINT('Origin',(50.7999999999998,25.,-165.2));
#5760=CARTESIAN_POINT('',(47.0999999999998,12.3,-165.2));
#5761=CARTESIAN_POINT('',(47.0999999999998,25.,-165.2));
#5762=CARTESIAN_POINT('Origin',(50.7999999999998,12.3,-165.2));
#5763=CARTESIAN_POINT('Origin',(50.7999999999998,12.3,-165.2));
#5764=CARTESIAN_POINT('Origin',(25.3999999999998,25.,-152.5));
#5765=CARTESIAN_POINT('',(21.6999999999998,12.3,-152.5));
#5766=CARTESIAN_POINT('',(21.6999999999998,25.,-152.5));
#5767=CARTESIAN_POINT('Origin',(25.3999999999998,12.3,-152.5));
#5768=CARTESIAN_POINT('Origin',(25.3999999999998,12.3,-152.5));
#5769=CARTESIAN_POINT('Origin',(38.0999999999998,25.,-152.5));
#5770=CARTESIAN_POINT('',(34.3999999999998,12.3,-152.5));
#5771=CARTESIAN_POINT('',(34.3999999999998,25.,-152.5));
#5772=CARTESIAN_POINT('Origin',(38.0999999999998,12.3,-152.5));
#5773=CARTESIAN_POINT('Origin',(38.0999999999998,12.3,-152.5));
#5774=CARTESIAN_POINT('Origin',(50.8,25.,-38.2));
#5775=CARTESIAN_POINT('',(47.1,12.3,-38.2));
#5776=CARTESIAN_POINT('',(47.1,25.,-38.2));
#5777=CARTESIAN_POINT('Origin',(50.8,12.3,-38.2));
#5778=CARTESIAN_POINT('Origin',(50.8,12.3,-38.2));
#5779=CARTESIAN_POINT('Origin',(101.6,25.,-12.8));
#5780=CARTESIAN_POINT('',(97.9,12.3,-12.8));
#5781=CARTESIAN_POINT('',(97.9,25.,-12.8));
#5782=CARTESIAN_POINT('Origin',(101.6,12.3,-12.8));
#5783=CARTESIAN_POINT('Origin',(101.6,12.3,-12.8));
#5784=CARTESIAN_POINT('Origin',(76.2,25.,-12.8));
#5785=CARTESIAN_POINT('',(72.5,12.3,-12.8));
#5786=CARTESIAN_POINT('',(72.5,25.,-12.8));
#5787=CARTESIAN_POINT('Origin',(76.2,12.3,-12.8));
#5788=CARTESIAN_POINT('Origin',(76.2,12.3,-12.8));
#5789=CARTESIAN_POINT('Origin',(101.6,25.,-89.));
#5790=CARTESIAN_POINT('',(97.8999999999999,12.3,-89.));
#5791=CARTESIAN_POINT('',(97.8999999999999,25.,-89.));
#5792=CARTESIAN_POINT('Origin',(101.6,12.3,-89.));
#5793=CARTESIAN_POINT('Origin',(101.6,12.3,-89.));
#5794=CARTESIAN_POINT('Origin',(101.6,25.,-63.6));
#5795=CARTESIAN_POINT('',(97.8999999999999,12.3,-63.6));
#5796=CARTESIAN_POINT('',(97.8999999999999,25.,-63.6));
#5797=CARTESIAN_POINT('Origin',(101.6,12.3,-63.6));
#5798=CARTESIAN_POINT('Origin',(101.6,12.3,-63.6));
#5799=CARTESIAN_POINT('Origin',(76.1999999999999,25.,-89.));
#5800=CARTESIAN_POINT('',(72.4999999999999,12.3,-89.));
#5801=CARTESIAN_POINT('',(72.4999999999999,25.,-89.));
#5802=CARTESIAN_POINT('Origin',(76.1999999999999,12.3,-89.));
#5803=CARTESIAN_POINT('Origin',(76.1999999999999,12.3,-89.));
#5804=CARTESIAN_POINT('Origin',(63.4999999999999,25.,-63.6));
#5805=CARTESIAN_POINT('',(59.7999999999999,12.3,-63.6));
#5806=CARTESIAN_POINT('',(59.7999999999999,25.,-63.6));
#5807=CARTESIAN_POINT('Origin',(63.4999999999999,12.3,-63.6));
#5808=CARTESIAN_POINT('Origin',(63.4999999999999,12.3,-63.6));
#5809=CARTESIAN_POINT('Origin',(76.1999999999999,25.,-63.6));
#5810=CARTESIAN_POINT('',(72.4999999999999,12.3,-63.6));
#5811=CARTESIAN_POINT('',(72.4999999999999,25.,-63.6));
#5812=CARTESIAN_POINT('Origin',(76.1999999999999,12.3,-63.6));
#5813=CARTESIAN_POINT('Origin',(76.1999999999999,12.3,-63.6));
#5814=CARTESIAN_POINT('Origin',(63.4999999999998,25.,-139.8));
#5815=CARTESIAN_POINT('',(59.7999999999998,12.3,-139.8));
#5816=CARTESIAN_POINT('',(59.7999999999998,25.,-139.8));
#5817=CARTESIAN_POINT('Origin',(63.4999999999998,12.3,-139.8));
#5818=CARTESIAN_POINT('Origin',(63.4999999999998,12.3,-139.8));
#5819=CARTESIAN_POINT('Origin',(114.3,25.,-139.8));
#5820=CARTESIAN_POINT('',(110.6,12.3,-139.8));
#5821=CARTESIAN_POINT('',(110.6,25.,-139.8));
#5822=CARTESIAN_POINT('Origin',(114.3,12.3,-139.8));
#5823=CARTESIAN_POINT('Origin',(114.3,12.3,-139.8));
#5824=CARTESIAN_POINT('Origin',(114.3,25.,-165.2));
#5825=CARTESIAN_POINT('',(110.6,12.3,-165.2));
#5826=CARTESIAN_POINT('',(110.6,25.,-165.2));
#5827=CARTESIAN_POINT('Origin',(114.3,12.3,-165.2));
#5828=CARTESIAN_POINT('Origin',(114.3,12.3,-165.2));
#5829=CARTESIAN_POINT('Origin',(101.6,25.,-165.2));
#5830=CARTESIAN_POINT('',(97.8999999999998,12.3,-165.2));
#5831=CARTESIAN_POINT('',(97.8999999999998,25.,-165.2));
#5832=CARTESIAN_POINT('Origin',(101.6,12.3,-165.2));
#5833=CARTESIAN_POINT('Origin',(101.6,12.3,-165.2));
#5834=CARTESIAN_POINT('Origin',(76.1999999999998,25.,-127.1));
#5835=CARTESIAN_POINT('',(72.4999999999998,12.3,-127.1));
#5836=CARTESIAN_POINT('',(72.4999999999998,25.,-127.1));
#5837=CARTESIAN_POINT('Origin',(76.1999999999998,12.3,-127.1));
#5838=CARTESIAN_POINT('Origin',(76.1999999999998,12.3,-127.1));
#5839=CARTESIAN_POINT('Origin',(114.3,25.,-89.));
#5840=CARTESIAN_POINT('',(110.6,25.,-89.));
#5841=CARTESIAN_POINT('Origin',(88.8999999999999,25.,-114.4));
#5842=CARTESIAN_POINT('',(85.1999999999999,12.3,-114.4));
#5843=CARTESIAN_POINT('',(85.1999999999999,25.,-114.4));
#5844=CARTESIAN_POINT('Origin',(88.8999999999999,12.3,-114.4));
#5845=CARTESIAN_POINT('Origin',(88.8999999999999,12.3,-114.4));
#5846=CARTESIAN_POINT('Origin',(88.9,25.,-38.2));
#5847=CARTESIAN_POINT('',(85.2,12.3,-38.2));
#5848=CARTESIAN_POINT('',(85.2,25.,-38.2));
#5849=CARTESIAN_POINT('Origin',(88.9,12.3,-38.2));
#5850=CARTESIAN_POINT('Origin',(88.9,12.3,-38.2));
#5851=CARTESIAN_POINT('Origin',(114.3,25.,-38.2));
#5852=CARTESIAN_POINT('',(110.6,12.3,-38.2));
#5853=CARTESIAN_POINT('',(110.6,25.,-38.2));
#5854=CARTESIAN_POINT('Origin',(114.3,12.3,-38.2));
#5855=CARTESIAN_POINT('Origin',(114.3,12.3,-38.2));
#5856=CARTESIAN_POINT('Origin',(12.7,25.,-38.2));
#5857=CARTESIAN_POINT('',(8.99999999999998,12.3,-38.2));
#5858=CARTESIAN_POINT('',(8.99999999999998,25.,-38.2));
#5859=CARTESIAN_POINT('Origin',(12.7,12.3,-38.2));
#5860=CARTESIAN_POINT('Origin',(12.7,12.3,-38.2));
#5861=CARTESIAN_POINT('Origin',(12.7,25.,-12.8));
#5862=CARTESIAN_POINT('',(9.00000000000002,12.3,-12.8));
#5863=CARTESIAN_POINT('',(9.00000000000002,25.,-12.8));
#5864=CARTESIAN_POINT('Origin',(12.7,12.3,-12.8));
#5865=CARTESIAN_POINT('Origin',(12.7,12.3,-12.8));
#5866=CARTESIAN_POINT('Origin',(4.99999999999992,0.,-173.));
#5867=CARTESIAN_POINT('',(4.99999999999991,0.,-178.));
#5868=CARTESIAN_POINT('',(4.99999999999992,0.,-178.));
#5869=CARTESIAN_POINT('Origin',(4.99999999999992,0.,-173.));
#5870=CARTESIAN_POINT('Origin',(127.,0.,-178.));
#5871=CARTESIAN_POINT('',(122.,0.,-178.));
#5872=CARTESIAN_POINT('',(122.,0.,-178.));
#5873=CARTESIAN_POINT('',(127.,0.,-178.));
#5874=CARTESIAN_POINT('Origin',(122.,0.,-173.));
#5875=CARTESIAN_POINT('',(127.,0.,-173.));
#5876=CARTESIAN_POINT('',(127.,0.,-173.));
#5877=CARTESIAN_POINT('Origin',(122.,0.,-173.));
#5878=CARTESIAN_POINT('Origin',(127.,0.,-1.77635683940025E-14));
#5879=CARTESIAN_POINT('',(127.,0.,-5.00000000000002));
#5880=CARTESIAN_POINT('',(127.,0.,-5.00000000000002));
#5881=CARTESIAN_POINT('',(127.,0.,-1.77635683940025E-14));
#5882=CARTESIAN_POINT('Origin',(5.,0.,-5.));
#5883=CARTESIAN_POINT('',(5.,0.,-6.99353086378051E-16));
#5884=CARTESIAN_POINT('Origin',(5.,0.,-5.));
#5885=CARTESIAN_POINT('',(5.,0.,-5.55111512312578E-16));
#5886=CARTESIAN_POINT('Origin',(122.,0.,-5.00000000000002));
#5887=CARTESIAN_POINT('',(122.,0.,-1.70642153076245E-14));
#5888=CARTESIAN_POINT('',(122.,0.,-1.66533453693773E-14));
#5889=CARTESIAN_POINT('Origin',(122.,0.,-5.00000000000002));
#5890=CARTESIAN_POINT('Origin',(0.,0.,0.));
#5891=CARTESIAN_POINT('',(0.,0.,0.));
#5892=CARTESIAN_POINT('Origin',(63.5,0.,-89.0000000000001));
#5893=CARTESIAN_POINT('Origin',(114.3,25.,-12.8));
#5894=CARTESIAN_POINT('Origin',(114.3,25.,-50.9));
#5895=CARTESIAN_POINT('polyline point',(114.3,25.,-12.8));
#5896=CARTESIAN_POINT('polyline point',(114.3,25.,-50.9));
#5897=CARTESIAN_POINT('Origin',(63.5,25.,-12.8));
#5898=CARTESIAN_POINT('polyline point',(114.3,25.,-12.8));
#5899=CARTESIAN_POINT('polyline point',(63.5,25.,-12.8));
#5900=CARTESIAN_POINT('Origin',(63.4999999999999,25.,-127.1));
#5901=CARTESIAN_POINT('polyline point',(63.5,25.,-50.9));
#5902=CARTESIAN_POINT('polyline point',(63.4999999999999,25.,-127.1));
#5903=CARTESIAN_POINT('',(0.,25.,0.));
#5904=UNCERTAINTY_MEASURE_WITH_UNIT(LENGTH_MEASURE(0.01),#5908,
'DISTANCE_ACCURACY_VALUE',
'Maximum model space distance between geometric entities at asserted c
onnectivities');
#5905=UNCERTAINTY_MEASURE_WITH_UNIT(LENGTH_MEASURE(0.01),#5908,
'DISTANCE_ACCURACY_VALUE',
'Maximum model space distance between geometric entities at asserted c
onnectivities');
#5906=(
GEOMETRIC_REPRESENTATION_CONTEXT(3)
GLOBAL_UNCERTAINTY_ASSIGNED_CONTEXT((#5904))
GLOBAL_UNIT_ASSIGNED_CONTEXT((#5908,#5910,#5911))
REPRESENTATION_CONTEXT('','3D')
);
#5907=(
GEOMETRIC_REPRESENTATION_CONTEXT(3)
GLOBAL_UNCERTAINTY_ASSIGNED_CONTEXT((#5905))
GLOBAL_UNIT_ASSIGNED_CONTEXT((#5908,#5910,#5911))
REPRESENTATION_CONTEXT('','3D')
);
#5908=(
LENGTH_UNIT()
NAMED_UNIT(*)
SI_UNIT(.MILLI.,.METRE.)
);
#5909=(
LENGTH_UNIT()
NAMED_UNIT(*)
SI_UNIT(.CENTI.,.METRE.)
);
#5910=(
NAMED_UNIT(*)
PLANE_ANGLE_UNIT()
SI_UNIT($,.RADIAN.)
);
#5911=(
NAMED_UNIT(*)
SI_UNIT($,.STERADIAN.)
SOLID_ANGLE_UNIT()
);
#5912=SHAPE_DEFINITION_REPRESENTATION(#5913,#5914);
#5913=PRODUCT_DEFINITION_SHAPE('',$,#5916);
#5914=SHAPE_REPRESENTATION('',(#3317),#5906);
#5915=PRODUCT_DEFINITION_CONTEXT('part definition',#5920,'design');
#5916=PRODUCT_DEFINITION('Base','Base',#5917,#5915);
#5917=PRODUCT_DEFINITION_FORMATION('',$,#5922);
#5918=PRODUCT_RELATED_PRODUCT_CATEGORY('Base','Base',(#5922));
#5919=APPLICATION_PROTOCOL_DEFINITION('international standard',
'automotive_design',2009,#5920);
#5920=APPLICATION_CONTEXT(
'Core Data for Automotive Mechanical Design Process');
#5921=PRODUCT_CONTEXT('part definition',#5920,'mechanical');
#5922=PRODUCT('Base','Base',$,(#5921));
#5923=PRESENTATION_STYLE_ASSIGNMENT((#5926));
#5924=PRESENTATION_STYLE_ASSIGNMENT((#5927));
#5925=PRESENTATION_STYLE_ASSIGNMENT((#5928));
#5926=SURFACE_STYLE_USAGE(.BOTH.,#5931);
#5927=SURFACE_STYLE_USAGE(.BOTH.,#5932);
#5928=SURFACE_STYLE_USAGE(.BOTH.,#5933);
#5929=SURFACE_STYLE_RENDERING_WITH_PROPERTIES($,#5943,(#5930));
#5930=SURFACE_STYLE_TRANSPARENT(0.);
#5931=SURFACE_SIDE_STYLE('',(#5934,#5929));
#5932=SURFACE_SIDE_STYLE('',(#5935));
#5933=SURFACE_SIDE_STYLE('',(#5936));
#5934=SURFACE_STYLE_FILL_AREA(#5937);
#5935=SURFACE_STYLE_FILL_AREA(#5938);
#5936=SURFACE_STYLE_FILL_AREA(#5939);
#5937=FILL_AREA_STYLE('',(#5940));
#5938=FILL_AREA_STYLE('',(#5941));
#5939=FILL_AREA_STYLE('',(#5942));
#5940=FILL_AREA_STYLE_COLOUR('',#5943);
#5941=FILL_AREA_STYLE_COLOUR('',#5944);
#5942=FILL_AREA_STYLE_COLOUR('',#5945);
#5943=COLOUR_RGB('',0.313725490196078,0.313725490196078,0.313725490196078);
#5944=COLOUR_RGB('',1.,1.,0.);
#5945=COLOUR_RGB('',0.,0.,0.);
ENDSEC;
END-ISO-10303-21;
