ISO-10303-21;
HEADER;
/* Generated by software containing ST-Developer
 * from STEP Tools, Inc. (www.steptools.com) 
 */

FILE_DESCRIPTION(
/* description */ (''),
/* implementation_level */ '2;1');

FILE_NAME(
/* name */ 'Primer Acople.stp',
/* time_stamp */ '2025-09-30T16:28:39-03:00',
/* author */ ('bello'),
/* organization */ (''),
/* preprocessor_version */ 'ST-DEVELOPER v20.1',
/* originating_system */ 'Autodesk Inventor 2026',
/* authorisation */ '');

FILE_SCHEMA (('AUTOMOTIVE_DESIGN { 1 0 10303 214 3 1 1 }'));
ENDSEC;

DATA;
#10=MECHANICAL_DESIGN_GEOMETRIC_PRESENTATION_REPRESENTATION('',(#13),#2258);
#11=SHAPE_REPRESENTATION_RELATIONSHIP('SRR','None',#2265,#12);
#12=ADVANCED_BREP_SHAPE_REPRESENTATION('',(#14),#2257);
#13=STYLED_ITEM('',(#2274),#14);
#14=MANIFOLD_SOLID_BREP('S\X\F3lido1',#1243);
#15=FACE_BOUND('',#256,.T.);
#16=FACE_BOUND('',#259,.T.);
#17=FACE_BOUND('',#264,.T.);
#18=FACE_BOUND('',#279,.T.);
#19=FACE_BOUND('',#285,.T.);
#20=FACE_BOUND('',#286,.T.);
#21=PLANE('',#1274);
#22=PLANE('',#1292);
#23=PLANE('',#1296);
#24=PLANE('',#1311);
#25=PLANE('',#1312);
#26=PLANE('',#1313);
#27=PLANE('',#1317);
#28=PLANE('',#1331);
#29=PLANE('',#1349);
#30=PLANE('',#1350);
#31=PLANE('',#1351);
#32=PLANE('',#1361);
#33=PLANE('',#1362);
#34=PLANE('',#1363);
#35=PLANE('',#1364);
#36=PLANE('',#1374);
#37=PLANE('',#1378);
#38=PLANE('',#1385);
#39=PLANE('',#1386);
#40=PLANE('',#1392);
#41=PLANE('',#1395);
#42=PLANE('',#1399);
#43=PLANE('',#1404);
#44=PLANE('',#1407);
#45=PLANE('',#1408);
#46=PLANE('',#1409);
#47=PLANE('',#1410);
#48=PLANE('',#1411);
#49=PLANE('',#1412);
#50=PLANE('',#1413);
#51=CIRCLE('',#1270,7.);
#52=CIRCLE('',#1271,4.);
#53=CIRCLE('',#1272,3.);
#54=CIRCLE('',#1273,4.);
#55=CIRCLE('',#1275,7.);
#56=CIRCLE('',#1277,4.);
#57=CIRCLE('',#1278,3.);
#58=CIRCLE('',#1279,4.);
#59=CIRCLE('',#1281,4.);
#60=CIRCLE('',#1282,7.);
#61=CIRCLE('',#1283,3.);
#62=CIRCLE('',#1285,3.);
#63=CIRCLE('',#1286,4.);
#64=CIRCLE('',#1289,4.);
#65=CIRCLE('',#1290,3.);
#66=CIRCLE('',#1298,4.);
#67=CIRCLE('',#1301,3.);
#68=CIRCLE('',#1302,4.);
#69=CIRCLE('',#1304,7.);
#70=CIRCLE('',#1305,4.);
#71=CIRCLE('',#1306,3.);
#72=CIRCLE('',#1308,4.);
#73=CIRCLE('',#1309,3.);
#74=CIRCLE('',#1318,7.);
#75=CIRCLE('',#1320,4.);
#76=CIRCLE('',#1321,3.);
#77=CIRCLE('',#1322,4.);
#78=CIRCLE('',#1327,7.);
#79=CIRCLE('',#1328,4.);
#80=CIRCLE('',#1329,3.);
#81=CIRCLE('',#1330,4.);
#82=CIRCLE('',#1332,7.);
#83=CIRCLE('',#1334,4.);
#84=CIRCLE('',#1335,3.);
#85=CIRCLE('',#1336,4.);
#86=CIRCLE('',#1339,3.);
#87=CIRCLE('',#1340,4.);
#88=CIRCLE('',#1342,4.);
#89=CIRCLE('',#1343,3.);
#90=CIRCLE('',#1344,7.);
#91=CIRCLE('',#1346,4.);
#92=CIRCLE('',#1347,3.);
#93=CIRCLE('',#1354,3.);
#94=CIRCLE('',#1355,4.);
#95=CIRCLE('',#1358,4.);
#96=CIRCLE('',#1359,3.);
#97=CIRCLE('',#1366,1.25);
#98=CIRCLE('',#1367,1.25);
#99=CIRCLE('',#1369,1.25);
#100=CIRCLE('',#1370,1.25);
#101=CIRCLE('',#1372,3.9);
#102=CIRCLE('',#1373,3.9);
#103=CIRCLE('',#1376,3.9);
#104=CIRCLE('',#1377,3.9);
#105=CIRCLE('',#1380,5.5);
#106=CIRCLE('',#1381,5.5);
#107=CIRCLE('',#1383,5.5);
#108=CIRCLE('',#1384,5.5);
#109=CIRCLE('',#1387,3.);
#110=CIRCLE('',#1388,3.);
#111=CIRCLE('',#1389,3.);
#112=CIRCLE('',#1390,3.);
#113=CIRCLE('',#1398,3.);
#114=CIRCLE('',#1401,3.);
#115=CIRCLE('',#1403,3.);
#116=CIRCLE('',#1406,3.);
#117=TOROIDAL_SURFACE('',#1269,7.,4.);
#118=TOROIDAL_SURFACE('',#1276,7.,4.);
#119=TOROIDAL_SURFACE('',#1280,7.,4.);
#120=TOROIDAL_SURFACE('',#1284,7.,4.);
#121=TOROIDAL_SURFACE('',#1288,7.,4.);
#122=TOROIDAL_SURFACE('',#1300,7.,4.);
#123=TOROIDAL_SURFACE('',#1303,7.,4.);
#124=TOROIDAL_SURFACE('',#1307,7.,4.);
#125=TOROIDAL_SURFACE('',#1319,7.,4.);
#126=TOROIDAL_SURFACE('',#1326,7.,4.);
#127=TOROIDAL_SURFACE('',#1333,7.,4.);
#128=TOROIDAL_SURFACE('',#1338,7.,4.);
#129=TOROIDAL_SURFACE('',#1341,7.,4.);
#130=TOROIDAL_SURFACE('',#1345,7.,4.);
#131=TOROIDAL_SURFACE('',#1353,7.,4.);
#132=TOROIDAL_SURFACE('',#1357,7.,4.);
#133=FACE_OUTER_BOUND('',#207,.T.);
#134=FACE_OUTER_BOUND('',#208,.T.);
#135=FACE_OUTER_BOUND('',#209,.T.);
#136=FACE_OUTER_BOUND('',#210,.T.);
#137=FACE_OUTER_BOUND('',#211,.T.);
#138=FACE_OUTER_BOUND('',#212,.T.);
#139=FACE_OUTER_BOUND('',#213,.T.);
#140=FACE_OUTER_BOUND('',#214,.T.);
#141=FACE_OUTER_BOUND('',#215,.T.);
#142=FACE_OUTER_BOUND('',#216,.T.);
#143=FACE_OUTER_BOUND('',#217,.T.);
#144=FACE_OUTER_BOUND('',#218,.T.);
#145=FACE_OUTER_BOUND('',#219,.T.);
#146=FACE_OUTER_BOUND('',#220,.T.);
#147=FACE_OUTER_BOUND('',#221,.T.);
#148=FACE_OUTER_BOUND('',#222,.T.);
#149=FACE_OUTER_BOUND('',#223,.T.);
#150=FACE_OUTER_BOUND('',#224,.T.);
#151=FACE_OUTER_BOUND('',#225,.T.);
#152=FACE_OUTER_BOUND('',#226,.T.);
#153=FACE_OUTER_BOUND('',#227,.T.);
#154=FACE_OUTER_BOUND('',#228,.T.);
#155=FACE_OUTER_BOUND('',#229,.T.);
#156=FACE_OUTER_BOUND('',#230,.T.);
#157=FACE_OUTER_BOUND('',#231,.T.);
#158=FACE_OUTER_BOUND('',#232,.T.);
#159=FACE_OUTER_BOUND('',#233,.T.);
#160=FACE_OUTER_BOUND('',#234,.T.);
#161=FACE_OUTER_BOUND('',#235,.T.);
#162=FACE_OUTER_BOUND('',#236,.T.);
#163=FACE_OUTER_BOUND('',#237,.T.);
#164=FACE_OUTER_BOUND('',#238,.T.);
#165=FACE_OUTER_BOUND('',#239,.T.);
#166=FACE_OUTER_BOUND('',#240,.T.);
#167=FACE_OUTER_BOUND('',#241,.T.);
#168=FACE_OUTER_BOUND('',#242,.T.);
#169=FACE_OUTER_BOUND('',#243,.T.);
#170=FACE_OUTER_BOUND('',#244,.T.);
#171=FACE_OUTER_BOUND('',#245,.T.);
#172=FACE_OUTER_BOUND('',#246,.T.);
#173=FACE_OUTER_BOUND('',#247,.T.);
#174=FACE_OUTER_BOUND('',#248,.T.);
#175=FACE_OUTER_BOUND('',#249,.T.);
#176=FACE_OUTER_BOUND('',#250,.T.);
#177=FACE_OUTER_BOUND('',#251,.T.);
#178=FACE_OUTER_BOUND('',#252,.T.);
#179=FACE_OUTER_BOUND('',#253,.T.);
#180=FACE_OUTER_BOUND('',#254,.T.);
#181=FACE_OUTER_BOUND('',#255,.T.);
#182=FACE_OUTER_BOUND('',#257,.T.);
#183=FACE_OUTER_BOUND('',#258,.T.);
#184=FACE_OUTER_BOUND('',#260,.T.);
#185=FACE_OUTER_BOUND('',#261,.T.);
#186=FACE_OUTER_BOUND('',#262,.T.);
#187=FACE_OUTER_BOUND('',#263,.T.);
#188=FACE_OUTER_BOUND('',#265,.T.);
#189=FACE_OUTER_BOUND('',#266,.T.);
#190=FACE_OUTER_BOUND('',#267,.T.);
#191=FACE_OUTER_BOUND('',#268,.T.);
#192=FACE_OUTER_BOUND('',#269,.T.);
#193=FACE_OUTER_BOUND('',#270,.T.);
#194=FACE_OUTER_BOUND('',#271,.T.);
#195=FACE_OUTER_BOUND('',#272,.T.);
#196=FACE_OUTER_BOUND('',#273,.T.);
#197=FACE_OUTER_BOUND('',#274,.T.);
#198=FACE_OUTER_BOUND('',#275,.T.);
#199=FACE_OUTER_BOUND('',#276,.T.);
#200=FACE_OUTER_BOUND('',#277,.T.);
#201=FACE_OUTER_BOUND('',#278,.T.);
#202=FACE_OUTER_BOUND('',#280,.T.);
#203=FACE_OUTER_BOUND('',#281,.T.);
#204=FACE_OUTER_BOUND('',#282,.T.);
#205=FACE_OUTER_BOUND('',#283,.T.);
#206=FACE_OUTER_BOUND('',#284,.T.);
#207=EDGE_LOOP('',(#781,#782,#783,#784,#785,#786));
#208=EDGE_LOOP('',(#787,#788,#789,#790,#791));
#209=EDGE_LOOP('',(#792,#793,#794,#795));
#210=EDGE_LOOP('',(#796,#797,#798,#799,#800));
#211=EDGE_LOOP('',(#801,#802,#803,#804));
#212=EDGE_LOOP('',(#805,#806,#807,#808));
#213=EDGE_LOOP('',(#809,#810,#811));
#214=EDGE_LOOP('',(#812,#813,#814,#815));
#215=EDGE_LOOP('',(#816,#817,#818,#819));
#216=EDGE_LOOP('',(#820,#821,#822));
#217=EDGE_LOOP('',(#823,#824,#825,#826,#827));
#218=EDGE_LOOP('',(#828,#829,#830));
#219=EDGE_LOOP('',(#831,#832,#833));
#220=EDGE_LOOP('',(#834,#835,#836));
#221=EDGE_LOOP('',(#837,#838,#839,#840));
#222=EDGE_LOOP('',(#841,#842,#843,#844,#845));
#223=EDGE_LOOP('',(#846,#847,#848,#849));
#224=EDGE_LOOP('',(#850,#851,#852,#853));
#225=EDGE_LOOP('',(#854,#855,#856,#857,#858,#859));
#226=EDGE_LOOP('',(#860,#861,#862,#863));
#227=EDGE_LOOP('',(#864,#865,#866,#867));
#228=EDGE_LOOP('',(#868,#869,#870,#871,#872));
#229=EDGE_LOOP('',(#873,#874,#875,#876));
#230=EDGE_LOOP('',(#877,#878,#879,#880,#881));
#231=EDGE_LOOP('',(#882,#883,#884,#885,#886,#887));
#232=EDGE_LOOP('',(#888,#889,#890,#891,#892));
#233=EDGE_LOOP('',(#893,#894,#895,#896));
#234=EDGE_LOOP('',(#897,#898,#899,#900,#901));
#235=EDGE_LOOP('',(#902,#903,#904));
#236=EDGE_LOOP('',(#905,#906,#907,#908));
#237=EDGE_LOOP('',(#909,#910,#911,#912));
#238=EDGE_LOOP('',(#913,#914,#915,#916));
#239=EDGE_LOOP('',(#917,#918,#919,#920));
#240=EDGE_LOOP('',(#921,#922,#923,#924,#925,#926));
#241=EDGE_LOOP('',(#927,#928,#929,#930));
#242=EDGE_LOOP('',(#931,#932,#933));
#243=EDGE_LOOP('',(#934,#935,#936));
#244=EDGE_LOOP('',(#937,#938,#939,#940));
#245=EDGE_LOOP('',(#941,#942,#943));
#246=EDGE_LOOP('',(#944,#945,#946,#947));
#247=EDGE_LOOP('',(#948,#949,#950,#951));
#248=EDGE_LOOP('',(#952,#953,#954,#955,#956,#957));
#249=EDGE_LOOP('',(#958,#959,#960,#961,#962,#963));
#250=EDGE_LOOP('',(#964,#965,#966));
#251=EDGE_LOOP('',(#967,#968,#969,#970,#971,#972,#973,#974));
#252=EDGE_LOOP('',(#975,#976,#977,#978));
#253=EDGE_LOOP('',(#979,#980,#981,#982));
#254=EDGE_LOOP('',(#983,#984,#985,#986));
#255=EDGE_LOOP('',(#987));
#256=EDGE_LOOP('',(#988));
#257=EDGE_LOOP('',(#989,#990,#991,#992));
#258=EDGE_LOOP('',(#993));
#259=EDGE_LOOP('',(#994));
#260=EDGE_LOOP('',(#995,#996,#997,#998));
#261=EDGE_LOOP('',(#999,#1000,#1001,#1002));
#262=EDGE_LOOP('',(#1003,#1004,#1005,#1006,#1007,#1008,#1009,#1010));
#263=EDGE_LOOP('',(#1011,#1012,#1013,#1014,#1015,#1016,#1017,#1018,#1019,
#1020));
#264=EDGE_LOOP('',(#1021));
#265=EDGE_LOOP('',(#1022,#1023,#1024,#1025,#1026));
#266=EDGE_LOOP('',(#1027,#1028,#1029,#1030));
#267=EDGE_LOOP('',(#1031,#1032,#1033,#1034,#1035));
#268=EDGE_LOOP('',(#1036,#1037,#1038,#1039,#1040));
#269=EDGE_LOOP('',(#1041,#1042,#1043,#1044));
#270=EDGE_LOOP('',(#1045,#1046,#1047,#1048,#1049));
#271=EDGE_LOOP('',(#1050,#1051,#1052,#1053,#1054));
#272=EDGE_LOOP('',(#1055,#1056,#1057,#1058));
#273=EDGE_LOOP('',(#1059,#1060,#1061,#1062,#1063));
#274=EDGE_LOOP('',(#1064,#1065,#1066,#1067,#1068));
#275=EDGE_LOOP('',(#1069,#1070,#1071,#1072));
#276=EDGE_LOOP('',(#1073,#1074,#1075,#1076,#1077));
#277=EDGE_LOOP('',(#1078,#1079,#1080,#1081,#1082,#1083));
#278=EDGE_LOOP('',(#1084,#1085,#1086,#1087,#1088,#1089,#1090,#1091,#1092,
#1093));
#279=EDGE_LOOP('',(#1094));
#280=EDGE_LOOP('',(#1095,#1096,#1097,#1098,#1099,#1100,#1101,#1102,#1103,
#1104,#1105,#1106));
#281=EDGE_LOOP('',(#1107,#1108,#1109,#1110,#1111,#1112,#1113,#1114,#1115,
#1116));
#282=EDGE_LOOP('',(#1117,#1118,#1119,#1120,#1121,#1122,#1123,#1124,#1125,
#1126,#1127,#1128));
#283=EDGE_LOOP('',(#1129,#1130,#1131,#1132,#1133,#1134));
#284=EDGE_LOOP('',(#1135,#1136,#1137,#1138));
#285=EDGE_LOOP('',(#1139));
#286=EDGE_LOOP('',(#1140));
#287=ELLIPSE('',#1267,5.65685424949238,4.);
#288=ELLIPSE('',#1268,5.65685424949238,4.);
#289=ELLIPSE('',#1294,5.65685424949239,4.);
#290=ELLIPSE('',#1295,5.65685424949238,4.);
#291=ELLIPSE('',#1315,5.65685424949239,4.);
#292=ELLIPSE('',#1316,5.65685424949238,4.);
#293=ELLIPSE('',#1324,5.65685424949238,4.);
#294=ELLIPSE('',#1325,5.65685424949238,4.);
#295=LINE('',#1813,#385);
#296=LINE('',#1824,#386);
#297=LINE('',#1837,#387);
#298=LINE('',#1874,#388);
#299=LINE('',#1887,#389);
#300=LINE('',#1888,#390);
#301=LINE('',#1891,#391);
#302=LINE('',#1892,#392);
#303=LINE('',#1898,#393);
#304=LINE('',#1908,#394);
#305=LINE('',#1911,#395);
#306=LINE('',#1912,#396);
#307=LINE('',#1916,#397);
#308=LINE('',#1918,#398);
#309=LINE('',#1948,#399);
#310=LINE('',#1949,#400);
#311=LINE('',#1952,#401);
#312=LINE('',#1954,#402);
#313=LINE('',#1956,#403);
#314=LINE('',#1958,#404);
#315=LINE('',#1959,#405);
#316=LINE('',#1962,#406);
#317=LINE('',#1963,#407);
#318=LINE('',#1966,#408);
#319=LINE('',#1967,#409);
#320=LINE('',#1978,#410);
#321=LINE('',#1982,#411);
#322=LINE('',#1988,#412);
#323=LINE('',#1989,#413);
#324=LINE('',#2006,#414);
#325=LINE('',#2017,#415);
#326=LINE('',#2030,#416);
#327=LINE('',#2038,#417);
#328=LINE('',#2080,#418);
#329=LINE('',#2081,#419);
#330=LINE('',#2084,#420);
#331=LINE('',#2086,#421);
#332=LINE('',#2088,#422);
#333=LINE('',#2090,#423);
#334=LINE('',#2091,#424);
#335=LINE('',#2094,#425);
#336=LINE('',#2095,#426);
#337=LINE('',#2098,#427);
#338=LINE('',#2099,#428);
#339=LINE('',#2101,#429);
#340=LINE('',#2114,#430);
#341=LINE('',#2127,#431);
#342=LINE('',#2128,#432);
#343=LINE('',#2131,#433);
#344=LINE('',#2133,#434);
#345=LINE('',#2135,#435);
#346=LINE('',#2136,#436);
#347=LINE('',#2139,#437);
#348=LINE('',#2140,#438);
#349=LINE('',#2141,#439);
#350=LINE('',#2143,#440);
#351=LINE('',#2146,#441);
#352=LINE('',#2148,#442);
#353=LINE('',#2149,#443);
#354=LINE('',#2154,#444);
#355=LINE('',#2160,#445);
#356=LINE('',#2166,#446);
#357=LINE('',#2173,#447);
#358=LINE('',#2184,#448);
#359=LINE('',#2186,#449);
#360=LINE('',#2191,#450);
#361=LINE('',#2196,#451);
#362=LINE('',#2199,#452);
#363=LINE('',#2201,#453);
#364=LINE('',#2204,#454);
#365=LINE('',#2206,#455);
#366=LINE('',#2211,#456);
#367=LINE('',#2214,#457);
#368=LINE('',#2215,#458);
#369=LINE('',#2219,#459);
#370=LINE('',#2222,#460);
#371=LINE('',#2225,#461);
#372=LINE('',#2228,#462);
#373=LINE('',#2229,#463);
#374=LINE('',#2233,#464);
#375=LINE('',#2235,#465);
#376=LINE('',#2237,#466);
#377=LINE('',#2241,#467);
#378=LINE('',#2242,#468);
#379=LINE('',#2243,#469);
#380=LINE('',#2246,#470);
#381=LINE('',#2247,#471);
#382=LINE('',#2250,#472);
#383=LINE('',#2251,#473);
#384=LINE('',#2253,#474);
#385=VECTOR('',#1418,10.);
#386=VECTOR('',#1421,10.);
#387=VECTOR('',#1438,10.);
#388=VECTOR('',#1463,10.);
#389=VECTOR('',#1472,10.);
#390=VECTOR('',#1473,10.);
#391=VECTOR('',#1476,10.);
#392=VECTOR('',#1477,10.);
#393=VECTOR('',#1482,10.);
#394=VECTOR('',#1485,10.);
#395=VECTOR('',#1488,10.);
#396=VECTOR('',#1489,10.);
#397=VECTOR('',#1494,10.);
#398=VECTOR('',#1497,10.);
#399=VECTOR('',#1520,10.);
#400=VECTOR('',#1521,10.);
#401=VECTOR('',#1524,10.);
#402=VECTOR('',#1525,10.);
#403=VECTOR('',#1526,10.);
#404=VECTOR('',#1527,10.);
#405=VECTOR('',#1528,10.);
#406=VECTOR('',#1531,10.);
#407=VECTOR('',#1532,10.);
#408=VECTOR('',#1535,10.);
#409=VECTOR('',#1536,10.);
#410=VECTOR('',#1539,10.);
#411=VECTOR('',#1542,10.);
#412=VECTOR('',#1549,10.);
#413=VECTOR('',#1550,10.);
#414=VECTOR('',#1561,10.);
#415=VECTOR('',#1564,10.);
#416=VECTOR('',#1581,10.);
#417=VECTOR('',#1592,10.);
#418=VECTOR('',#1615,10.);
#419=VECTOR('',#1616,10.);
#420=VECTOR('',#1619,10.);
#421=VECTOR('',#1620,10.);
#422=VECTOR('',#1621,10.);
#423=VECTOR('',#1622,10.);
#424=VECTOR('',#1623,10.);
#425=VECTOR('',#1626,10.);
#426=VECTOR('',#1627,10.);
#427=VECTOR('',#1630,10.);
#428=VECTOR('',#1631,10.);
#429=VECTOR('',#1634,10.);
#430=VECTOR('',#1643,10.);
#431=VECTOR('',#1652,10.);
#432=VECTOR('',#1653,10.);
#433=VECTOR('',#1656,10.);
#434=VECTOR('',#1657,10.);
#435=VECTOR('',#1658,10.);
#436=VECTOR('',#1659,10.);
#437=VECTOR('',#1662,10.);
#438=VECTOR('',#1663,10.);
#439=VECTOR('',#1664,10.);
#440=VECTOR('',#1667,10.);
#441=VECTOR('',#1670,10.);
#442=VECTOR('',#1671,10.);
#443=VECTOR('',#1672,10.);
#444=VECTOR('',#1677,1.25);
#445=VECTOR('',#1684,1.25);
#446=VECTOR('',#1691,3.9);
#447=VECTOR('',#1700,3.9);
#448=VECTOR('',#1717,10.);
#449=VECTOR('',#1720,10.);
#450=VECTOR('',#1725,10.);
#451=VECTOR('',#1730,10.);
#452=VECTOR('',#1735,10.);
#453=VECTOR('',#1738,10.);
#454=VECTOR('',#1743,10.);
#455=VECTOR('',#1746,10.);
#456=VECTOR('',#1753,10.);
#457=VECTOR('',#1756,10.);
#458=VECTOR('',#1757,10.);
#459=VECTOR('',#1762,10.);
#460=VECTOR('',#1765,10.);
#461=VECTOR('',#1768,10.);
#462=VECTOR('',#1771,10.);
#463=VECTOR('',#1772,10.);
#464=VECTOR('',#1777,10.);
#465=VECTOR('',#1780,10.);
#466=VECTOR('',#1783,10.);
#467=VECTOR('',#1786,10.);
#468=VECTOR('',#1787,10.);
#469=VECTOR('',#1788,10.);
#470=VECTOR('',#1791,10.);
#471=VECTOR('',#1792,10.);
#472=VECTOR('',#1795,10.);
#473=VECTOR('',#1796,10.);
#474=VECTOR('',#1799,10.);
#475=B_SPLINE_CURVE_WITH_KNOTS('',3,(#1806,#1807,#1808,#1809,#1810,#1811),
 .UNSPECIFIED.,.F.,.F.,(4,2,4),(-0.0558200868261797,-0.0548156396986056,
0.),.UNSPECIFIED.);
#476=B_SPLINE_CURVE_WITH_KNOTS('',3,(#1815,#1816,#1817,#1818,#1819,#1820),
 .UNSPECIFIED.,.F.,.F.,(4,2,4),(-0.0548123678558155,0.,0.00100438719933652),
 .UNSPECIFIED.);
#477=B_SPLINE_CURVE_WITH_KNOTS('',3,(#1851,#1852,#1853,#1854,#1855,#1856,
#1857,#1858,#1859,#1860),.UNSPECIFIED.,.F.,.F.,(4,2,2,2,4),(1.95468907196518,
2.09222623345803,2.24625610565898,2.46487487666868,2.68349364767837),
 .UNSPECIFIED.);
#478=B_SPLINE_CURVE_WITH_KNOTS('',3,(#1864,#1865,#1866,#1867,#1868,#1869),
 .UNSPECIFIED.,.F.,.F.,(4,2,4),(2.05760141234233,2.22807889109262,2.30119747918379),
 .UNSPECIFIED.);
#479=B_SPLINE_CURVE_WITH_KNOTS('',3,(#1877,#1878,#1879,#1880,#1881,#1882),
 .UNSPECIFIED.,.F.,.F.,(4,2,4),(1.81372694835553,1.88684553644671,2.05732301519699),
 .UNSPECIFIED.);
#480=B_SPLINE_CURVE_WITH_KNOTS('',3,(#1900,#1901,#1902,#1903,#1904,#1905),
 .UNSPECIFIED.,.F.,.F.,(4,2,4),(-0.0685513450304216,0.,0.00100651144655637),
 .UNSPECIFIED.);
#481=B_SPLINE_CURVE_WITH_KNOTS('',3,(#1921,#1922,#1923,#1924,#1925,#1926),
 .UNSPECIFIED.,.F.,.F.,(4,2,4),(2.05760141234233,2.22807889109262,2.30119747918379),
 .UNSPECIFIED.);
#482=B_SPLINE_CURVE_WITH_KNOTS('',3,(#1938,#1939,#1940,#1941,#1942,#1943),
 .UNSPECIFIED.,.F.,.F.,(4,2,4),(1.81400534550088,1.88712393359205,2.05760141234233),
 .UNSPECIFIED.);
#483=B_SPLINE_CURVE_WITH_KNOTS('',3,(#1971,#1972,#1973,#1974,#1975,#1976),
 .UNSPECIFIED.,.F.,.F.,(4,2,4),(-0.0695657822808787,-0.0685591561467353,
0.),.UNSPECIFIED.);
#484=B_SPLINE_CURVE_WITH_KNOTS('',3,(#1999,#2000,#2001,#2002,#2003,#2004),
 .UNSPECIFIED.,.F.,.F.,(4,2,4),(-0.0558200864179261,-0.054815639272824,
0.),.UNSPECIFIED.);
#485=B_SPLINE_CURVE_WITH_KNOTS('',3,(#2008,#2009,#2010,#2011,#2012,#2013),
 .UNSPECIFIED.,.F.,.F.,(4,2,4),(-0.0548123678562051,0.,0.00100438719926938),
 .UNSPECIFIED.);
#486=B_SPLINE_CURVE_WITH_KNOTS('',3,(#2041,#2042,#2043,#2044,#2045,#2046),
 .UNSPECIFIED.,.F.,.F.,(4,2,4),(2.05760141234233,2.22807889109262,2.30119747918379),
 .UNSPECIFIED.);
#487=B_SPLINE_CURVE_WITH_KNOTS('',3,(#2057,#2058,#2059,#2060,#2061,#2062,
#2063,#2064,#2065,#2066),.UNSPECIFIED.,.F.,.F.,(4,2,2,2,4),(0.,0.218618771009697,
0.437237542019395,0.591267414220344,0.728804575713191),.UNSPECIFIED.);
#488=B_SPLINE_CURVE_WITH_KNOTS('',3,(#2070,#2071,#2072,#2073,#2074,#2075),
 .UNSPECIFIED.,.F.,.F.,(4,2,4),(1.81400534550088,1.88712393359205,2.05760141234233),
 .UNSPECIFIED.);
#489=B_SPLINE_CURVE_WITH_KNOTS('',3,(#2104,#2105,#2106,#2107,#2108,#2109),
 .UNSPECIFIED.,.F.,.F.,(4,2,4),(2.05760141234233,2.22807889109262,2.30119747918379),
 .UNSPECIFIED.);
#490=B_SPLINE_CURVE_WITH_KNOTS('',3,(#2117,#2118,#2119,#2120,#2121,#2122),
 .UNSPECIFIED.,.F.,.F.,(4,2,4),(1.81400534550088,1.88712393359205,2.05760141234233),
 .UNSPECIFIED.);
#491=VERTEX_POINT('',#1804);
#492=VERTEX_POINT('',#1805);
#493=VERTEX_POINT('',#1812);
#494=VERTEX_POINT('',#1814);
#495=VERTEX_POINT('',#1821);
#496=VERTEX_POINT('',#1823);
#497=VERTEX_POINT('',#1827);
#498=VERTEX_POINT('',#1829);
#499=VERTEX_POINT('',#1831);
#500=VERTEX_POINT('',#1835);
#501=VERTEX_POINT('',#1839);
#502=VERTEX_POINT('',#1841);
#503=VERTEX_POINT('',#1845);
#504=VERTEX_POINT('',#1846);
#505=VERTEX_POINT('',#1848);
#506=VERTEX_POINT('',#1850);
#507=VERTEX_POINT('',#1863);
#508=VERTEX_POINT('',#1870);
#509=VERTEX_POINT('',#1876);
#510=VERTEX_POINT('',#1883);
#511=VERTEX_POINT('',#1890);
#512=VERTEX_POINT('',#1894);
#513=VERTEX_POINT('',#1895);
#514=VERTEX_POINT('',#1897);
#515=VERTEX_POINT('',#1899);
#516=VERTEX_POINT('',#1906);
#517=VERTEX_POINT('',#1910);
#518=VERTEX_POINT('',#1914);
#519=VERTEX_POINT('',#1920);
#520=VERTEX_POINT('',#1927);
#521=VERTEX_POINT('',#1931);
#522=VERTEX_POINT('',#1933);
#523=VERTEX_POINT('',#1937);
#524=VERTEX_POINT('',#1944);
#525=VERTEX_POINT('',#1951);
#526=VERTEX_POINT('',#1953);
#527=VERTEX_POINT('',#1955);
#528=VERTEX_POINT('',#1957);
#529=VERTEX_POINT('',#1961);
#530=VERTEX_POINT('',#1965);
#531=VERTEX_POINT('',#1969);
#532=VERTEX_POINT('',#1970);
#533=VERTEX_POINT('',#1977);
#534=VERTEX_POINT('',#1979);
#535=VERTEX_POINT('',#1981);
#536=VERTEX_POINT('',#1985);
#537=VERTEX_POINT('',#1987);
#538=VERTEX_POINT('',#1991);
#539=VERTEX_POINT('',#1993);
#540=VERTEX_POINT('',#1997);
#541=VERTEX_POINT('',#1998);
#542=VERTEX_POINT('',#2005);
#543=VERTEX_POINT('',#2007);
#544=VERTEX_POINT('',#2014);
#545=VERTEX_POINT('',#2016);
#546=VERTEX_POINT('',#2020);
#547=VERTEX_POINT('',#2022);
#548=VERTEX_POINT('',#2024);
#549=VERTEX_POINT('',#2028);
#550=VERTEX_POINT('',#2032);
#551=VERTEX_POINT('',#2034);
#552=VERTEX_POINT('',#2040);
#553=VERTEX_POINT('',#2047);
#554=VERTEX_POINT('',#2051);
#555=VERTEX_POINT('',#2052);
#556=VERTEX_POINT('',#2054);
#557=VERTEX_POINT('',#2056);
#558=VERTEX_POINT('',#2069);
#559=VERTEX_POINT('',#2076);
#560=VERTEX_POINT('',#2083);
#561=VERTEX_POINT('',#2085);
#562=VERTEX_POINT('',#2087);
#563=VERTEX_POINT('',#2089);
#564=VERTEX_POINT('',#2093);
#565=VERTEX_POINT('',#2097);
#566=VERTEX_POINT('',#2103);
#567=VERTEX_POINT('',#2110);
#568=VERTEX_POINT('',#2116);
#569=VERTEX_POINT('',#2123);
#570=VERTEX_POINT('',#2130);
#571=VERTEX_POINT('',#2132);
#572=VERTEX_POINT('',#2134);
#573=VERTEX_POINT('',#2138);
#574=VERTEX_POINT('',#2145);
#575=VERTEX_POINT('',#2147);
#576=VERTEX_POINT('',#2151);
#577=VERTEX_POINT('',#2153);
#578=VERTEX_POINT('',#2157);
#579=VERTEX_POINT('',#2159);
#580=VERTEX_POINT('',#2163);
#581=VERTEX_POINT('',#2165);
#582=VERTEX_POINT('',#2170);
#583=VERTEX_POINT('',#2172);
#584=VERTEX_POINT('',#2180);
#585=VERTEX_POINT('',#2182);
#586=VERTEX_POINT('',#2188);
#587=VERTEX_POINT('',#2190);
#588=VERTEX_POINT('',#2193);
#589=VERTEX_POINT('',#2195);
#590=VERTEX_POINT('',#2209);
#591=VERTEX_POINT('',#2213);
#592=VERTEX_POINT('',#2217);
#593=VERTEX_POINT('',#2221);
#594=VERTEX_POINT('',#2223);
#595=VERTEX_POINT('',#2227);
#596=VERTEX_POINT('',#2231);
#597=VERTEX_POINT('',#2239);
#598=VERTEX_POINT('',#2240);
#599=VERTEX_POINT('',#2245);
#600=VERTEX_POINT('',#2249);
#601=EDGE_CURVE('',#491,#492,#475,.T.);
#602=EDGE_CURVE('',#491,#493,#295,.T.);
#603=EDGE_CURVE('',#494,#493,#476,.T.);
#604=EDGE_CURVE('',#495,#494,#287,.T.);
#605=EDGE_CURVE('',#495,#496,#296,.T.);
#606=EDGE_CURVE('',#492,#496,#288,.T.);
#607=EDGE_CURVE('',#493,#497,#51,.T.);
#608=EDGE_CURVE('',#497,#498,#52,.T.);
#609=EDGE_CURVE('',#498,#499,#53,.T.);
#610=EDGE_CURVE('',#499,#494,#54,.T.);
#611=EDGE_CURVE('',#500,#491,#55,.T.);
#612=EDGE_CURVE('',#500,#497,#297,.T.);
#613=EDGE_CURVE('',#501,#492,#56,.T.);
#614=EDGE_CURVE('',#501,#502,#57,.T.);
#615=EDGE_CURVE('',#502,#500,#58,.T.);
#616=EDGE_CURVE('',#503,#504,#59,.T.);
#617=EDGE_CURVE('',#504,#505,#60,.T.);
#618=EDGE_CURVE('',#505,#506,#477,.T.);
#619=EDGE_CURVE('',#506,#503,#61,.T.);
#620=EDGE_CURVE('',#507,#504,#478,.T.);
#621=EDGE_CURVE('',#503,#508,#62,.T.);
#622=EDGE_CURVE('',#508,#507,#63,.T.);
#623=EDGE_CURVE('',#499,#495,#298,.T.);
#624=EDGE_CURVE('',#497,#509,#479,.T.);
#625=EDGE_CURVE('',#509,#510,#64,.T.);
#626=EDGE_CURVE('',#510,#498,#65,.T.);
#627=EDGE_CURVE('',#509,#507,#299,.T.);
#628=EDGE_CURVE('',#508,#510,#300,.T.);
#629=EDGE_CURVE('',#504,#511,#301,.T.);
#630=EDGE_CURVE('',#511,#505,#302,.T.);
#631=EDGE_CURVE('',#512,#513,#289,.F.);
#632=EDGE_CURVE('',#512,#514,#303,.T.);
#633=EDGE_CURVE('',#515,#514,#480,.T.);
#634=EDGE_CURVE('',#516,#515,#290,.T.);
#635=EDGE_CURVE('',#516,#513,#304,.T.);
#636=EDGE_CURVE('',#517,#516,#305,.T.);
#637=EDGE_CURVE('',#517,#513,#306,.T.);
#638=EDGE_CURVE('',#518,#515,#66,.T.);
#639=EDGE_CURVE('',#518,#516,#307,.T.);
#640=EDGE_CURVE('',#496,#501,#308,.T.);
#641=EDGE_CURVE('',#519,#500,#481,.T.);
#642=EDGE_CURVE('',#502,#520,#67,.T.);
#643=EDGE_CURVE('',#520,#519,#68,.T.);
#644=EDGE_CURVE('',#514,#521,#69,.T.);
#645=EDGE_CURVE('',#521,#522,#70,.T.);
#646=EDGE_CURVE('',#522,#518,#71,.T.);
#647=EDGE_CURVE('',#521,#523,#482,.T.);
#648=EDGE_CURVE('',#523,#524,#72,.T.);
#649=EDGE_CURVE('',#524,#522,#73,.T.);
#650=EDGE_CURVE('',#523,#519,#309,.T.);
#651=EDGE_CURVE('',#520,#524,#310,.T.);
#652=EDGE_CURVE('',#496,#525,#311,.T.);
#653=EDGE_CURVE('',#525,#526,#312,.T.);
#654=EDGE_CURVE('',#527,#526,#313,.T.);
#655=EDGE_CURVE('',#528,#527,#314,.T.);
#656=EDGE_CURVE('',#501,#528,#315,.T.);
#657=EDGE_CURVE('',#495,#529,#316,.T.);
#658=EDGE_CURVE('',#529,#525,#317,.T.);
#659=EDGE_CURVE('',#512,#530,#318,.T.);
#660=EDGE_CURVE('',#530,#521,#319,.T.);
#661=EDGE_CURVE('',#531,#532,#483,.T.);
#662=EDGE_CURVE('',#531,#533,#320,.T.);
#663=EDGE_CURVE('',#533,#534,#291,.T.);
#664=EDGE_CURVE('',#534,#535,#321,.T.);
#665=EDGE_CURVE('',#532,#535,#292,.T.);
#666=EDGE_CURVE('',#536,#531,#74,.T.);
#667=EDGE_CURVE('',#536,#537,#322,.T.);
#668=EDGE_CURVE('',#537,#533,#323,.T.);
#669=EDGE_CURVE('',#538,#532,#75,.T.);
#670=EDGE_CURVE('',#538,#539,#76,.T.);
#671=EDGE_CURVE('',#539,#536,#77,.T.);
#672=EDGE_CURVE('',#540,#541,#484,.T.);
#673=EDGE_CURVE('',#540,#542,#324,.T.);
#674=EDGE_CURVE('',#543,#542,#485,.T.);
#675=EDGE_CURVE('',#544,#543,#293,.T.);
#676=EDGE_CURVE('',#544,#545,#325,.T.);
#677=EDGE_CURVE('',#541,#545,#294,.T.);
#678=EDGE_CURVE('',#542,#546,#78,.T.);
#679=EDGE_CURVE('',#546,#547,#79,.T.);
#680=EDGE_CURVE('',#547,#548,#80,.T.);
#681=EDGE_CURVE('',#548,#543,#81,.T.);
#682=EDGE_CURVE('',#549,#540,#82,.T.);
#683=EDGE_CURVE('',#549,#546,#326,.T.);
#684=EDGE_CURVE('',#550,#541,#83,.T.);
#685=EDGE_CURVE('',#550,#551,#84,.T.);
#686=EDGE_CURVE('',#551,#549,#85,.T.);
#687=EDGE_CURVE('',#545,#550,#327,.T.);
#688=EDGE_CURVE('',#552,#549,#486,.T.);
#689=EDGE_CURVE('',#551,#553,#86,.T.);
#690=EDGE_CURVE('',#553,#552,#87,.T.);
#691=EDGE_CURVE('',#554,#555,#88,.T.);
#692=EDGE_CURVE('',#555,#556,#89,.T.);
#693=EDGE_CURVE('',#556,#557,#487,.T.);
#694=EDGE_CURVE('',#557,#554,#90,.T.);
#695=EDGE_CURVE('',#554,#558,#488,.T.);
#696=EDGE_CURVE('',#558,#559,#91,.T.);
#697=EDGE_CURVE('',#559,#555,#92,.T.);
#698=EDGE_CURVE('',#558,#552,#328,.T.);
#699=EDGE_CURVE('',#553,#559,#329,.T.);
#700=EDGE_CURVE('',#545,#560,#330,.T.);
#701=EDGE_CURVE('',#560,#561,#331,.T.);
#702=EDGE_CURVE('',#562,#561,#332,.T.);
#703=EDGE_CURVE('',#563,#562,#333,.T.);
#704=EDGE_CURVE('',#550,#563,#334,.T.);
#705=EDGE_CURVE('',#544,#564,#335,.T.);
#706=EDGE_CURVE('',#564,#560,#336,.T.);
#707=EDGE_CURVE('',#557,#565,#337,.T.);
#708=EDGE_CURVE('',#565,#554,#338,.T.);
#709=EDGE_CURVE('',#535,#538,#339,.T.);
#710=EDGE_CURVE('',#566,#536,#489,.T.);
#711=EDGE_CURVE('',#539,#567,#93,.T.);
#712=EDGE_CURVE('',#567,#566,#94,.T.);
#713=EDGE_CURVE('',#548,#544,#340,.T.);
#714=EDGE_CURVE('',#546,#568,#490,.T.);
#715=EDGE_CURVE('',#568,#569,#95,.T.);
#716=EDGE_CURVE('',#569,#547,#96,.T.);
#717=EDGE_CURVE('',#568,#566,#341,.T.);
#718=EDGE_CURVE('',#567,#569,#342,.T.);
#719=EDGE_CURVE('',#548,#570,#343,.T.);
#720=EDGE_CURVE('',#571,#570,#344,.T.);
#721=EDGE_CURVE('',#571,#572,#345,.T.);
#722=EDGE_CURVE('',#572,#564,#346,.T.);
#723=EDGE_CURVE('',#573,#517,#347,.T.);
#724=EDGE_CURVE('',#534,#573,#348,.T.);
#725=EDGE_CURVE('',#533,#512,#349,.T.);
#726=EDGE_CURVE('',#535,#573,#350,.T.);
#727=EDGE_CURVE('',#518,#574,#351,.T.);
#728=EDGE_CURVE('',#575,#574,#352,.T.);
#729=EDGE_CURVE('',#538,#575,#353,.T.);
#730=EDGE_CURVE('',#576,#576,#97,.T.);
#731=EDGE_CURVE('',#576,#577,#354,.T.);
#732=EDGE_CURVE('',#577,#577,#98,.T.);
#733=EDGE_CURVE('',#578,#578,#99,.T.);
#734=EDGE_CURVE('',#578,#579,#355,.T.);
#735=EDGE_CURVE('',#579,#579,#100,.T.);
#736=EDGE_CURVE('',#580,#580,#101,.T.);
#737=EDGE_CURVE('',#580,#581,#356,.T.);
#738=EDGE_CURVE('',#581,#581,#102,.T.);
#739=EDGE_CURVE('',#582,#582,#103,.T.);
#740=EDGE_CURVE('',#582,#583,#357,.T.);
#741=EDGE_CURVE('',#583,#583,#104,.T.);
#742=EDGE_CURVE('',#527,#571,#105,.T.);
#743=EDGE_CURVE('',#526,#572,#106,.T.);
#744=EDGE_CURVE('',#562,#584,#107,.T.);
#745=EDGE_CURVE('',#561,#585,#108,.T.);
#746=EDGE_CURVE('',#584,#585,#358,.T.);
#747=EDGE_CURVE('',#585,#529,#359,.T.);
#748=EDGE_CURVE('',#570,#586,#109,.T.);
#749=EDGE_CURVE('',#586,#587,#360,.T.);
#750=EDGE_CURVE('',#587,#575,#110,.T.);
#751=EDGE_CURVE('',#574,#588,#111,.T.);
#752=EDGE_CURVE('',#588,#589,#361,.T.);
#753=EDGE_CURVE('',#589,#528,#112,.T.);
#754=EDGE_CURVE('',#520,#589,#362,.T.);
#755=EDGE_CURVE('',#524,#588,#363,.T.);
#756=EDGE_CURVE('',#567,#587,#364,.T.);
#757=EDGE_CURVE('',#569,#586,#365,.T.);
#758=EDGE_CURVE('',#590,#563,#113,.T.);
#759=EDGE_CURVE('',#553,#590,#366,.T.);
#760=EDGE_CURVE('',#591,#590,#367,.T.);
#761=EDGE_CURVE('',#559,#591,#368,.T.);
#762=EDGE_CURVE('',#592,#591,#114,.T.);
#763=EDGE_CURVE('',#556,#592,#369,.T.);
#764=EDGE_CURVE('',#506,#593,#370,.T.);
#765=EDGE_CURVE('',#594,#593,#115,.T.);
#766=EDGE_CURVE('',#508,#594,#371,.T.);
#767=EDGE_CURVE('',#595,#594,#372,.T.);
#768=EDGE_CURVE('',#510,#595,#373,.T.);
#769=EDGE_CURVE('',#596,#595,#116,.T.);
#770=EDGE_CURVE('',#499,#596,#374,.T.);
#771=EDGE_CURVE('',#584,#596,#375,.T.);
#772=EDGE_CURVE('',#593,#592,#376,.T.);
#773=EDGE_CURVE('',#597,#598,#377,.T.);
#774=EDGE_CURVE('',#598,#537,#378,.T.);
#775=EDGE_CURVE('',#597,#565,#379,.T.);
#776=EDGE_CURVE('',#599,#597,#380,.T.);
#777=EDGE_CURVE('',#599,#511,#381,.T.);
#778=EDGE_CURVE('',#600,#599,#382,.T.);
#779=EDGE_CURVE('',#600,#530,#383,.T.);
#780=EDGE_CURVE('',#598,#600,#384,.T.);
#781=ORIENTED_EDGE('',*,*,#601,.F.);
#782=ORIENTED_EDGE('',*,*,#602,.T.);
#783=ORIENTED_EDGE('',*,*,#603,.F.);
#784=ORIENTED_EDGE('',*,*,#604,.F.);
#785=ORIENTED_EDGE('',*,*,#605,.T.);
#786=ORIENTED_EDGE('',*,*,#606,.F.);
#787=ORIENTED_EDGE('',*,*,#603,.T.);
#788=ORIENTED_EDGE('',*,*,#607,.T.);
#789=ORIENTED_EDGE('',*,*,#608,.T.);
#790=ORIENTED_EDGE('',*,*,#609,.T.);
#791=ORIENTED_EDGE('',*,*,#610,.T.);
#792=ORIENTED_EDGE('',*,*,#602,.F.);
#793=ORIENTED_EDGE('',*,*,#611,.F.);
#794=ORIENTED_EDGE('',*,*,#612,.T.);
#795=ORIENTED_EDGE('',*,*,#607,.F.);
#796=ORIENTED_EDGE('',*,*,#601,.T.);
#797=ORIENTED_EDGE('',*,*,#613,.F.);
#798=ORIENTED_EDGE('',*,*,#614,.T.);
#799=ORIENTED_EDGE('',*,*,#615,.T.);
#800=ORIENTED_EDGE('',*,*,#611,.T.);
#801=ORIENTED_EDGE('',*,*,#616,.T.);
#802=ORIENTED_EDGE('',*,*,#617,.T.);
#803=ORIENTED_EDGE('',*,*,#618,.T.);
#804=ORIENTED_EDGE('',*,*,#619,.T.);
#805=ORIENTED_EDGE('',*,*,#620,.T.);
#806=ORIENTED_EDGE('',*,*,#616,.F.);
#807=ORIENTED_EDGE('',*,*,#621,.T.);
#808=ORIENTED_EDGE('',*,*,#622,.T.);
#809=ORIENTED_EDGE('',*,*,#604,.T.);
#810=ORIENTED_EDGE('',*,*,#610,.F.);
#811=ORIENTED_EDGE('',*,*,#623,.T.);
#812=ORIENTED_EDGE('',*,*,#624,.T.);
#813=ORIENTED_EDGE('',*,*,#625,.T.);
#814=ORIENTED_EDGE('',*,*,#626,.T.);
#815=ORIENTED_EDGE('',*,*,#608,.F.);
#816=ORIENTED_EDGE('',*,*,#627,.T.);
#817=ORIENTED_EDGE('',*,*,#622,.F.);
#818=ORIENTED_EDGE('',*,*,#628,.T.);
#819=ORIENTED_EDGE('',*,*,#625,.F.);
#820=ORIENTED_EDGE('',*,*,#617,.F.);
#821=ORIENTED_EDGE('',*,*,#629,.T.);
#822=ORIENTED_EDGE('',*,*,#630,.T.);
#823=ORIENTED_EDGE('',*,*,#631,.F.);
#824=ORIENTED_EDGE('',*,*,#632,.T.);
#825=ORIENTED_EDGE('',*,*,#633,.F.);
#826=ORIENTED_EDGE('',*,*,#634,.F.);
#827=ORIENTED_EDGE('',*,*,#635,.T.);
#828=ORIENTED_EDGE('',*,*,#635,.F.);
#829=ORIENTED_EDGE('',*,*,#636,.F.);
#830=ORIENTED_EDGE('',*,*,#637,.T.);
#831=ORIENTED_EDGE('',*,*,#634,.T.);
#832=ORIENTED_EDGE('',*,*,#638,.F.);
#833=ORIENTED_EDGE('',*,*,#639,.T.);
#834=ORIENTED_EDGE('',*,*,#606,.T.);
#835=ORIENTED_EDGE('',*,*,#640,.T.);
#836=ORIENTED_EDGE('',*,*,#613,.T.);
#837=ORIENTED_EDGE('',*,*,#641,.T.);
#838=ORIENTED_EDGE('',*,*,#615,.F.);
#839=ORIENTED_EDGE('',*,*,#642,.T.);
#840=ORIENTED_EDGE('',*,*,#643,.T.);
#841=ORIENTED_EDGE('',*,*,#633,.T.);
#842=ORIENTED_EDGE('',*,*,#644,.T.);
#843=ORIENTED_EDGE('',*,*,#645,.T.);
#844=ORIENTED_EDGE('',*,*,#646,.T.);
#845=ORIENTED_EDGE('',*,*,#638,.T.);
#846=ORIENTED_EDGE('',*,*,#647,.T.);
#847=ORIENTED_EDGE('',*,*,#648,.T.);
#848=ORIENTED_EDGE('',*,*,#649,.T.);
#849=ORIENTED_EDGE('',*,*,#645,.F.);
#850=ORIENTED_EDGE('',*,*,#650,.T.);
#851=ORIENTED_EDGE('',*,*,#643,.F.);
#852=ORIENTED_EDGE('',*,*,#651,.T.);
#853=ORIENTED_EDGE('',*,*,#648,.F.);
#854=ORIENTED_EDGE('',*,*,#640,.F.);
#855=ORIENTED_EDGE('',*,*,#652,.T.);
#856=ORIENTED_EDGE('',*,*,#653,.T.);
#857=ORIENTED_EDGE('',*,*,#654,.F.);
#858=ORIENTED_EDGE('',*,*,#655,.F.);
#859=ORIENTED_EDGE('',*,*,#656,.F.);
#860=ORIENTED_EDGE('',*,*,#605,.F.);
#861=ORIENTED_EDGE('',*,*,#657,.T.);
#862=ORIENTED_EDGE('',*,*,#658,.T.);
#863=ORIENTED_EDGE('',*,*,#652,.F.);
#864=ORIENTED_EDGE('',*,*,#632,.F.);
#865=ORIENTED_EDGE('',*,*,#659,.T.);
#866=ORIENTED_EDGE('',*,*,#660,.T.);
#867=ORIENTED_EDGE('',*,*,#644,.F.);
#868=ORIENTED_EDGE('',*,*,#661,.F.);
#869=ORIENTED_EDGE('',*,*,#662,.T.);
#870=ORIENTED_EDGE('',*,*,#663,.T.);
#871=ORIENTED_EDGE('',*,*,#664,.T.);
#872=ORIENTED_EDGE('',*,*,#665,.F.);
#873=ORIENTED_EDGE('',*,*,#662,.F.);
#874=ORIENTED_EDGE('',*,*,#666,.F.);
#875=ORIENTED_EDGE('',*,*,#667,.T.);
#876=ORIENTED_EDGE('',*,*,#668,.T.);
#877=ORIENTED_EDGE('',*,*,#661,.T.);
#878=ORIENTED_EDGE('',*,*,#669,.F.);
#879=ORIENTED_EDGE('',*,*,#670,.T.);
#880=ORIENTED_EDGE('',*,*,#671,.T.);
#881=ORIENTED_EDGE('',*,*,#666,.T.);
#882=ORIENTED_EDGE('',*,*,#672,.F.);
#883=ORIENTED_EDGE('',*,*,#673,.T.);
#884=ORIENTED_EDGE('',*,*,#674,.F.);
#885=ORIENTED_EDGE('',*,*,#675,.F.);
#886=ORIENTED_EDGE('',*,*,#676,.T.);
#887=ORIENTED_EDGE('',*,*,#677,.F.);
#888=ORIENTED_EDGE('',*,*,#674,.T.);
#889=ORIENTED_EDGE('',*,*,#678,.T.);
#890=ORIENTED_EDGE('',*,*,#679,.T.);
#891=ORIENTED_EDGE('',*,*,#680,.T.);
#892=ORIENTED_EDGE('',*,*,#681,.T.);
#893=ORIENTED_EDGE('',*,*,#673,.F.);
#894=ORIENTED_EDGE('',*,*,#682,.F.);
#895=ORIENTED_EDGE('',*,*,#683,.T.);
#896=ORIENTED_EDGE('',*,*,#678,.F.);
#897=ORIENTED_EDGE('',*,*,#672,.T.);
#898=ORIENTED_EDGE('',*,*,#684,.F.);
#899=ORIENTED_EDGE('',*,*,#685,.T.);
#900=ORIENTED_EDGE('',*,*,#686,.T.);
#901=ORIENTED_EDGE('',*,*,#682,.T.);
#902=ORIENTED_EDGE('',*,*,#677,.T.);
#903=ORIENTED_EDGE('',*,*,#687,.T.);
#904=ORIENTED_EDGE('',*,*,#684,.T.);
#905=ORIENTED_EDGE('',*,*,#688,.T.);
#906=ORIENTED_EDGE('',*,*,#686,.F.);
#907=ORIENTED_EDGE('',*,*,#689,.T.);
#908=ORIENTED_EDGE('',*,*,#690,.T.);
#909=ORIENTED_EDGE('',*,*,#691,.T.);
#910=ORIENTED_EDGE('',*,*,#692,.T.);
#911=ORIENTED_EDGE('',*,*,#693,.T.);
#912=ORIENTED_EDGE('',*,*,#694,.T.);
#913=ORIENTED_EDGE('',*,*,#695,.T.);
#914=ORIENTED_EDGE('',*,*,#696,.T.);
#915=ORIENTED_EDGE('',*,*,#697,.T.);
#916=ORIENTED_EDGE('',*,*,#691,.F.);
#917=ORIENTED_EDGE('',*,*,#698,.T.);
#918=ORIENTED_EDGE('',*,*,#690,.F.);
#919=ORIENTED_EDGE('',*,*,#699,.T.);
#920=ORIENTED_EDGE('',*,*,#696,.F.);
#921=ORIENTED_EDGE('',*,*,#687,.F.);
#922=ORIENTED_EDGE('',*,*,#700,.T.);
#923=ORIENTED_EDGE('',*,*,#701,.T.);
#924=ORIENTED_EDGE('',*,*,#702,.F.);
#925=ORIENTED_EDGE('',*,*,#703,.F.);
#926=ORIENTED_EDGE('',*,*,#704,.F.);
#927=ORIENTED_EDGE('',*,*,#676,.F.);
#928=ORIENTED_EDGE('',*,*,#705,.T.);
#929=ORIENTED_EDGE('',*,*,#706,.T.);
#930=ORIENTED_EDGE('',*,*,#700,.F.);
#931=ORIENTED_EDGE('',*,*,#694,.F.);
#932=ORIENTED_EDGE('',*,*,#707,.T.);
#933=ORIENTED_EDGE('',*,*,#708,.T.);
#934=ORIENTED_EDGE('',*,*,#665,.T.);
#935=ORIENTED_EDGE('',*,*,#709,.T.);
#936=ORIENTED_EDGE('',*,*,#669,.T.);
#937=ORIENTED_EDGE('',*,*,#710,.T.);
#938=ORIENTED_EDGE('',*,*,#671,.F.);
#939=ORIENTED_EDGE('',*,*,#711,.T.);
#940=ORIENTED_EDGE('',*,*,#712,.T.);
#941=ORIENTED_EDGE('',*,*,#675,.T.);
#942=ORIENTED_EDGE('',*,*,#681,.F.);
#943=ORIENTED_EDGE('',*,*,#713,.T.);
#944=ORIENTED_EDGE('',*,*,#714,.T.);
#945=ORIENTED_EDGE('',*,*,#715,.T.);
#946=ORIENTED_EDGE('',*,*,#716,.T.);
#947=ORIENTED_EDGE('',*,*,#679,.F.);
#948=ORIENTED_EDGE('',*,*,#717,.T.);
#949=ORIENTED_EDGE('',*,*,#712,.F.);
#950=ORIENTED_EDGE('',*,*,#718,.T.);
#951=ORIENTED_EDGE('',*,*,#715,.F.);
#952=ORIENTED_EDGE('',*,*,#713,.F.);
#953=ORIENTED_EDGE('',*,*,#719,.T.);
#954=ORIENTED_EDGE('',*,*,#720,.F.);
#955=ORIENTED_EDGE('',*,*,#721,.T.);
#956=ORIENTED_EDGE('',*,*,#722,.T.);
#957=ORIENTED_EDGE('',*,*,#705,.F.);
#958=ORIENTED_EDGE('',*,*,#723,.F.);
#959=ORIENTED_EDGE('',*,*,#724,.F.);
#960=ORIENTED_EDGE('',*,*,#663,.F.);
#961=ORIENTED_EDGE('',*,*,#725,.T.);
#962=ORIENTED_EDGE('',*,*,#631,.T.);
#963=ORIENTED_EDGE('',*,*,#637,.F.);
#964=ORIENTED_EDGE('',*,*,#664,.F.);
#965=ORIENTED_EDGE('',*,*,#724,.T.);
#966=ORIENTED_EDGE('',*,*,#726,.F.);
#967=ORIENTED_EDGE('',*,*,#639,.F.);
#968=ORIENTED_EDGE('',*,*,#727,.T.);
#969=ORIENTED_EDGE('',*,*,#728,.F.);
#970=ORIENTED_EDGE('',*,*,#729,.F.);
#971=ORIENTED_EDGE('',*,*,#709,.F.);
#972=ORIENTED_EDGE('',*,*,#726,.T.);
#973=ORIENTED_EDGE('',*,*,#723,.T.);
#974=ORIENTED_EDGE('',*,*,#636,.T.);
#975=ORIENTED_EDGE('',*,*,#730,.F.);
#976=ORIENTED_EDGE('',*,*,#731,.T.);
#977=ORIENTED_EDGE('',*,*,#732,.F.);
#978=ORIENTED_EDGE('',*,*,#731,.F.);
#979=ORIENTED_EDGE('',*,*,#733,.F.);
#980=ORIENTED_EDGE('',*,*,#734,.T.);
#981=ORIENTED_EDGE('',*,*,#735,.F.);
#982=ORIENTED_EDGE('',*,*,#734,.F.);
#983=ORIENTED_EDGE('',*,*,#736,.F.);
#984=ORIENTED_EDGE('',*,*,#737,.T.);
#985=ORIENTED_EDGE('',*,*,#738,.T.);
#986=ORIENTED_EDGE('',*,*,#737,.F.);
#987=ORIENTED_EDGE('',*,*,#738,.F.);
#988=ORIENTED_EDGE('',*,*,#730,.T.);
#989=ORIENTED_EDGE('',*,*,#739,.F.);
#990=ORIENTED_EDGE('',*,*,#740,.T.);
#991=ORIENTED_EDGE('',*,*,#741,.T.);
#992=ORIENTED_EDGE('',*,*,#740,.F.);
#993=ORIENTED_EDGE('',*,*,#741,.F.);
#994=ORIENTED_EDGE('',*,*,#733,.T.);
#995=ORIENTED_EDGE('',*,*,#742,.F.);
#996=ORIENTED_EDGE('',*,*,#654,.T.);
#997=ORIENTED_EDGE('',*,*,#743,.T.);
#998=ORIENTED_EDGE('',*,*,#721,.F.);
#999=ORIENTED_EDGE('',*,*,#744,.F.);
#1000=ORIENTED_EDGE('',*,*,#702,.T.);
#1001=ORIENTED_EDGE('',*,*,#745,.T.);
#1002=ORIENTED_EDGE('',*,*,#746,.F.);
#1003=ORIENTED_EDGE('',*,*,#722,.F.);
#1004=ORIENTED_EDGE('',*,*,#743,.F.);
#1005=ORIENTED_EDGE('',*,*,#653,.F.);
#1006=ORIENTED_EDGE('',*,*,#658,.F.);
#1007=ORIENTED_EDGE('',*,*,#747,.F.);
#1008=ORIENTED_EDGE('',*,*,#745,.F.);
#1009=ORIENTED_EDGE('',*,*,#701,.F.);
#1010=ORIENTED_EDGE('',*,*,#706,.F.);
#1011=ORIENTED_EDGE('',*,*,#655,.T.);
#1012=ORIENTED_EDGE('',*,*,#742,.T.);
#1013=ORIENTED_EDGE('',*,*,#720,.T.);
#1014=ORIENTED_EDGE('',*,*,#748,.T.);
#1015=ORIENTED_EDGE('',*,*,#749,.T.);
#1016=ORIENTED_EDGE('',*,*,#750,.T.);
#1017=ORIENTED_EDGE('',*,*,#728,.T.);
#1018=ORIENTED_EDGE('',*,*,#751,.T.);
#1019=ORIENTED_EDGE('',*,*,#752,.T.);
#1020=ORIENTED_EDGE('',*,*,#753,.T.);
#1021=ORIENTED_EDGE('',*,*,#736,.T.);
#1022=ORIENTED_EDGE('',*,*,#614,.F.);
#1023=ORIENTED_EDGE('',*,*,#656,.T.);
#1024=ORIENTED_EDGE('',*,*,#753,.F.);
#1025=ORIENTED_EDGE('',*,*,#754,.F.);
#1026=ORIENTED_EDGE('',*,*,#642,.F.);
#1027=ORIENTED_EDGE('',*,*,#651,.F.);
#1028=ORIENTED_EDGE('',*,*,#754,.T.);
#1029=ORIENTED_EDGE('',*,*,#752,.F.);
#1030=ORIENTED_EDGE('',*,*,#755,.F.);
#1031=ORIENTED_EDGE('',*,*,#649,.F.);
#1032=ORIENTED_EDGE('',*,*,#755,.T.);
#1033=ORIENTED_EDGE('',*,*,#751,.F.);
#1034=ORIENTED_EDGE('',*,*,#727,.F.);
#1035=ORIENTED_EDGE('',*,*,#646,.F.);
#1036=ORIENTED_EDGE('',*,*,#670,.F.);
#1037=ORIENTED_EDGE('',*,*,#729,.T.);
#1038=ORIENTED_EDGE('',*,*,#750,.F.);
#1039=ORIENTED_EDGE('',*,*,#756,.F.);
#1040=ORIENTED_EDGE('',*,*,#711,.F.);
#1041=ORIENTED_EDGE('',*,*,#718,.F.);
#1042=ORIENTED_EDGE('',*,*,#756,.T.);
#1043=ORIENTED_EDGE('',*,*,#749,.F.);
#1044=ORIENTED_EDGE('',*,*,#757,.F.);
#1045=ORIENTED_EDGE('',*,*,#716,.F.);
#1046=ORIENTED_EDGE('',*,*,#757,.T.);
#1047=ORIENTED_EDGE('',*,*,#748,.F.);
#1048=ORIENTED_EDGE('',*,*,#719,.F.);
#1049=ORIENTED_EDGE('',*,*,#680,.F.);
#1050=ORIENTED_EDGE('',*,*,#685,.F.);
#1051=ORIENTED_EDGE('',*,*,#704,.T.);
#1052=ORIENTED_EDGE('',*,*,#758,.F.);
#1053=ORIENTED_EDGE('',*,*,#759,.F.);
#1054=ORIENTED_EDGE('',*,*,#689,.F.);
#1055=ORIENTED_EDGE('',*,*,#699,.F.);
#1056=ORIENTED_EDGE('',*,*,#759,.T.);
#1057=ORIENTED_EDGE('',*,*,#760,.F.);
#1058=ORIENTED_EDGE('',*,*,#761,.F.);
#1059=ORIENTED_EDGE('',*,*,#697,.F.);
#1060=ORIENTED_EDGE('',*,*,#761,.T.);
#1061=ORIENTED_EDGE('',*,*,#762,.F.);
#1062=ORIENTED_EDGE('',*,*,#763,.F.);
#1063=ORIENTED_EDGE('',*,*,#692,.F.);
#1064=ORIENTED_EDGE('',*,*,#619,.F.);
#1065=ORIENTED_EDGE('',*,*,#764,.T.);
#1066=ORIENTED_EDGE('',*,*,#765,.F.);
#1067=ORIENTED_EDGE('',*,*,#766,.F.);
#1068=ORIENTED_EDGE('',*,*,#621,.F.);
#1069=ORIENTED_EDGE('',*,*,#628,.F.);
#1070=ORIENTED_EDGE('',*,*,#766,.T.);
#1071=ORIENTED_EDGE('',*,*,#767,.F.);
#1072=ORIENTED_EDGE('',*,*,#768,.F.);
#1073=ORIENTED_EDGE('',*,*,#626,.F.);
#1074=ORIENTED_EDGE('',*,*,#768,.T.);
#1075=ORIENTED_EDGE('',*,*,#769,.F.);
#1076=ORIENTED_EDGE('',*,*,#770,.F.);
#1077=ORIENTED_EDGE('',*,*,#609,.F.);
#1078=ORIENTED_EDGE('',*,*,#623,.F.);
#1079=ORIENTED_EDGE('',*,*,#770,.T.);
#1080=ORIENTED_EDGE('',*,*,#771,.F.);
#1081=ORIENTED_EDGE('',*,*,#746,.T.);
#1082=ORIENTED_EDGE('',*,*,#747,.T.);
#1083=ORIENTED_EDGE('',*,*,#657,.F.);
#1084=ORIENTED_EDGE('',*,*,#771,.T.);
#1085=ORIENTED_EDGE('',*,*,#769,.T.);
#1086=ORIENTED_EDGE('',*,*,#767,.T.);
#1087=ORIENTED_EDGE('',*,*,#765,.T.);
#1088=ORIENTED_EDGE('',*,*,#772,.T.);
#1089=ORIENTED_EDGE('',*,*,#762,.T.);
#1090=ORIENTED_EDGE('',*,*,#760,.T.);
#1091=ORIENTED_EDGE('',*,*,#758,.T.);
#1092=ORIENTED_EDGE('',*,*,#703,.T.);
#1093=ORIENTED_EDGE('',*,*,#744,.T.);
#1094=ORIENTED_EDGE('',*,*,#739,.T.);
#1095=ORIENTED_EDGE('',*,*,#773,.T.);
#1096=ORIENTED_EDGE('',*,*,#774,.T.);
#1097=ORIENTED_EDGE('',*,*,#667,.F.);
#1098=ORIENTED_EDGE('',*,*,#710,.F.);
#1099=ORIENTED_EDGE('',*,*,#717,.F.);
#1100=ORIENTED_EDGE('',*,*,#714,.F.);
#1101=ORIENTED_EDGE('',*,*,#683,.F.);
#1102=ORIENTED_EDGE('',*,*,#688,.F.);
#1103=ORIENTED_EDGE('',*,*,#698,.F.);
#1104=ORIENTED_EDGE('',*,*,#695,.F.);
#1105=ORIENTED_EDGE('',*,*,#708,.F.);
#1106=ORIENTED_EDGE('',*,*,#775,.F.);
#1107=ORIENTED_EDGE('',*,*,#776,.T.);
#1108=ORIENTED_EDGE('',*,*,#775,.T.);
#1109=ORIENTED_EDGE('',*,*,#707,.F.);
#1110=ORIENTED_EDGE('',*,*,#693,.F.);
#1111=ORIENTED_EDGE('',*,*,#763,.T.);
#1112=ORIENTED_EDGE('',*,*,#772,.F.);
#1113=ORIENTED_EDGE('',*,*,#764,.F.);
#1114=ORIENTED_EDGE('',*,*,#618,.F.);
#1115=ORIENTED_EDGE('',*,*,#630,.F.);
#1116=ORIENTED_EDGE('',*,*,#777,.F.);
#1117=ORIENTED_EDGE('',*,*,#778,.T.);
#1118=ORIENTED_EDGE('',*,*,#777,.T.);
#1119=ORIENTED_EDGE('',*,*,#629,.F.);
#1120=ORIENTED_EDGE('',*,*,#620,.F.);
#1121=ORIENTED_EDGE('',*,*,#627,.F.);
#1122=ORIENTED_EDGE('',*,*,#624,.F.);
#1123=ORIENTED_EDGE('',*,*,#612,.F.);
#1124=ORIENTED_EDGE('',*,*,#641,.F.);
#1125=ORIENTED_EDGE('',*,*,#650,.F.);
#1126=ORIENTED_EDGE('',*,*,#647,.F.);
#1127=ORIENTED_EDGE('',*,*,#660,.F.);
#1128=ORIENTED_EDGE('',*,*,#779,.F.);
#1129=ORIENTED_EDGE('',*,*,#780,.T.);
#1130=ORIENTED_EDGE('',*,*,#779,.T.);
#1131=ORIENTED_EDGE('',*,*,#659,.F.);
#1132=ORIENTED_EDGE('',*,*,#725,.F.);
#1133=ORIENTED_EDGE('',*,*,#668,.F.);
#1134=ORIENTED_EDGE('',*,*,#774,.F.);
#1135=ORIENTED_EDGE('',*,*,#780,.F.);
#1136=ORIENTED_EDGE('',*,*,#773,.F.);
#1137=ORIENTED_EDGE('',*,*,#776,.F.);
#1138=ORIENTED_EDGE('',*,*,#778,.F.);
#1139=ORIENTED_EDGE('',*,*,#732,.T.);
#1140=ORIENTED_EDGE('',*,*,#735,.T.);
#1141=CYLINDRICAL_SURFACE('',#1266,4.);
#1142=CYLINDRICAL_SURFACE('',#1287,4.);
#1143=CYLINDRICAL_SURFACE('',#1291,4.);
#1144=CYLINDRICAL_SURFACE('',#1293,4.);
#1145=CYLINDRICAL_SURFACE('',#1297,4.);
#1146=CYLINDRICAL_SURFACE('',#1299,4.);
#1147=CYLINDRICAL_SURFACE('',#1310,4.);
#1148=CYLINDRICAL_SURFACE('',#1314,4.);
#1149=CYLINDRICAL_SURFACE('',#1323,4.);
#1150=CYLINDRICAL_SURFACE('',#1337,4.);
#1151=CYLINDRICAL_SURFACE('',#1348,4.);
#1152=CYLINDRICAL_SURFACE('',#1352,4.);
#1153=CYLINDRICAL_SURFACE('',#1356,4.);
#1154=CYLINDRICAL_SURFACE('',#1360,4.);
#1155=CYLINDRICAL_SURFACE('',#1365,1.25);
#1156=CYLINDRICAL_SURFACE('',#1368,1.25);
#1157=CYLINDRICAL_SURFACE('',#1371,3.9);
#1158=CYLINDRICAL_SURFACE('',#1375,3.9);
#1159=CYLINDRICAL_SURFACE('',#1379,5.5);
#1160=CYLINDRICAL_SURFACE('',#1382,5.5);
#1161=CYLINDRICAL_SURFACE('',#1391,3.);
#1162=CYLINDRICAL_SURFACE('',#1393,3.);
#1163=CYLINDRICAL_SURFACE('',#1394,3.);
#1164=CYLINDRICAL_SURFACE('',#1396,3.);
#1165=CYLINDRICAL_SURFACE('',#1397,3.);
#1166=CYLINDRICAL_SURFACE('',#1400,3.);
#1167=CYLINDRICAL_SURFACE('',#1402,3.);
#1168=CYLINDRICAL_SURFACE('',#1405,3.);
#1169=ADVANCED_FACE('',(#133),#1141,.F.);
#1170=ADVANCED_FACE('',(#134),#117,.F.);
#1171=ADVANCED_FACE('',(#135),#21,.T.);
#1172=ADVANCED_FACE('',(#136),#118,.F.);
#1173=ADVANCED_FACE('',(#137),#119,.F.);
#1174=ADVANCED_FACE('',(#138),#120,.F.);
#1175=ADVANCED_FACE('',(#139),#1142,.F.);
#1176=ADVANCED_FACE('',(#140),#121,.F.);
#1177=ADVANCED_FACE('',(#141),#1143,.F.);
#1178=ADVANCED_FACE('',(#142),#22,.T.);
#1179=ADVANCED_FACE('',(#143),#1144,.F.);
#1180=ADVANCED_FACE('',(#144),#23,.T.);
#1181=ADVANCED_FACE('',(#145),#1145,.F.);
#1182=ADVANCED_FACE('',(#146),#1146,.F.);
#1183=ADVANCED_FACE('',(#147),#122,.F.);
#1184=ADVANCED_FACE('',(#148),#123,.F.);
#1185=ADVANCED_FACE('',(#149),#124,.F.);
#1186=ADVANCED_FACE('',(#150),#1147,.F.);
#1187=ADVANCED_FACE('',(#151),#24,.T.);
#1188=ADVANCED_FACE('',(#152),#25,.T.);
#1189=ADVANCED_FACE('',(#153),#26,.T.);
#1190=ADVANCED_FACE('',(#154),#1148,.F.);
#1191=ADVANCED_FACE('',(#155),#27,.T.);
#1192=ADVANCED_FACE('',(#156),#125,.F.);
#1193=ADVANCED_FACE('',(#157),#1149,.F.);
#1194=ADVANCED_FACE('',(#158),#126,.F.);
#1195=ADVANCED_FACE('',(#159),#28,.T.);
#1196=ADVANCED_FACE('',(#160),#127,.F.);
#1197=ADVANCED_FACE('',(#161),#1150,.F.);
#1198=ADVANCED_FACE('',(#162),#128,.F.);
#1199=ADVANCED_FACE('',(#163),#129,.F.);
#1200=ADVANCED_FACE('',(#164),#130,.F.);
#1201=ADVANCED_FACE('',(#165),#1151,.F.);
#1202=ADVANCED_FACE('',(#166),#29,.T.);
#1203=ADVANCED_FACE('',(#167),#30,.T.);
#1204=ADVANCED_FACE('',(#168),#31,.T.);
#1205=ADVANCED_FACE('',(#169),#1152,.F.);
#1206=ADVANCED_FACE('',(#170),#131,.F.);
#1207=ADVANCED_FACE('',(#171),#1153,.F.);
#1208=ADVANCED_FACE('',(#172),#132,.F.);
#1209=ADVANCED_FACE('',(#173),#1154,.F.);
#1210=ADVANCED_FACE('',(#174),#32,.T.);
#1211=ADVANCED_FACE('',(#175),#33,.T.);
#1212=ADVANCED_FACE('',(#176),#34,.T.);
#1213=ADVANCED_FACE('',(#177),#35,.T.);
#1214=ADVANCED_FACE('',(#178),#1155,.F.);
#1215=ADVANCED_FACE('',(#179),#1156,.F.);
#1216=ADVANCED_FACE('',(#180),#1157,.F.);
#1217=ADVANCED_FACE('',(#181,#15),#36,.T.);
#1218=ADVANCED_FACE('',(#182),#1158,.F.);
#1219=ADVANCED_FACE('',(#183,#16),#37,.T.);
#1220=ADVANCED_FACE('',(#184),#1159,.T.);
#1221=ADVANCED_FACE('',(#185),#1160,.T.);
#1222=ADVANCED_FACE('',(#186),#38,.T.);
#1223=ADVANCED_FACE('',(#187,#17),#39,.T.);
#1224=ADVANCED_FACE('',(#188),#1161,.T.);
#1225=ADVANCED_FACE('',(#189),#40,.T.);
#1226=ADVANCED_FACE('',(#190),#1162,.T.);
#1227=ADVANCED_FACE('',(#191),#1163,.T.);
#1228=ADVANCED_FACE('',(#192),#41,.T.);
#1229=ADVANCED_FACE('',(#193),#1164,.T.);
#1230=ADVANCED_FACE('',(#194),#1165,.T.);
#1231=ADVANCED_FACE('',(#195),#42,.T.);
#1232=ADVANCED_FACE('',(#196),#1166,.T.);
#1233=ADVANCED_FACE('',(#197),#1167,.T.);
#1234=ADVANCED_FACE('',(#198),#43,.T.);
#1235=ADVANCED_FACE('',(#199),#1168,.T.);
#1236=ADVANCED_FACE('',(#200),#44,.T.);
#1237=ADVANCED_FACE('',(#201,#18),#45,.T.);
#1238=ADVANCED_FACE('',(#202),#46,.T.);
#1239=ADVANCED_FACE('',(#203),#47,.T.);
#1240=ADVANCED_FACE('',(#204),#48,.T.);
#1241=ADVANCED_FACE('',(#205),#49,.T.);
#1242=ADVANCED_FACE('',(#206,#19,#20),#50,.F.);
#1243=CLOSED_SHELL('',(#1169,#1170,#1171,#1172,#1173,#1174,#1175,#1176,
#1177,#1178,#1179,#1180,#1181,#1182,#1183,#1184,#1185,#1186,#1187,#1188,
#1189,#1190,#1191,#1192,#1193,#1194,#1195,#1196,#1197,#1198,#1199,#1200,
#1201,#1202,#1203,#1204,#1205,#1206,#1207,#1208,#1209,#1210,#1211,#1212,
#1213,#1214,#1215,#1216,#1217,#1218,#1219,#1220,#1221,#1222,#1223,#1224,
#1225,#1226,#1227,#1228,#1229,#1230,#1231,#1232,#1233,#1234,#1235,#1236,
#1237,#1238,#1239,#1240,#1241,#1242));
#1244=DERIVED_UNIT_ELEMENT(#1247,1.);
#1245=DERIVED_UNIT_ELEMENT(#2260,-3.);
#1246=DIMENSIONAL_EXPONENTS(0.,1.,0.,0.,0.,0.,0.);
#1247=(
CONVERSION_BASED_UNIT('gram',#1249)
MASS_UNIT()
NAMED_UNIT(#1246)
);
#1248=(
MASS_UNIT()
NAMED_UNIT(*)
SI_UNIT(.KILO.,.GRAM.)
);
#1249=MASS_MEASURE_WITH_UNIT(MASS_MEASURE(0.001),#1248);
#1250=DERIVED_UNIT((#1244,#1245));
#1251=MEASURE_REPRESENTATION_ITEM('density measure',
POSITIVE_RATIO_MEASURE(1.27),#1250);
#1252=PROPERTY_DEFINITION_REPRESENTATION(#1257,#1254);
#1253=PROPERTY_DEFINITION_REPRESENTATION(#1258,#1255);
#1254=REPRESENTATION('material name',(#1256),#2257);
#1255=REPRESENTATION('density',(#1251),#2257);
#1256=DESCRIPTIVE_REPRESENTATION_ITEM('Plastico PETG','Plastico PETG');
#1257=PROPERTY_DEFINITION('material property','material name',#2267);
#1258=PROPERTY_DEFINITION('material property','density of part',#2267);
#1259=DATE_TIME_ROLE('creation_date');
#1260=APPLIED_DATE_AND_TIME_ASSIGNMENT(#1261,#1259,(#2267));
#1261=DATE_AND_TIME(#1262,#1263);
#1262=CALENDAR_DATE(2025,26,9);
#1263=LOCAL_TIME(0,0,0.,#1264);
#1264=COORDINATED_UNIVERSAL_TIME_OFFSET(0,0,.BEHIND.);
#1265=AXIS2_PLACEMENT_3D('',#1802,#1414,#1415);
#1266=AXIS2_PLACEMENT_3D('',#1803,#1416,#1417);
#1267=AXIS2_PLACEMENT_3D('',#1822,#1419,#1420);
#1268=AXIS2_PLACEMENT_3D('',#1825,#1422,#1423);
#1269=AXIS2_PLACEMENT_3D('',#1826,#1424,#1425);
#1270=AXIS2_PLACEMENT_3D('',#1828,#1426,#1427);
#1271=AXIS2_PLACEMENT_3D('',#1830,#1428,#1429);
#1272=AXIS2_PLACEMENT_3D('',#1832,#1430,#1431);
#1273=AXIS2_PLACEMENT_3D('',#1833,#1432,#1433);
#1274=AXIS2_PLACEMENT_3D('',#1834,#1434,#1435);
#1275=AXIS2_PLACEMENT_3D('',#1836,#1436,#1437);
#1276=AXIS2_PLACEMENT_3D('',#1838,#1439,#1440);
#1277=AXIS2_PLACEMENT_3D('',#1840,#1441,#1442);
#1278=AXIS2_PLACEMENT_3D('',#1842,#1443,#1444);
#1279=AXIS2_PLACEMENT_3D('',#1843,#1445,#1446);
#1280=AXIS2_PLACEMENT_3D('',#1844,#1447,#1448);
#1281=AXIS2_PLACEMENT_3D('',#1847,#1449,#1450);
#1282=AXIS2_PLACEMENT_3D('',#1849,#1451,#1452);
#1283=AXIS2_PLACEMENT_3D('',#1861,#1453,#1454);
#1284=AXIS2_PLACEMENT_3D('',#1862,#1455,#1456);
#1285=AXIS2_PLACEMENT_3D('',#1871,#1457,#1458);
#1286=AXIS2_PLACEMENT_3D('',#1872,#1459,#1460);
#1287=AXIS2_PLACEMENT_3D('',#1873,#1461,#1462);
#1288=AXIS2_PLACEMENT_3D('',#1875,#1464,#1465);
#1289=AXIS2_PLACEMENT_3D('',#1884,#1466,#1467);
#1290=AXIS2_PLACEMENT_3D('',#1885,#1468,#1469);
#1291=AXIS2_PLACEMENT_3D('',#1886,#1470,#1471);
#1292=AXIS2_PLACEMENT_3D('',#1889,#1474,#1475);
#1293=AXIS2_PLACEMENT_3D('',#1893,#1478,#1479);
#1294=AXIS2_PLACEMENT_3D('',#1896,#1480,#1481);
#1295=AXIS2_PLACEMENT_3D('',#1907,#1483,#1484);
#1296=AXIS2_PLACEMENT_3D('',#1909,#1486,#1487);
#1297=AXIS2_PLACEMENT_3D('',#1913,#1490,#1491);
#1298=AXIS2_PLACEMENT_3D('',#1915,#1492,#1493);
#1299=AXIS2_PLACEMENT_3D('',#1917,#1495,#1496);
#1300=AXIS2_PLACEMENT_3D('',#1919,#1498,#1499);
#1301=AXIS2_PLACEMENT_3D('',#1928,#1500,#1501);
#1302=AXIS2_PLACEMENT_3D('',#1929,#1502,#1503);
#1303=AXIS2_PLACEMENT_3D('',#1930,#1504,#1505);
#1304=AXIS2_PLACEMENT_3D('',#1932,#1506,#1507);
#1305=AXIS2_PLACEMENT_3D('',#1934,#1508,#1509);
#1306=AXIS2_PLACEMENT_3D('',#1935,#1510,#1511);
#1307=AXIS2_PLACEMENT_3D('',#1936,#1512,#1513);
#1308=AXIS2_PLACEMENT_3D('',#1945,#1514,#1515);
#1309=AXIS2_PLACEMENT_3D('',#1946,#1516,#1517);
#1310=AXIS2_PLACEMENT_3D('',#1947,#1518,#1519);
#1311=AXIS2_PLACEMENT_3D('',#1950,#1522,#1523);
#1312=AXIS2_PLACEMENT_3D('',#1960,#1529,#1530);
#1313=AXIS2_PLACEMENT_3D('',#1964,#1533,#1534);
#1314=AXIS2_PLACEMENT_3D('',#1968,#1537,#1538);
#1315=AXIS2_PLACEMENT_3D('',#1980,#1540,#1541);
#1316=AXIS2_PLACEMENT_3D('',#1983,#1543,#1544);
#1317=AXIS2_PLACEMENT_3D('',#1984,#1545,#1546);
#1318=AXIS2_PLACEMENT_3D('',#1986,#1547,#1548);
#1319=AXIS2_PLACEMENT_3D('',#1990,#1551,#1552);
#1320=AXIS2_PLACEMENT_3D('',#1992,#1553,#1554);
#1321=AXIS2_PLACEMENT_3D('',#1994,#1555,#1556);
#1322=AXIS2_PLACEMENT_3D('',#1995,#1557,#1558);
#1323=AXIS2_PLACEMENT_3D('',#1996,#1559,#1560);
#1324=AXIS2_PLACEMENT_3D('',#2015,#1562,#1563);
#1325=AXIS2_PLACEMENT_3D('',#2018,#1565,#1566);
#1326=AXIS2_PLACEMENT_3D('',#2019,#1567,#1568);
#1327=AXIS2_PLACEMENT_3D('',#2021,#1569,#1570);
#1328=AXIS2_PLACEMENT_3D('',#2023,#1571,#1572);
#1329=AXIS2_PLACEMENT_3D('',#2025,#1573,#1574);
#1330=AXIS2_PLACEMENT_3D('',#2026,#1575,#1576);
#1331=AXIS2_PLACEMENT_3D('',#2027,#1577,#1578);
#1332=AXIS2_PLACEMENT_3D('',#2029,#1579,#1580);
#1333=AXIS2_PLACEMENT_3D('',#2031,#1582,#1583);
#1334=AXIS2_PLACEMENT_3D('',#2033,#1584,#1585);
#1335=AXIS2_PLACEMENT_3D('',#2035,#1586,#1587);
#1336=AXIS2_PLACEMENT_3D('',#2036,#1588,#1589);
#1337=AXIS2_PLACEMENT_3D('',#2037,#1590,#1591);
#1338=AXIS2_PLACEMENT_3D('',#2039,#1593,#1594);
#1339=AXIS2_PLACEMENT_3D('',#2048,#1595,#1596);
#1340=AXIS2_PLACEMENT_3D('',#2049,#1597,#1598);
#1341=AXIS2_PLACEMENT_3D('',#2050,#1599,#1600);
#1342=AXIS2_PLACEMENT_3D('',#2053,#1601,#1602);
#1343=AXIS2_PLACEMENT_3D('',#2055,#1603,#1604);
#1344=AXIS2_PLACEMENT_3D('',#2067,#1605,#1606);
#1345=AXIS2_PLACEMENT_3D('',#2068,#1607,#1608);
#1346=AXIS2_PLACEMENT_3D('',#2077,#1609,#1610);
#1347=AXIS2_PLACEMENT_3D('',#2078,#1611,#1612);
#1348=AXIS2_PLACEMENT_3D('',#2079,#1613,#1614);
#1349=AXIS2_PLACEMENT_3D('',#2082,#1617,#1618);
#1350=AXIS2_PLACEMENT_3D('',#2092,#1624,#1625);
#1351=AXIS2_PLACEMENT_3D('',#2096,#1628,#1629);
#1352=AXIS2_PLACEMENT_3D('',#2100,#1632,#1633);
#1353=AXIS2_PLACEMENT_3D('',#2102,#1635,#1636);
#1354=AXIS2_PLACEMENT_3D('',#2111,#1637,#1638);
#1355=AXIS2_PLACEMENT_3D('',#2112,#1639,#1640);
#1356=AXIS2_PLACEMENT_3D('',#2113,#1641,#1642);
#1357=AXIS2_PLACEMENT_3D('',#2115,#1644,#1645);
#1358=AXIS2_PLACEMENT_3D('',#2124,#1646,#1647);
#1359=AXIS2_PLACEMENT_3D('',#2125,#1648,#1649);
#1360=AXIS2_PLACEMENT_3D('',#2126,#1650,#1651);
#1361=AXIS2_PLACEMENT_3D('',#2129,#1654,#1655);
#1362=AXIS2_PLACEMENT_3D('',#2137,#1660,#1661);
#1363=AXIS2_PLACEMENT_3D('',#2142,#1665,#1666);
#1364=AXIS2_PLACEMENT_3D('',#2144,#1668,#1669);
#1365=AXIS2_PLACEMENT_3D('',#2150,#1673,#1674);
#1366=AXIS2_PLACEMENT_3D('',#2152,#1675,#1676);
#1367=AXIS2_PLACEMENT_3D('',#2155,#1678,#1679);
#1368=AXIS2_PLACEMENT_3D('',#2156,#1680,#1681);
#1369=AXIS2_PLACEMENT_3D('',#2158,#1682,#1683);
#1370=AXIS2_PLACEMENT_3D('',#2161,#1685,#1686);
#1371=AXIS2_PLACEMENT_3D('',#2162,#1687,#1688);
#1372=AXIS2_PLACEMENT_3D('',#2164,#1689,#1690);
#1373=AXIS2_PLACEMENT_3D('',#2167,#1692,#1693);
#1374=AXIS2_PLACEMENT_3D('',#2168,#1694,#1695);
#1375=AXIS2_PLACEMENT_3D('',#2169,#1696,#1697);
#1376=AXIS2_PLACEMENT_3D('',#2171,#1698,#1699);
#1377=AXIS2_PLACEMENT_3D('',#2174,#1701,#1702);
#1378=AXIS2_PLACEMENT_3D('',#2175,#1703,#1704);
#1379=AXIS2_PLACEMENT_3D('',#2176,#1705,#1706);
#1380=AXIS2_PLACEMENT_3D('',#2177,#1707,#1708);
#1381=AXIS2_PLACEMENT_3D('',#2178,#1709,#1710);
#1382=AXIS2_PLACEMENT_3D('',#2179,#1711,#1712);
#1383=AXIS2_PLACEMENT_3D('',#2181,#1713,#1714);
#1384=AXIS2_PLACEMENT_3D('',#2183,#1715,#1716);
#1385=AXIS2_PLACEMENT_3D('',#2185,#1718,#1719);
#1386=AXIS2_PLACEMENT_3D('',#2187,#1721,#1722);
#1387=AXIS2_PLACEMENT_3D('',#2189,#1723,#1724);
#1388=AXIS2_PLACEMENT_3D('',#2192,#1726,#1727);
#1389=AXIS2_PLACEMENT_3D('',#2194,#1728,#1729);
#1390=AXIS2_PLACEMENT_3D('',#2197,#1731,#1732);
#1391=AXIS2_PLACEMENT_3D('',#2198,#1733,#1734);
#1392=AXIS2_PLACEMENT_3D('',#2200,#1736,#1737);
#1393=AXIS2_PLACEMENT_3D('',#2202,#1739,#1740);
#1394=AXIS2_PLACEMENT_3D('',#2203,#1741,#1742);
#1395=AXIS2_PLACEMENT_3D('',#2205,#1744,#1745);
#1396=AXIS2_PLACEMENT_3D('',#2207,#1747,#1748);
#1397=AXIS2_PLACEMENT_3D('',#2208,#1749,#1750);
#1398=AXIS2_PLACEMENT_3D('',#2210,#1751,#1752);
#1399=AXIS2_PLACEMENT_3D('',#2212,#1754,#1755);
#1400=AXIS2_PLACEMENT_3D('',#2216,#1758,#1759);
#1401=AXIS2_PLACEMENT_3D('',#2218,#1760,#1761);
#1402=AXIS2_PLACEMENT_3D('',#2220,#1763,#1764);
#1403=AXIS2_PLACEMENT_3D('',#2224,#1766,#1767);
#1404=AXIS2_PLACEMENT_3D('',#2226,#1769,#1770);
#1405=AXIS2_PLACEMENT_3D('',#2230,#1773,#1774);
#1406=AXIS2_PLACEMENT_3D('',#2232,#1775,#1776);
#1407=AXIS2_PLACEMENT_3D('',#2234,#1778,#1779);
#1408=AXIS2_PLACEMENT_3D('',#2236,#1781,#1782);
#1409=AXIS2_PLACEMENT_3D('',#2238,#1784,#1785);
#1410=AXIS2_PLACEMENT_3D('',#2244,#1789,#1790);
#1411=AXIS2_PLACEMENT_3D('',#2248,#1793,#1794);
#1412=AXIS2_PLACEMENT_3D('',#2252,#1797,#1798);
#1413=AXIS2_PLACEMENT_3D('',#2254,#1800,#1801);
#1414=DIRECTION('axis',(0.,0.,1.));
#1415=DIRECTION('refdir',(1.,0.,0.));
#1416=DIRECTION('center_axis',(1.,0.,0.));
#1417=DIRECTION('ref_axis',(0.,-0.707106781186548,0.707106781186547));
#1418=DIRECTION('',(-1.,0.,0.));
#1419=DIRECTION('center_axis',(0.707106781186547,0.,0.707106781186548));
#1420=DIRECTION('ref_axis',(-0.707106781186548,0.,0.707106781186547));
#1421=DIRECTION('',(1.,0.,0.));
#1422=DIRECTION('center_axis',(-0.707106781186548,0.,0.707106781186548));
#1423=DIRECTION('ref_axis',(0.707106781186547,0.,0.707106781186547));
#1424=DIRECTION('center_axis',(0.,-1.,0.));
#1425=DIRECTION('ref_axis',(0.,0.,-1.));
#1426=DIRECTION('center_axis',(0.,1.,0.));
#1427=DIRECTION('ref_axis',(0.707106781186547,0.,-0.707106781186548));
#1428=DIRECTION('center_axis',(-0.928571428571428,2.57730345002268E-16,
-0.371153744479046));
#1429=DIRECTION('ref_axis',(-2.77555756156289E-16,-1.,0.));
#1430=DIRECTION('center_axis',(0.,-1.,0.));
#1431=DIRECTION('ref_axis',(0.707106781186547,0.,-0.707106781186548));
#1432=DIRECTION('center_axis',(0.,0.,1.));
#1433=DIRECTION('ref_axis',(-1.,0.,0.));
#1434=DIRECTION('center_axis',(0.,1.,0.));
#1435=DIRECTION('ref_axis',(0.,0.,1.));
#1436=DIRECTION('center_axis',(0.,1.,0.));
#1437=DIRECTION('ref_axis',(-0.707106781186548,0.,-0.707106781186548));
#1438=DIRECTION('',(-1.,0.,2.01858731750028E-16));
#1439=DIRECTION('center_axis',(0.,-1.,0.));
#1440=DIRECTION('ref_axis',(0.,0.,-1.));
#1441=DIRECTION('center_axis',(0.,0.,-1.));
#1442=DIRECTION('ref_axis',(1.,0.,0.));
#1443=DIRECTION('center_axis',(0.,-1.,0.));
#1444=DIRECTION('ref_axis',(-0.707106781186548,0.,-0.707106781186548));
#1445=DIRECTION('center_axis',(0.928571428571429,4.12063432796476E-16,-0.371153744479044));
#1446=DIRECTION('ref_axis',(0.371153744479044,0.,0.928571428571429));
#1447=DIRECTION('center_axis',(0.,-1.,0.));
#1448=DIRECTION('ref_axis',(0.,0.,-1.));
#1449=DIRECTION('center_axis',(0.928571428571428,0.,-0.371153744479046));
#1450=DIRECTION('ref_axis',(0.371153744479046,0.,0.928571428571428));
#1451=DIRECTION('center_axis',(0.,1.,0.));
#1452=DIRECTION('ref_axis',(-0.707106781186547,0.,-0.707106781186548));
#1453=DIRECTION('center_axis',(0.,-1.,0.));
#1454=DIRECTION('ref_axis',(-0.707106781186547,0.,-0.707106781186548));
#1455=DIRECTION('center_axis',(0.,-1.,0.));
#1456=DIRECTION('ref_axis',(0.,0.,-1.));
#1457=DIRECTION('center_axis',(0.,-1.,0.));
#1458=DIRECTION('ref_axis',(1.11022302462516E-15,0.,-1.));
#1459=DIRECTION('center_axis',(1.,0.,1.11022302462516E-15));
#1460=DIRECTION('ref_axis',(-1.11022302462516E-15,0.,1.));
#1461=DIRECTION('center_axis',(0.,0.,1.));
#1462=DIRECTION('ref_axis',(-0.707106781186547,-0.707106781186548,0.));
#1463=DIRECTION('',(0.,0.,1.));
#1464=DIRECTION('center_axis',(0.,-1.,0.));
#1465=DIRECTION('ref_axis',(0.,0.,-1.));
#1466=DIRECTION('center_axis',(-1.,0.,8.32667268468868E-16));
#1467=DIRECTION('ref_axis',(0.,-1.,0.));
#1468=DIRECTION('center_axis',(0.,-1.,0.));
#1469=DIRECTION('ref_axis',(-7.40148683083438E-16,0.,-1.));
#1470=DIRECTION('center_axis',(1.,0.,0.));
#1471=DIRECTION('ref_axis',(0.,-0.707106781186548,0.707106781186547));
#1472=DIRECTION('',(-1.,0.,0.));
#1473=DIRECTION('',(1.,0.,0.));
#1474=DIRECTION('center_axis',(0.,1.,0.));
#1475=DIRECTION('ref_axis',(0.,0.,1.));
#1476=DIRECTION('',(-1.,0.,2.01858731750028E-16));
#1477=DIRECTION('',(4.28626379701573E-16,0.,1.));
#1478=DIRECTION('center_axis',(1.,0.,0.));
#1479=DIRECTION('ref_axis',(0.,-0.707106781186548,0.707106781186547));
#1480=DIRECTION('center_axis',(0.707106781186547,0.707106781186548,0.));
#1481=DIRECTION('ref_axis',(0.707106781186548,-0.707106781186547,-1.47196168001604E-16));
#1482=DIRECTION('',(-1.,0.,0.));
#1483=DIRECTION('center_axis',(0.707106781186548,0.,0.707106781186548));
#1484=DIRECTION('ref_axis',(-0.707106781186547,0.,0.707106781186547));
#1485=DIRECTION('',(1.,0.,0.));
#1486=DIRECTION('center_axis',(0.,0.,-1.));
#1487=DIRECTION('ref_axis',(-1.,0.,0.));
#1488=DIRECTION('',(0.,-1.,0.));
#1489=DIRECTION('',(0.707106781186548,-0.707106781186547,-7.13678390310807E-17));
#1490=DIRECTION('center_axis',(0.,0.,1.));
#1491=DIRECTION('ref_axis',(-0.707106781186547,-0.707106781186548,0.));
#1492=DIRECTION('center_axis',(0.,0.,1.));
#1493=DIRECTION('ref_axis',(-1.,0.,0.));
#1494=DIRECTION('',(0.,0.,1.));
#1495=DIRECTION('center_axis',(0.,0.,-1.));
#1496=DIRECTION('ref_axis',(0.707106781186547,-0.707106781186548,0.));
#1497=DIRECTION('',(0.,0.,-1.));
#1498=DIRECTION('center_axis',(0.,-1.,0.));
#1499=DIRECTION('ref_axis',(0.,0.,-1.));
#1500=DIRECTION('center_axis',(0.,-1.,0.));
#1501=DIRECTION('ref_axis',(0.,0.,-1.));
#1502=DIRECTION('center_axis',(1.,0.,0.));
#1503=DIRECTION('ref_axis',(0.,0.,1.));
#1504=DIRECTION('center_axis',(0.,-1.,0.));
#1505=DIRECTION('ref_axis',(0.,0.,-1.));
#1506=DIRECTION('center_axis',(0.,1.,0.));
#1507=DIRECTION('ref_axis',(0.707106781186548,0.,-0.707106781186548));
#1508=DIRECTION('center_axis',(-0.928571428571429,4.12063432796476E-16,
-0.371153744479044));
#1509=DIRECTION('ref_axis',(0.,-1.,-1.11022302462516E-15));
#1510=DIRECTION('center_axis',(0.,-1.,0.));
#1511=DIRECTION('ref_axis',(0.707106781186548,0.,-0.707106781186548));
#1512=DIRECTION('center_axis',(0.,-1.,0.));
#1513=DIRECTION('ref_axis',(0.,0.,-1.));
#1514=DIRECTION('center_axis',(-1.,0.,0.));
#1515=DIRECTION('ref_axis',(0.,-1.,0.));
#1516=DIRECTION('center_axis',(0.,-1.,0.));
#1517=DIRECTION('ref_axis',(0.,0.,-1.));
#1518=DIRECTION('center_axis',(1.,0.,0.));
#1519=DIRECTION('ref_axis',(0.,-0.707106781186548,0.707106781186547));
#1520=DIRECTION('',(-1.,0.,0.));
#1521=DIRECTION('',(1.,0.,0.));
#1522=DIRECTION('center_axis',(-1.,0.,0.));
#1523=DIRECTION('ref_axis',(0.,0.,1.));
#1524=DIRECTION('',(0.,1.,0.));
#1525=DIRECTION('',(0.,0.,1.));
#1526=DIRECTION('',(0.,-1.,0.));
#1527=DIRECTION('',(0.,0.,1.));
#1528=DIRECTION('',(0.,1.,0.));
#1529=DIRECTION('center_axis',(0.,0.,-1.));
#1530=DIRECTION('ref_axis',(-1.,0.,0.));
#1531=DIRECTION('',(0.,1.,0.));
#1532=DIRECTION('',(1.,0.,0.));
#1533=DIRECTION('center_axis',(0.,1.,0.));
#1534=DIRECTION('ref_axis',(0.,0.,1.));
#1535=DIRECTION('',(-5.9211894646675E-16,0.,-1.));
#1536=DIRECTION('',(-1.,0.,2.01858731750028E-16));
#1537=DIRECTION('center_axis',(-1.,0.,0.));
#1538=DIRECTION('ref_axis',(0.,-0.707106781186548,-0.707106781186547));
#1539=DIRECTION('',(1.,0.,0.));
#1540=DIRECTION('center_axis',(0.707106781186547,0.707106781186548,0.));
#1541=DIRECTION('ref_axis',(0.707106781186548,-0.707106781186547,9.81307786677358E-17));
#1542=DIRECTION('',(-1.,0.,0.));
#1543=DIRECTION('center_axis',(0.707106781186548,0.,-0.707106781186547));
#1544=DIRECTION('ref_axis',(-0.707106781186547,-4.9065389333868E-17,-0.707106781186548));
#1545=DIRECTION('center_axis',(0.,1.,0.));
#1546=DIRECTION('ref_axis',(0.,0.,1.));
#1547=DIRECTION('center_axis',(0.,1.,0.));
#1548=DIRECTION('ref_axis',(0.707106781186547,0.,0.707106781186547));
#1549=DIRECTION('',(1.,0.,-1.00929365875014E-16));
#1550=DIRECTION('',(-5.9211894646675E-16,0.,-1.));
#1551=DIRECTION('center_axis',(0.,-1.,0.));
#1552=DIRECTION('ref_axis',(0.,0.,-1.));
#1553=DIRECTION('center_axis',(0.,0.,1.));
#1554=DIRECTION('ref_axis',(-1.,0.,0.));
#1555=DIRECTION('center_axis',(0.,-1.,0.));
#1556=DIRECTION('ref_axis',(0.707106781186548,0.,0.707106781186548));
#1557=DIRECTION('center_axis',(-0.928571428571428,2.71767426832617E-17,
0.371153744479046));
#1558=DIRECTION('ref_axis',(-0.371153744479046,0.,-0.928571428571428));
#1559=DIRECTION('center_axis',(-1.,0.,0.));
#1560=DIRECTION('ref_axis',(0.,-0.707106781186548,-0.707106781186547));
#1561=DIRECTION('',(1.,0.,0.));
#1562=DIRECTION('center_axis',(-0.707106781186548,0.,-0.707106781186547));
#1563=DIRECTION('ref_axis',(0.707106781186547,-4.9065389333868E-17,-0.707106781186548));
#1564=DIRECTION('',(-1.,0.,0.));
#1565=DIRECTION('center_axis',(0.707106781186547,0.,-0.707106781186548));
#1566=DIRECTION('ref_axis',(-0.707106781186548,-4.9065389333868E-17,-0.707106781186547));
#1567=DIRECTION('center_axis',(0.,-1.,0.));
#1568=DIRECTION('ref_axis',(0.,0.,-1.));
#1569=DIRECTION('center_axis',(0.,1.,0.));
#1570=DIRECTION('ref_axis',(-0.707106781186547,0.,0.707106781186548));
#1571=DIRECTION('center_axis',(0.928571428571428,5.0085150966078E-17,0.371153744479046));
#1572=DIRECTION('ref_axis',(0.,-1.,1.34944485165785E-16));
#1573=DIRECTION('center_axis',(0.,-1.,0.));
#1574=DIRECTION('ref_axis',(-0.707106781186547,0.,0.707106781186548));
#1575=DIRECTION('center_axis',(-1.11022302462516E-15,0.,-1.));
#1576=DIRECTION('ref_axis',(1.,0.,-1.11022302462516E-15));
#1577=DIRECTION('center_axis',(0.,1.,0.));
#1578=DIRECTION('ref_axis',(0.,0.,1.));
#1579=DIRECTION('center_axis',(0.,1.,0.));
#1580=DIRECTION('ref_axis',(0.707106781186547,0.,0.707106781186548));
#1581=DIRECTION('',(1.,0.,-1.00929365875014E-16));
#1582=DIRECTION('center_axis',(0.,-1.,0.));
#1583=DIRECTION('ref_axis',(0.,0.,-1.));
#1584=DIRECTION('center_axis',(0.,0.,1.));
#1585=DIRECTION('ref_axis',(-1.,0.,0.));
#1586=DIRECTION('center_axis',(0.,-1.,0.));
#1587=DIRECTION('ref_axis',(0.707106781186547,0.,0.707106781186548));
#1588=DIRECTION('center_axis',(-0.928571428571428,4.91129503588238E-16,
0.371153744479046));
#1589=DIRECTION('ref_axis',(-0.371153744479046,0.,-0.928571428571428));
#1590=DIRECTION('center_axis',(0.,0.,1.));
#1591=DIRECTION('ref_axis',(-0.707106781186547,-0.707106781186548,0.));
#1592=DIRECTION('',(0.,0.,1.));
#1593=DIRECTION('center_axis',(0.,-1.,0.));
#1594=DIRECTION('ref_axis',(0.,0.,-1.));
#1595=DIRECTION('center_axis',(0.,-1.,0.));
#1596=DIRECTION('ref_axis',(0.,0.,1.));
#1597=DIRECTION('center_axis',(-1.,0.,0.));
#1598=DIRECTION('ref_axis',(0.,0.,-1.));
#1599=DIRECTION('center_axis',(0.,-1.,0.));
#1600=DIRECTION('ref_axis',(0.,0.,-1.));
#1601=DIRECTION('center_axis',(0.928571428571429,-4.0101399834269E-17,0.371153744479045));
#1602=DIRECTION('ref_axis',(-6.93889390390723E-17,-1.,6.55555461267124E-17));
#1603=DIRECTION('center_axis',(0.,-1.,0.));
#1604=DIRECTION('ref_axis',(-0.707106781186548,0.,0.707106781186547));
#1605=DIRECTION('center_axis',(0.,1.,0.));
#1606=DIRECTION('ref_axis',(-0.707106781186548,0.,0.707106781186547));
#1607=DIRECTION('center_axis',(0.,-1.,0.));
#1608=DIRECTION('ref_axis',(0.,0.,-1.));
#1609=DIRECTION('center_axis',(1.,0.,1.38777878078145E-16));
#1610=DIRECTION('ref_axis',(0.,-1.,0.));
#1611=DIRECTION('center_axis',(0.,-1.,0.));
#1612=DIRECTION('ref_axis',(-1.85037170770859E-16,0.,1.));
#1613=DIRECTION('center_axis',(-1.,0.,1.26161707343768E-16));
#1614=DIRECTION('ref_axis',(0.,-0.707106781186548,-0.707106781186547));
#1615=DIRECTION('',(1.,0.,-1.26161707343768E-16));
#1616=DIRECTION('',(-1.,0.,1.26161707343768E-16));
#1617=DIRECTION('center_axis',(1.,0.,0.));
#1618=DIRECTION('ref_axis',(0.,0.,-1.));
#1619=DIRECTION('',(0.,1.,0.));
#1620=DIRECTION('',(0.,0.,-1.));
#1621=DIRECTION('',(0.,-1.,0.));
#1622=DIRECTION('',(0.,0.,-1.));
#1623=DIRECTION('',(0.,1.,0.));
#1624=DIRECTION('center_axis',(0.,0.,1.));
#1625=DIRECTION('ref_axis',(1.,0.,0.));
#1626=DIRECTION('',(0.,1.,0.));
#1627=DIRECTION('',(-1.,0.,0.));
#1628=DIRECTION('center_axis',(0.,1.,0.));
#1629=DIRECTION('ref_axis',(0.,0.,1.));
#1630=DIRECTION('',(4.28626379701573E-16,0.,1.));
#1631=DIRECTION('',(1.,0.,-1.00929365875014E-16));
#1632=DIRECTION('center_axis',(0.,0.,1.));
#1633=DIRECTION('ref_axis',(-0.707106781186547,-0.707106781186548,0.));
#1634=DIRECTION('',(0.,0.,1.));
#1635=DIRECTION('center_axis',(0.,-1.,0.));
#1636=DIRECTION('ref_axis',(0.,0.,-1.));
#1637=DIRECTION('center_axis',(0.,-1.,0.));
#1638=DIRECTION('ref_axis',(0.,0.,1.));
#1639=DIRECTION('center_axis',(-1.,0.,0.));
#1640=DIRECTION('ref_axis',(0.,0.,-1.));
#1641=DIRECTION('center_axis',(0.,0.,-1.));
#1642=DIRECTION('ref_axis',(0.707106781186547,-0.707106781186548,0.));
#1643=DIRECTION('',(0.,0.,-1.));
#1644=DIRECTION('center_axis',(0.,-1.,0.));
#1645=DIRECTION('ref_axis',(0.,0.,-1.));
#1646=DIRECTION('center_axis',(1.,0.,0.));
#1647=DIRECTION('ref_axis',(0.,-1.,0.));
#1648=DIRECTION('center_axis',(0.,-1.,0.));
#1649=DIRECTION('ref_axis',(0.,0.,1.));
#1650=DIRECTION('center_axis',(-1.,0.,-1.26161707343768E-16));
#1651=DIRECTION('ref_axis',(0.,-0.707106781186548,-0.707106781186547));
#1652=DIRECTION('',(1.,0.,1.26161707343768E-16));
#1653=DIRECTION('',(-1.,0.,-1.26161707343768E-16));
#1654=DIRECTION('center_axis',(-1.,0.,0.));
#1655=DIRECTION('ref_axis',(0.,0.,1.));
#1656=DIRECTION('',(0.,1.,0.));
#1657=DIRECTION('',(0.,0.,1.));
#1658=DIRECTION('',(0.,-1.,0.));
#1659=DIRECTION('',(0.,0.,1.));
#1660=DIRECTION('center_axis',(0.707106781186547,0.707106781186548,0.));
#1661=DIRECTION('ref_axis',(-0.707106781186548,0.707106781186547,7.13678390310807E-17));
#1662=DIRECTION('',(0.,0.,-1.));
#1663=DIRECTION('',(-0.707106781186548,0.707106781186547,7.13678390310807E-17));
#1664=DIRECTION('',(-5.9211894646675E-16,0.,-1.));
#1665=DIRECTION('center_axis',(0.,0.,1.));
#1666=DIRECTION('ref_axis',(1.,0.,0.));
#1667=DIRECTION('',(0.,1.,0.));
#1668=DIRECTION('center_axis',(1.,0.,0.));
#1669=DIRECTION('ref_axis',(0.,0.,-1.));
#1670=DIRECTION('',(0.,1.,0.));
#1671=DIRECTION('',(0.,0.,-1.));
#1672=DIRECTION('',(0.,1.,0.));
#1673=DIRECTION('center_axis',(0.,-1.,0.));
#1674=DIRECTION('ref_axis',(1.,0.,0.));
#1675=DIRECTION('center_axis',(0.,-1.,0.));
#1676=DIRECTION('ref_axis',(1.,0.,0.));
#1677=DIRECTION('',(0.,-1.,0.));
#1678=DIRECTION('center_axis',(0.,1.,0.));
#1679=DIRECTION('ref_axis',(1.,0.,0.));
#1680=DIRECTION('center_axis',(0.,-1.,0.));
#1681=DIRECTION('ref_axis',(1.,0.,0.));
#1682=DIRECTION('center_axis',(0.,-1.,0.));
#1683=DIRECTION('ref_axis',(1.,0.,0.));
#1684=DIRECTION('',(0.,-1.,0.));
#1685=DIRECTION('center_axis',(0.,1.,0.));
#1686=DIRECTION('ref_axis',(1.,0.,0.));
#1687=DIRECTION('center_axis',(0.,-1.,0.));
#1688=DIRECTION('ref_axis',(1.,0.,0.));
#1689=DIRECTION('center_axis',(0.,-1.,0.));
#1690=DIRECTION('ref_axis',(1.,0.,0.));
#1691=DIRECTION('',(0.,-1.,0.));
#1692=DIRECTION('center_axis',(0.,-1.,0.));
#1693=DIRECTION('ref_axis',(1.,0.,0.));
#1694=DIRECTION('center_axis',(0.,1.,0.));
#1695=DIRECTION('ref_axis',(0.,0.,1.));
#1696=DIRECTION('center_axis',(0.,-1.,0.));
#1697=DIRECTION('ref_axis',(1.,0.,0.));
#1698=DIRECTION('center_axis',(0.,-1.,0.));
#1699=DIRECTION('ref_axis',(1.,0.,0.));
#1700=DIRECTION('',(0.,-1.,0.));
#1701=DIRECTION('center_axis',(0.,-1.,0.));
#1702=DIRECTION('ref_axis',(1.,0.,0.));
#1703=DIRECTION('center_axis',(0.,1.,0.));
#1704=DIRECTION('ref_axis',(0.,0.,1.));
#1705=DIRECTION('center_axis',(0.,-1.,0.));
#1706=DIRECTION('ref_axis',(-1.,0.,0.));
#1707=DIRECTION('center_axis',(0.,1.,0.));
#1708=DIRECTION('ref_axis',(-1.,0.,0.));
#1709=DIRECTION('center_axis',(0.,1.,0.));
#1710=DIRECTION('ref_axis',(-1.,0.,0.));
#1711=DIRECTION('center_axis',(0.,-1.,0.));
#1712=DIRECTION('ref_axis',(1.,0.,-1.01064309961486E-15));
#1713=DIRECTION('center_axis',(0.,1.,0.));
#1714=DIRECTION('ref_axis',(-1.,0.,0.));
#1715=DIRECTION('center_axis',(0.,1.,0.));
#1716=DIRECTION('ref_axis',(-1.,0.,0.));
#1717=DIRECTION('',(0.,-1.,0.));
#1718=DIRECTION('center_axis',(0.,1.,0.));
#1719=DIRECTION('ref_axis',(0.,0.,1.));
#1720=DIRECTION('',(0.,0.,-1.));
#1721=DIRECTION('center_axis',(0.,1.,0.));
#1722=DIRECTION('ref_axis',(0.,0.,1.));
#1723=DIRECTION('center_axis',(0.,1.,0.));
#1724=DIRECTION('ref_axis',(-1.,0.,1.11022302462516E-15));
#1725=DIRECTION('',(1.,0.,1.26161707343768E-16));
#1726=DIRECTION('center_axis',(0.,1.,0.));
#1727=DIRECTION('ref_axis',(0.,0.,1.));
#1728=DIRECTION('center_axis',(0.,1.,0.));
#1729=DIRECTION('ref_axis',(1.,0.,0.));
#1730=DIRECTION('',(-1.,0.,0.));
#1731=DIRECTION('center_axis',(0.,1.,0.));
#1732=DIRECTION('ref_axis',(0.,0.,-1.));
#1733=DIRECTION('center_axis',(0.,1.,0.));
#1734=DIRECTION('ref_axis',(0.,0.,-1.));
#1735=DIRECTION('',(0.,1.,0.));
#1736=DIRECTION('center_axis',(0.,0.,-1.));
#1737=DIRECTION('ref_axis',(-1.,0.,0.));
#1738=DIRECTION('',(0.,1.,0.));
#1739=DIRECTION('center_axis',(0.,1.,0.));
#1740=DIRECTION('ref_axis',(1.,0.,0.));
#1741=DIRECTION('center_axis',(0.,1.,0.));
#1742=DIRECTION('ref_axis',(0.,0.,1.));
#1743=DIRECTION('',(0.,1.,0.));
#1744=DIRECTION('center_axis',(-1.26161707343768E-16,0.,1.));
#1745=DIRECTION('ref_axis',(1.,0.,1.26161707343768E-16));
#1746=DIRECTION('',(0.,1.,0.));
#1747=DIRECTION('center_axis',(0.,1.,0.));
#1748=DIRECTION('ref_axis',(-1.,0.,1.11022302462516E-15));
#1749=DIRECTION('center_axis',(0.,1.,0.));
#1750=DIRECTION('ref_axis',(0.,0.,1.));
#1751=DIRECTION('center_axis',(0.,1.,0.));
#1752=DIRECTION('ref_axis',(0.,0.,1.));
#1753=DIRECTION('',(0.,1.,0.));
#1754=DIRECTION('center_axis',(1.26161707343768E-16,0.,1.));
#1755=DIRECTION('ref_axis',(1.,0.,-1.26161707343768E-16));
#1756=DIRECTION('',(1.,0.,-1.26161707343768E-16));
#1757=DIRECTION('',(0.,1.,0.));
#1758=DIRECTION('center_axis',(0.,1.,0.));
#1759=DIRECTION('ref_axis',(-1.,0.,0.));
#1760=DIRECTION('center_axis',(0.,1.,0.));
#1761=DIRECTION('ref_axis',(-1.,0.,0.));
#1762=DIRECTION('',(0.,1.,0.));
#1763=DIRECTION('center_axis',(0.,1.,0.));
#1764=DIRECTION('ref_axis',(1.11022302462516E-15,0.,-1.));
#1765=DIRECTION('',(0.,1.,0.));
#1766=DIRECTION('center_axis',(0.,1.,0.));
#1767=DIRECTION('ref_axis',(1.11022302462516E-15,0.,-1.));
#1768=DIRECTION('',(0.,1.,0.));
#1769=DIRECTION('center_axis',(0.,0.,-1.));
#1770=DIRECTION('ref_axis',(-1.,0.,0.));
#1771=DIRECTION('',(-1.,0.,0.));
#1772=DIRECTION('',(0.,1.,0.));
#1773=DIRECTION('center_axis',(0.,1.,0.));
#1774=DIRECTION('ref_axis',(1.,0.,0.));
#1775=DIRECTION('center_axis',(0.,1.,0.));
#1776=DIRECTION('ref_axis',(1.,0.,0.));
#1777=DIRECTION('',(0.,1.,0.));
#1778=DIRECTION('center_axis',(1.,0.,0.));
#1779=DIRECTION('ref_axis',(0.,0.,-1.));
#1780=DIRECTION('',(0.,0.,-1.));
#1781=DIRECTION('center_axis',(0.,1.,0.));
#1782=DIRECTION('ref_axis',(0.,0.,1.));
#1783=DIRECTION('',(2.96059473233375E-16,0.,1.));
#1784=DIRECTION('center_axis',(1.00929365875014E-16,0.,1.));
#1785=DIRECTION('ref_axis',(1.,0.,-1.00929365875014E-16));
#1786=DIRECTION('',(1.,0.,-1.00929365875014E-16));
#1787=DIRECTION('',(0.,1.,0.));
#1788=DIRECTION('',(0.,1.,0.));
#1789=DIRECTION('center_axis',(-1.,0.,4.28626379701573E-16));
#1790=DIRECTION('ref_axis',(4.28626379701573E-16,0.,1.));
#1791=DIRECTION('',(4.28626379701573E-16,0.,1.));
#1792=DIRECTION('',(0.,1.,0.));
#1793=DIRECTION('center_axis',(-2.01858731750028E-16,0.,-1.));
#1794=DIRECTION('ref_axis',(-1.,0.,2.01858731750028E-16));
#1795=DIRECTION('',(-1.,0.,2.01858731750028E-16));
#1796=DIRECTION('',(0.,1.,0.));
#1797=DIRECTION('center_axis',(1.,0.,-5.9211894646675E-16));
#1798=DIRECTION('ref_axis',(-5.9211894646675E-16,0.,-1.));
#1799=DIRECTION('',(-5.9211894646675E-16,0.,-1.));
#1800=DIRECTION('center_axis',(0.,1.,0.));
#1801=DIRECTION('ref_axis',(0.,0.,1.));
#1802=CARTESIAN_POINT('',(0.,0.,0.));
#1803=CARTESIAN_POINT('Origin',(23.65,12.,-23.9));
#1804=CARTESIAN_POINT('',(21.3114379161375,8.,-23.9));
#1805=CARTESIAN_POINT('',(21.7,8.02005025157352,-23.5));
#1806=CARTESIAN_POINT('Ctrl Pts',(21.3114379161375,8.,-23.9));
#1807=CARTESIAN_POINT('Ctrl Pts',(21.3137366455355,8.,-23.8975659374073));
#1808=CARTESIAN_POINT('Ctrl Pts',(21.3160359744935,8.00000222174791,-23.8951324409025));
#1809=CARTESIAN_POINT('Ctrl Pts',(21.4438496963175,8.00024898756724,-23.7599275207489));
#1810=CARTESIAN_POINT('Ctrl Pts',(21.5711233344229,8.00709765933257,-23.6288766655771));
#1811=CARTESIAN_POINT('Ctrl Pts',(21.7,8.02005025157352,-23.5));
#1812=CARTESIAN_POINT('',(14.3885620838625,8.,-23.9));
#1813=CARTESIAN_POINT('',(23.65,8.,-23.9));
#1814=CARTESIAN_POINT('',(14.,8.02005025157352,-23.5));
#1815=CARTESIAN_POINT('Ctrl Pts',(14.,8.02005025157352,-23.5));
#1816=CARTESIAN_POINT('Ctrl Pts',(14.1288766645706,8.00709765943373,-23.6288766645706));
#1817=CARTESIAN_POINT('Ctrl Pts',(14.2561503026936,8.00024898756912,-23.7599275197141));
#1818=CARTESIAN_POINT('Ctrl Pts',(14.3839640255834,8.00000222174776,-23.895132440983));
#1819=CARTESIAN_POINT('Ctrl Pts',(14.3862633543885,8.,-23.8975659373269));
#1820=CARTESIAN_POINT('Ctrl Pts',(14.3885620838625,8.,-23.9));
#1821=CARTESIAN_POINT('',(10.4,12.,-19.9));
#1822=CARTESIAN_POINT('Origin',(14.4,12.,-23.9));
#1823=CARTESIAN_POINT('',(25.3,12.,-19.9));
#1824=CARTESIAN_POINT('',(23.65,12.,-19.9));
#1825=CARTESIAN_POINT('Origin',(21.3,12.,-23.9));
#1826=CARTESIAN_POINT('Origin',(7.4,12.,-23.5));
#1827=CARTESIAN_POINT('',(9.99807621135332,8.,-30.));
#1828=CARTESIAN_POINT('Origin',(7.4,8.,-23.5));
#1829=CARTESIAN_POINT('',(8.51346123343713,12.,-26.2857142857143));
#1830=CARTESIAN_POINT('Origin',(9.99807621135332,12.,-30.));
#1831=CARTESIAN_POINT('',(10.4,12.,-23.5));
#1832=CARTESIAN_POINT('Origin',(7.4,12.,-23.5));
#1833=CARTESIAN_POINT('Origin',(14.4,12.,-23.5));
#1834=CARTESIAN_POINT('Origin',(22.,8.,-15.));
#1835=CARTESIAN_POINT('',(25.7019237886467,8.,-30.));
#1836=CARTESIAN_POINT('Origin',(28.3,8.,-23.5));
#1837=CARTESIAN_POINT('',(44.,8.,-30.));
#1838=CARTESIAN_POINT('Origin',(28.3,12.,-23.5));
#1839=CARTESIAN_POINT('',(25.3,12.,-23.5));
#1840=CARTESIAN_POINT('Origin',(21.3,12.,-23.5));
#1841=CARTESIAN_POINT('',(27.1865387665629,12.,-26.2857142857143));
#1842=CARTESIAN_POINT('Origin',(28.3,12.,-23.5));
#1843=CARTESIAN_POINT('Origin',(25.7019237886467,12.,-30.));
#1844=CARTESIAN_POINT('Origin',(2.99999999999999,12.,-23.5));
#1845=CARTESIAN_POINT('',(1.88653876656286,12.,-26.2857142857143));
#1846=CARTESIAN_POINT('',(0.401923788646671,8.,-30.));
#1847=CARTESIAN_POINT('Origin',(0.401923788646671,12.,-30.));
#1848=CARTESIAN_POINT('',(-1.21477669594921E-14,8.,-29.8245553203368));
#1849=CARTESIAN_POINT('Origin',(2.99999999999999,8.,-23.5));
#1850=CARTESIAN_POINT('',(-5.55111512312578E-15,12.,-23.5));
#1851=CARTESIAN_POINT('Ctrl Pts',(-1.21477669594921E-14,8.,-29.8245553203368));
#1852=CARTESIAN_POINT('Ctrl Pts',(-1.1941030976216E-14,8.,-29.3660981153606));
#1853=CARTESIAN_POINT('Ctrl Pts',(-1.1718044477007E-14,8.08135526296895,
-28.8219980750634));
#1854=CARTESIAN_POINT('Ctrl Pts',(-1.13174632569048E-14,8.34809464274649,
-27.8874283913656));
#1855=CARTESIAN_POINT('Ctrl Pts',(-1.10763352702731E-14,8.59935079372537,
-27.3248685535891));
#1856=CARTESIAN_POINT('Ctrl Pts',(-1.06179076494659E-14,9.23107709174333,
-26.2553412390864));
#1857=CARTESIAN_POINT('Ctrl Pts',(-1.09891734899583E-14,9.73031238007331,
-25.6381169924914));
#1858=CARTESIAN_POINT('Ctrl Pts',(-1.05018809142582E-14,10.8416646305983,
-24.5012467512352));
#1859=CARTESIAN_POINT('Ctrl Pts',(-9.99200722162641E-15,11.4491324761693,
-23.9770652697572));
#1860=CARTESIAN_POINT('Ctrl Pts',(-9.99200722162641E-15,12.,-23.5));
#1861=CARTESIAN_POINT('Origin',(2.99999999999999,12.,-23.5));
#1862=CARTESIAN_POINT('Origin',(2.99999999999999,12.,-23.5));
#1863=CARTESIAN_POINT('',(3.,8.03137303340312,-30.));
#1864=CARTESIAN_POINT('Ctrl Pts',(2.99999999999999,8.03137303340312,-30.));
#1865=CARTESIAN_POINT('Ctrl Pts',(2.43174173749904,8.03137303340312,-30.));
#1866=CARTESIAN_POINT('Ctrl Pts',(1.74997387940133,8.01745470585524,-30.));
#1867=CARTESIAN_POINT('Ctrl Pts',(0.93810295830136,8.00373187284153,-30.));
#1868=CARTESIAN_POINT('Ctrl Pts',(0.645652415617239,8.,-30.));
#1869=CARTESIAN_POINT('Ctrl Pts',(0.401923788646668,8.,-30.));
#1870=CARTESIAN_POINT('',(3.,12.,-26.5));
#1871=CARTESIAN_POINT('Origin',(2.99999999999999,12.,-23.5));
#1872=CARTESIAN_POINT('Origin',(3.,12.,-30.5));
#1873=CARTESIAN_POINT('Origin',(14.4,12.,-17.45));
#1874=CARTESIAN_POINT('',(10.4,12.,-17.45));
#1875=CARTESIAN_POINT('Origin',(7.4,12.,-23.5));
#1876=CARTESIAN_POINT('',(7.39999999999999,8.03137303340312,-30.));
#1877=CARTESIAN_POINT('Ctrl Pts',(9.99807621135332,8.,-30.));
#1878=CARTESIAN_POINT('Ctrl Pts',(9.75434758438275,8.,-30.));
#1879=CARTESIAN_POINT('Ctrl Pts',(9.46189704169862,8.00373187284153,-30.));
#1880=CARTESIAN_POINT('Ctrl Pts',(8.65002612059865,8.01745470585524,-30.));
#1881=CARTESIAN_POINT('Ctrl Pts',(7.96825826250095,8.03137303340312,-30.));
#1882=CARTESIAN_POINT('Ctrl Pts',(7.4,8.03137303340312,-30.));
#1883=CARTESIAN_POINT('',(7.4,12.,-26.5));
#1884=CARTESIAN_POINT('Origin',(7.39999999999999,12.,-30.5));
#1885=CARTESIAN_POINT('Origin',(7.4,12.,-23.5));
#1886=CARTESIAN_POINT('Origin',(14.7,12.,-30.5));
#1887=CARTESIAN_POINT('',(14.7,8.03137303340312,-30.));
#1888=CARTESIAN_POINT('',(14.7,12.,-26.5));
#1889=CARTESIAN_POINT('Origin',(22.,8.,-15.));
#1890=CARTESIAN_POINT('',(-8.88178419700125E-15,8.,-30.));
#1891=CARTESIAN_POINT('',(44.,8.,-30.));
#1892=CARTESIAN_POINT('',(-1.28587913910472E-14,8.,-30.));
#1893=CARTESIAN_POINT('Origin',(30.925,12.,-24.));
#1894=CARTESIAN_POINT('',(44.,8.,-24.));
#1895=CARTESIAN_POINT('',(40.,12.,-20.));
#1896=CARTESIAN_POINT('Origin',(40.,12.,-24.));
#1897=CARTESIAN_POINT('',(39.6821200218845,8.,-24.));
#1898=CARTESIAN_POINT('',(30.925,8.,-24.));
#1899=CARTESIAN_POINT('',(39.2,8.03137303340312,-23.5));
#1900=CARTESIAN_POINT('Ctrl Pts',(39.2,8.03137303340312,-23.5));
#1901=CARTESIAN_POINT('Ctrl Pts',(39.3609580207423,8.01109422890762,-23.6609580207424));
#1902=CARTESIAN_POINT('Ctrl Pts',(39.5194786041777,8.00031459560223,-23.8254631222834));
#1903=CARTESIAN_POINT('Ctrl Pts',(39.677547274159,8.00000226130643,-23.9950892870385));
#1904=CARTESIAN_POINT('Ctrl Pts',(39.6798339487284,8.,-23.9975443635147));
#1905=CARTESIAN_POINT('Ctrl Pts',(39.6821200218845,8.,-24.));
#1906=CARTESIAN_POINT('',(35.7,12.,-20.));
#1907=CARTESIAN_POINT('Origin',(39.7,12.,-24.));
#1908=CARTESIAN_POINT('',(30.925,12.,-20.));
#1909=CARTESIAN_POINT('Origin',(39.85,12.15,-20.));
#1910=CARTESIAN_POINT('',(35.7,16.3,-20.));
#1911=CARTESIAN_POINT('',(35.7,10.075,-20.));
#1912=CARTESIAN_POINT('',(44.,8.,-20.));
#1913=CARTESIAN_POINT('Origin',(39.7,12.,-10.75));
#1914=CARTESIAN_POINT('',(35.7,12.,-23.5));
#1915=CARTESIAN_POINT('Origin',(39.7,12.,-23.5));
#1916=CARTESIAN_POINT('',(35.7,12.,-10.75));
#1917=CARTESIAN_POINT('Origin',(21.3,12.,-19.25));
#1918=CARTESIAN_POINT('',(25.3,12.,-19.25));
#1919=CARTESIAN_POINT('Origin',(28.3,12.,-23.5));
#1920=CARTESIAN_POINT('',(28.3,8.03137303340312,-30.));
#1921=CARTESIAN_POINT('Ctrl Pts',(28.3,8.03137303340312,-30.));
#1922=CARTESIAN_POINT('Ctrl Pts',(27.731741737499,8.03137303340312,-30.));
#1923=CARTESIAN_POINT('Ctrl Pts',(27.0499738794013,8.01745470585524,-30.));
#1924=CARTESIAN_POINT('Ctrl Pts',(26.2381029583014,8.00373187284153,-30.));
#1925=CARTESIAN_POINT('Ctrl Pts',(25.9456524156173,8.,-30.));
#1926=CARTESIAN_POINT('Ctrl Pts',(25.7019237886467,8.,-30.));
#1927=CARTESIAN_POINT('',(28.3,12.,-26.5));
#1928=CARTESIAN_POINT('Origin',(28.3,12.,-23.5));
#1929=CARTESIAN_POINT('Origin',(28.3,12.,-30.5));
#1930=CARTESIAN_POINT('Origin',(32.7,12.,-23.5));
#1931=CARTESIAN_POINT('',(35.2980762113533,8.,-30.));
#1932=CARTESIAN_POINT('Origin',(32.7,8.,-23.5));
#1933=CARTESIAN_POINT('',(33.8134612334371,12.,-26.2857142857143));
#1934=CARTESIAN_POINT('Origin',(35.2980762113533,12.,-30.));
#1935=CARTESIAN_POINT('Origin',(32.7,12.,-23.5));
#1936=CARTESIAN_POINT('Origin',(32.7,12.,-23.5));
#1937=CARTESIAN_POINT('',(32.7,8.03137303340311,-30.));
#1938=CARTESIAN_POINT('Ctrl Pts',(35.2980762113533,8.,-30.));
#1939=CARTESIAN_POINT('Ctrl Pts',(35.0543475843827,8.,-30.));
#1940=CARTESIAN_POINT('Ctrl Pts',(34.7618970416986,8.00373187284153,-30.));
#1941=CARTESIAN_POINT('Ctrl Pts',(33.9500261205987,8.01745470585523,-30.));
#1942=CARTESIAN_POINT('Ctrl Pts',(33.2682582625009,8.03137303340312,-30.));
#1943=CARTESIAN_POINT('Ctrl Pts',(32.7,8.03137303340312,-30.));
#1944=CARTESIAN_POINT('',(32.7,12.,-26.5));
#1945=CARTESIAN_POINT('Origin',(32.7,12.,-30.5));
#1946=CARTESIAN_POINT('Origin',(32.7,12.,-23.5));
#1947=CARTESIAN_POINT('Origin',(27.35,12.,-30.5));
#1948=CARTESIAN_POINT('',(27.35,8.03137303340312,-30.));
#1949=CARTESIAN_POINT('',(27.35,12.,-26.5));
#1950=CARTESIAN_POINT('Origin',(25.3,8.,-23.5));
#1951=CARTESIAN_POINT('',(25.3,17.5,-19.9));
#1952=CARTESIAN_POINT('',(25.3,8.,-19.9));
#1953=CARTESIAN_POINT('',(25.3,17.5,-18.5510561809129));
#1954=CARTESIAN_POINT('',(25.3,17.5,-18.5510561809129));
#1955=CARTESIAN_POINT('',(25.3,23.5,-18.5510561809129));
#1956=CARTESIAN_POINT('',(25.3,23.5,-18.5510561809129));
#1957=CARTESIAN_POINT('',(25.3,23.5,-23.5));
#1958=CARTESIAN_POINT('',(25.3,23.5,-23.5));
#1959=CARTESIAN_POINT('',(25.3,8.,-23.5));
#1960=CARTESIAN_POINT('Origin',(25.3,8.,-19.9));
#1961=CARTESIAN_POINT('',(10.4,17.5,-19.9));
#1962=CARTESIAN_POINT('',(10.4,8.,-19.9));
#1963=CARTESIAN_POINT('',(21.575,17.5,-19.9));
#1964=CARTESIAN_POINT('Origin',(22.,8.,-15.));
#1965=CARTESIAN_POINT('',(44.,8.,-30.));
#1966=CARTESIAN_POINT('',(44.,8.,-4.44089209850063E-15));
#1967=CARTESIAN_POINT('',(44.,8.,-30.));
#1968=CARTESIAN_POINT('Origin',(30.925,12.,-6.00000000000001));
#1969=CARTESIAN_POINT('',(39.6821200218845,8.,-6.00000000000001));
#1970=CARTESIAN_POINT('',(39.2,8.03137303340311,-6.5));
#1971=CARTESIAN_POINT('Ctrl Pts',(39.6821200218845,8.,-6.00000000000001));
#1972=CARTESIAN_POINT('Ctrl Pts',(39.6798339487281,8.,-6.00245563648565));
#1973=CARTESIAN_POINT('Ctrl Pts',(39.6775472741589,8.00000226130643,-6.00491071296158));
#1974=CARTESIAN_POINT('Ctrl Pts',(39.5194786041785,8.00031459560224,-6.17453687771573));
#1975=CARTESIAN_POINT('Ctrl Pts',(39.3609580207434,8.01109422890749,-6.33904197925662));
#1976=CARTESIAN_POINT('Ctrl Pts',(39.2,8.03137303340312,-6.5));
#1977=CARTESIAN_POINT('',(44.,8.,-6.00000000000001));
#1978=CARTESIAN_POINT('',(30.925,8.,-6.00000000000001));
#1979=CARTESIAN_POINT('',(40.,12.,-10.));
#1980=CARTESIAN_POINT('Origin',(40.,12.,-6.00000000000001));
#1981=CARTESIAN_POINT('',(35.7,12.,-10.));
#1982=CARTESIAN_POINT('',(30.925,12.,-10.));
#1983=CARTESIAN_POINT('Origin',(39.7,12.,-6.00000000000001));
#1984=CARTESIAN_POINT('Origin',(22.,8.,-15.));
#1985=CARTESIAN_POINT('',(35.2980762113533,8.,-3.59289125838232E-15));
#1986=CARTESIAN_POINT('Origin',(32.7,8.,-6.5));
#1987=CARTESIAN_POINT('',(44.,8.,-4.44089209850063E-15));
#1988=CARTESIAN_POINT('',(0.,8.,0.));
#1989=CARTESIAN_POINT('',(44.,8.,-4.44089209850063E-15));
#1990=CARTESIAN_POINT('Origin',(32.7,12.,-6.5));
#1991=CARTESIAN_POINT('',(35.7,12.,-6.5));
#1992=CARTESIAN_POINT('Origin',(39.7,12.,-6.5));
#1993=CARTESIAN_POINT('',(33.8134612334371,12.,-3.71428571428571));
#1994=CARTESIAN_POINT('Origin',(32.7,12.,-6.5));
#1995=CARTESIAN_POINT('Origin',(35.2980762113533,12.,-3.88578058618805E-15));
#1996=CARTESIAN_POINT('Origin',(16.2,12.,-6.1));
#1997=CARTESIAN_POINT('',(14.3885620838625,8.,-6.1));
#1998=CARTESIAN_POINT('',(14.,8.02005025157352,-6.5));
#1999=CARTESIAN_POINT('Ctrl Pts',(14.3885620838625,8.,-6.1));
#2000=CARTESIAN_POINT('Ctrl Pts',(14.3862633543886,8.,-6.10243406267302));
#2001=CARTESIAN_POINT('Ctrl Pts',(14.3839640255829,8.00000222174776,-6.1048675590175));
#2002=CARTESIAN_POINT('Ctrl Pts',(14.2561503026988,8.00024898756913,-6.2400724802805));
#2003=CARTESIAN_POINT('Ctrl Pts',(14.128876664576,8.00709765943318,-6.37112333542395));
#2004=CARTESIAN_POINT('Ctrl Pts',(14.,8.02005025157352,-6.5));
#2005=CARTESIAN_POINT('',(21.3114379161375,8.,-6.1));
#2006=CARTESIAN_POINT('',(16.2,8.,-6.1));
#2007=CARTESIAN_POINT('',(21.7,8.02005025157352,-6.49999999999999));
#2008=CARTESIAN_POINT('Ctrl Pts',(21.7,8.02005025157352,-6.5));
#2009=CARTESIAN_POINT('Ctrl Pts',(21.5711233354304,8.00709765943383,-6.37112333543042));
#2010=CARTESIAN_POINT('Ctrl Pts',(21.4438496973072,8.00024898756913,-6.24007248028684));
#2011=CARTESIAN_POINT('Ctrl Pts',(21.3160359744167,8.00000222174776,-6.10486755901715));
#2012=CARTESIAN_POINT('Ctrl Pts',(21.3137366456113,8.,-6.10243406267296));
#2013=CARTESIAN_POINT('Ctrl Pts',(21.3114379161375,8.,-6.1));
#2014=CARTESIAN_POINT('',(25.3,12.,-10.1));
#2015=CARTESIAN_POINT('Origin',(21.3,12.,-6.1));
#2016=CARTESIAN_POINT('',(10.4,12.,-10.1));
#2017=CARTESIAN_POINT('',(16.2,12.,-10.1));
#2018=CARTESIAN_POINT('Origin',(14.4,12.,-6.1));
#2019=CARTESIAN_POINT('Origin',(28.3,12.,-6.5));
#2020=CARTESIAN_POINT('',(25.7019237886467,8.,-1.95822386474346E-15));
#2021=CARTESIAN_POINT('Origin',(28.3,8.,-6.5));
#2022=CARTESIAN_POINT('',(27.1865387665629,12.,-3.71428571428571));
#2023=CARTESIAN_POINT('Origin',(25.7019237886467,12.,-2.4980018054066E-15));
#2024=CARTESIAN_POINT('',(25.3,12.,-6.5));
#2025=CARTESIAN_POINT('Origin',(28.3,12.,-6.5));
#2026=CARTESIAN_POINT('Origin',(21.3,12.,-6.49999999999999));
#2027=CARTESIAN_POINT('Origin',(22.,8.,-15.));
#2028=CARTESIAN_POINT('',(9.99807621135331,8.,-1.37244520913201E-15));
#2029=CARTESIAN_POINT('Origin',(7.4,8.,-6.5));
#2030=CARTESIAN_POINT('',(0.,8.,0.));
#2031=CARTESIAN_POINT('Origin',(7.4,12.,-6.5));
#2032=CARTESIAN_POINT('',(10.4,12.,-6.5));
#2033=CARTESIAN_POINT('Origin',(14.4,12.,-6.5));
#2034=CARTESIAN_POINT('',(8.51346123343713,12.,-3.71428571428571));
#2035=CARTESIAN_POINT('Origin',(7.4,12.,-6.5));
#2036=CARTESIAN_POINT('Origin',(9.99807621135332,12.,-1.11022302462516E-15));
#2037=CARTESIAN_POINT('Origin',(14.4,12.,-10.75));
#2038=CARTESIAN_POINT('',(10.4,12.,-10.75));
#2039=CARTESIAN_POINT('Origin',(7.4,12.,-6.5));
#2040=CARTESIAN_POINT('',(7.4,8.03137303340312,-7.63278329429795E-16));
#2041=CARTESIAN_POINT('Ctrl Pts',(7.4,8.03137303340312,-1.11022302462516E-15));
#2042=CARTESIAN_POINT('Ctrl Pts',(7.96825826250095,8.03137303340312,-1.16763673179974E-15));
#2043=CARTESIAN_POINT('Ctrl Pts',(8.65002612059865,8.01745470585524,-1.23638736830438E-15));
#2044=CARTESIAN_POINT('Ctrl Pts',(9.46189704169862,8.00373187284153,-1.31832898554337E-15));
#2045=CARTESIAN_POINT('Ctrl Pts',(9.75434758438274,8.,-1.34784583336628E-15));
#2046=CARTESIAN_POINT('Ctrl Pts',(9.99807621135331,8.,-1.37244520913201E-15));
#2047=CARTESIAN_POINT('',(7.4,12.,-3.5));
#2048=CARTESIAN_POINT('Origin',(7.4,12.,-6.5));
#2049=CARTESIAN_POINT('Origin',(7.4,12.,0.5));
#2050=CARTESIAN_POINT('Origin',(3.,12.,-6.5));
#2051=CARTESIAN_POINT('',(0.401923788646679,8.,2.6222218450685E-16));
#2052=CARTESIAN_POINT('',(1.88653876656286,12.,-3.71428571428571));
#2053=CARTESIAN_POINT('Origin',(0.401923788646679,12.,0.));
#2054=CARTESIAN_POINT('',(-4.44089209850063E-15,12.,-6.5));
#2055=CARTESIAN_POINT('Origin',(3.,12.,-6.5));
#2056=CARTESIAN_POINT('',(-6.4686311384622E-17,8.,-0.175444679663238));
#2057=CARTESIAN_POINT('Ctrl Pts',(-2.77555756156289E-15,12.,-6.5));
#2058=CARTESIAN_POINT('Ctrl Pts',(-2.59900794598507E-15,11.4491324761693,
-6.02293473024278));
#2059=CARTESIAN_POINT('Ctrl Pts',(-2.35691090553718E-15,10.8416646305983,
-5.49875324876482));
#2060=CARTESIAN_POINT('Ctrl Pts',(-1.86961832983706E-15,9.73031238007331,
-4.36188300750858));
#2061=CARTESIAN_POINT('Ctrl Pts',(-1.59454562141084E-15,9.23107709174334,
-3.74465876091359));
#2062=CARTESIAN_POINT('Ctrl Pts',(-1.1361180006036E-15,8.59935079372536,
-2.67513144641089));
#2063=CARTESIAN_POINT('Ctrl Pts',(-8.94990013971949E-16,8.34809464274649,
-2.11257160863438));
#2064=CARTESIAN_POINT('Ctrl Pts',(-4.94408793869718E-16,8.08135526296895,
-1.17800192493658));
#2065=CARTESIAN_POINT('Ctrl Pts',(-2.61193163401654E-16,8.,-0.633901884639393));
#2066=CARTESIAN_POINT('Ctrl Pts',(-6.46863113846226E-17,8.,-0.175444679663238));
#2067=CARTESIAN_POINT('Origin',(3.,8.,-6.5));
#2068=CARTESIAN_POINT('Origin',(3.,12.,-6.5));
#2069=CARTESIAN_POINT('',(2.99999999999999,8.03137303340312,-2.77555756156289E-16));
#2070=CARTESIAN_POINT('Ctrl Pts',(0.401923788646679,8.,2.6222218450685E-16));
#2071=CARTESIAN_POINT('Ctrl Pts',(0.645652415617248,8.,2.48362073739411E-16));
#2072=CARTESIAN_POINT('Ctrl Pts',(0.938102958301368,8.00373187284153,2.0810596091821E-16));
#2073=CARTESIAN_POINT('Ctrl Pts',(1.74997387940134,8.01745470585524,1.26164343679227E-16));
#2074=CARTESIAN_POINT('Ctrl Pts',(2.43174173749904,8.03137303340312,5.73539460874584E-17));
#2075=CARTESIAN_POINT('Ctrl Pts',(3.,8.03137303340312,4.62223186652937E-32));
#2076=CARTESIAN_POINT('',(2.99999999999999,12.,-3.5));
#2077=CARTESIAN_POINT('Origin',(2.99999999999999,12.,0.5));
#2078=CARTESIAN_POINT('Origin',(3.,12.,-6.5));
#2079=CARTESIAN_POINT('Origin',(12.5,12.,0.5));
#2080=CARTESIAN_POINT('',(12.5,8.03137303340312,-1.2490009027033E-15));
#2081=CARTESIAN_POINT('',(12.5,12.,-3.5));
#2082=CARTESIAN_POINT('Origin',(10.4,8.,-6.5));
#2083=CARTESIAN_POINT('',(10.4,17.5,-10.1));
#2084=CARTESIAN_POINT('',(10.4,8.,-10.1));
#2085=CARTESIAN_POINT('',(10.4,17.5,-11.4489438190871));
#2086=CARTESIAN_POINT('',(10.4,17.5,-11.4489438190871));
#2087=CARTESIAN_POINT('',(10.4,23.5,-11.4489438190871));
#2088=CARTESIAN_POINT('',(10.4,23.5,-11.4489438190871));
#2089=CARTESIAN_POINT('',(10.4,23.5,-6.5));
#2090=CARTESIAN_POINT('',(10.4,23.5,-6.5));
#2091=CARTESIAN_POINT('',(10.4,8.,-6.5));
#2092=CARTESIAN_POINT('Origin',(10.4,8.,-10.1));
#2093=CARTESIAN_POINT('',(25.3,17.5,-10.1));
#2094=CARTESIAN_POINT('',(25.3,8.,-10.1));
#2095=CARTESIAN_POINT('',(14.125,17.5,-10.1));
#2096=CARTESIAN_POINT('Origin',(22.,8.,-15.));
#2097=CARTESIAN_POINT('',(0.,8.,0.));
#2098=CARTESIAN_POINT('',(-1.28587913910472E-14,8.,-30.));
#2099=CARTESIAN_POINT('',(0.,8.,0.));
#2100=CARTESIAN_POINT('Origin',(39.7,12.,-10.75));
#2101=CARTESIAN_POINT('',(35.7,12.,-10.75));
#2102=CARTESIAN_POINT('Origin',(32.7,12.,-6.5));
#2103=CARTESIAN_POINT('',(32.7,8.03137303340312,-3.33066907387547E-15));
#2104=CARTESIAN_POINT('Ctrl Pts',(32.7,8.03137303340312,-3.33066907387547E-15));
#2105=CARTESIAN_POINT('Ctrl Pts',(33.268258262501,8.03137303340312,-3.38834222946471E-15));
#2106=CARTESIAN_POINT('Ctrl Pts',(33.9500261205987,8.01745470585524,-3.4568334175547E-15));
#2107=CARTESIAN_POINT('Ctrl Pts',(34.7618970416986,8.00373187284153,-3.53877503479368E-15));
#2108=CARTESIAN_POINT('Ctrl Pts',(35.0543475843828,8.,-3.56829188261659E-15));
#2109=CARTESIAN_POINT('Ctrl Pts',(35.2980762113533,8.,-3.59289125838232E-15));
#2110=CARTESIAN_POINT('',(32.7,12.,-3.5));
#2111=CARTESIAN_POINT('Origin',(32.7,12.,-6.5));
#2112=CARTESIAN_POINT('Origin',(32.7,12.,0.5));
#2113=CARTESIAN_POINT('Origin',(21.3,12.,-12.55));
#2114=CARTESIAN_POINT('',(25.3,12.,-12.55));
#2115=CARTESIAN_POINT('Origin',(28.3,12.,-6.5));
#2116=CARTESIAN_POINT('',(28.3,8.03137303340312,-2.84494650060196E-15));
#2117=CARTESIAN_POINT('Ctrl Pts',(25.7019237886467,8.,-1.95822386474346E-15));
#2118=CARTESIAN_POINT('Ctrl Pts',(25.9456524156172,8.,-1.98588960016521E-15));
#2119=CARTESIAN_POINT('Ctrl Pts',(26.2381029583014,8.00373187284153,-2.0123400883321E-15));
#2120=CARTESIAN_POINT('Ctrl Pts',(27.0499738794013,8.01745470585524,-2.09428170557109E-15));
#2121=CARTESIAN_POINT('Ctrl Pts',(27.731741737499,8.03137303340312,-3.27331512778801E-15));
#2122=CARTESIAN_POINT('Ctrl Pts',(28.3,8.03137303340312,-3.33066907387547E-15));
#2123=CARTESIAN_POINT('',(28.3,12.,-3.5));
#2124=CARTESIAN_POINT('Origin',(28.3,12.,0.5));
#2125=CARTESIAN_POINT('Origin',(28.3,12.,-6.5));
#2126=CARTESIAN_POINT('Origin',(25.15,12.,0.5));
#2127=CARTESIAN_POINT('',(25.15,8.03137303340312,-2.4980018054066E-15));
#2128=CARTESIAN_POINT('',(25.15,12.,-3.5));
#2129=CARTESIAN_POINT('Origin',(25.3,8.,-10.1));
#2130=CARTESIAN_POINT('',(25.3,23.5,-6.5));
#2131=CARTESIAN_POINT('',(25.3,8.,-6.5));
#2132=CARTESIAN_POINT('',(25.3,23.5,-11.4489438190871));
#2133=CARTESIAN_POINT('',(25.3,23.5,-13.2244719095435));
#2134=CARTESIAN_POINT('',(25.3,17.5,-11.4489438190871));
#2135=CARTESIAN_POINT('',(25.3,23.5,-11.4489438190871));
#2136=CARTESIAN_POINT('',(25.3,17.5,-10.1));
#2137=CARTESIAN_POINT('Origin',(44.,8.,-15.));
#2138=CARTESIAN_POINT('',(35.7,16.3,-10.));
#2139=CARTESIAN_POINT('',(35.7,16.3,-10.75));
#2140=CARTESIAN_POINT('',(44.,8.,-10.));
#2141=CARTESIAN_POINT('',(44.,8.,-4.44089209850063E-15));
#2142=CARTESIAN_POINT('Origin',(39.85,12.15,-10.));
#2143=CARTESIAN_POINT('',(35.7,10.075,-10.));
#2144=CARTESIAN_POINT('Origin',(35.7,8.,-6.5));
#2145=CARTESIAN_POINT('',(35.7,23.5,-23.5));
#2146=CARTESIAN_POINT('',(35.7,8.,-23.5));
#2147=CARTESIAN_POINT('',(35.7,23.5,-6.5));
#2148=CARTESIAN_POINT('',(35.7,23.5,-6.5));
#2149=CARTESIAN_POINT('',(35.7,8.,-6.5));
#2150=CARTESIAN_POINT('Origin',(29.5,8.,-15.));
#2151=CARTESIAN_POINT('',(28.25,8.,-15.));
#2152=CARTESIAN_POINT('Origin',(29.5,8.,-15.));
#2153=CARTESIAN_POINT('',(28.25,0.,-15.));
#2154=CARTESIAN_POINT('',(28.25,8.,-15.));
#2155=CARTESIAN_POINT('Origin',(29.5,0.,-15.));
#2156=CARTESIAN_POINT('Origin',(6.2,8.,-15.));
#2157=CARTESIAN_POINT('',(4.95,8.,-15.));
#2158=CARTESIAN_POINT('Origin',(6.2,8.,-15.));
#2159=CARTESIAN_POINT('',(4.95,0.,-15.));
#2160=CARTESIAN_POINT('',(4.95,8.,-15.));
#2161=CARTESIAN_POINT('Origin',(6.2,0.,-15.));
#2162=CARTESIAN_POINT('Origin',(29.5,23.5,-15.));
#2163=CARTESIAN_POINT('',(25.6,23.5,-15.));
#2164=CARTESIAN_POINT('Origin',(29.5,23.5,-15.));
#2165=CARTESIAN_POINT('',(25.6,8.,-15.));
#2166=CARTESIAN_POINT('',(25.6,23.5,-15.));
#2167=CARTESIAN_POINT('Origin',(29.5,8.,-15.));
#2168=CARTESIAN_POINT('Origin',(29.5,8.,-15.));
#2169=CARTESIAN_POINT('Origin',(6.2,23.5,-15.));
#2170=CARTESIAN_POINT('',(2.3,23.5,-15.));
#2171=CARTESIAN_POINT('Origin',(6.2,23.5,-15.));
#2172=CARTESIAN_POINT('',(2.3,8.,-15.));
#2173=CARTESIAN_POINT('',(2.3,23.5,-15.));
#2174=CARTESIAN_POINT('Origin',(6.2,8.,-15.));
#2175=CARTESIAN_POINT('Origin',(6.2,8.,-15.));
#2176=CARTESIAN_POINT('Origin',(29.5,23.5,-15.));
#2177=CARTESIAN_POINT('Origin',(29.5,23.5,-15.));
#2178=CARTESIAN_POINT('Origin',(29.5,17.5,-15.));
#2179=CARTESIAN_POINT('Origin',(6.2,23.5,-15.));
#2180=CARTESIAN_POINT('',(10.4,23.5,-18.5510561809129));
#2181=CARTESIAN_POINT('Origin',(6.2,23.5,-15.));
#2182=CARTESIAN_POINT('',(10.4,17.5,-18.5510561809129));
#2183=CARTESIAN_POINT('Origin',(6.2,17.5,-15.));
#2184=CARTESIAN_POINT('',(10.4,23.5,-18.5510561809129));
#2185=CARTESIAN_POINT('Origin',(17.85,17.5,-15.));
#2186=CARTESIAN_POINT('',(10.4,17.5,-19.9));
#2187=CARTESIAN_POINT('Origin',(17.85,23.5,-15.));
#2188=CARTESIAN_POINT('',(28.3,23.5,-3.5));
#2189=CARTESIAN_POINT('Origin',(28.3,23.5,-6.5));
#2190=CARTESIAN_POINT('',(32.7,23.5,-3.5));
#2191=CARTESIAN_POINT('',(28.3,23.5,-3.5));
#2192=CARTESIAN_POINT('Origin',(32.7,23.5,-6.5));
#2193=CARTESIAN_POINT('',(32.7,23.5,-26.5));
#2194=CARTESIAN_POINT('Origin',(32.7,23.5,-23.5));
#2195=CARTESIAN_POINT('',(28.3,23.5,-26.5));
#2196=CARTESIAN_POINT('',(32.7,23.5,-26.5));
#2197=CARTESIAN_POINT('Origin',(28.3,23.5,-23.5));
#2198=CARTESIAN_POINT('Origin',(28.3,8.,-23.5));
#2199=CARTESIAN_POINT('',(28.3,8.,-26.5));
#2200=CARTESIAN_POINT('Origin',(32.7,8.,-26.5));
#2201=CARTESIAN_POINT('',(32.7,8.,-26.5));
#2202=CARTESIAN_POINT('Origin',(32.7,8.,-23.5));
#2203=CARTESIAN_POINT('Origin',(32.7,8.,-6.5));
#2204=CARTESIAN_POINT('',(32.7,8.,-3.5));
#2205=CARTESIAN_POINT('Origin',(28.3,8.,-3.5));
#2206=CARTESIAN_POINT('',(28.3,8.,-3.5));
#2207=CARTESIAN_POINT('Origin',(28.3,8.,-6.5));
#2208=CARTESIAN_POINT('Origin',(7.4,8.,-6.5));
#2209=CARTESIAN_POINT('',(7.4,23.5,-3.5));
#2210=CARTESIAN_POINT('Origin',(7.4,23.5,-6.5));
#2211=CARTESIAN_POINT('',(7.4,8.,-3.5));
#2212=CARTESIAN_POINT('Origin',(2.99999999999999,8.,-3.5));
#2213=CARTESIAN_POINT('',(2.99999999999999,23.5,-3.5));
#2214=CARTESIAN_POINT('',(2.99999999999999,23.5,-3.5));
#2215=CARTESIAN_POINT('',(2.99999999999999,8.,-3.5));
#2216=CARTESIAN_POINT('Origin',(3.,8.,-6.5));
#2217=CARTESIAN_POINT('',(-4.44089209850063E-15,23.5,-6.5));
#2218=CARTESIAN_POINT('Origin',(3.,23.5,-6.5));
#2219=CARTESIAN_POINT('',(-4.44089209850063E-15,8.,-6.5));
#2220=CARTESIAN_POINT('Origin',(2.99999999999999,8.,-23.5));
#2221=CARTESIAN_POINT('',(-4.44089209850063E-15,23.5,-23.5));
#2222=CARTESIAN_POINT('',(-5.55111512312578E-15,8.,-23.5));
#2223=CARTESIAN_POINT('',(3.,23.5,-26.5));
#2224=CARTESIAN_POINT('Origin',(2.99999999999999,23.5,-23.5));
#2225=CARTESIAN_POINT('',(3.,8.,-26.5));
#2226=CARTESIAN_POINT('Origin',(7.4,8.,-26.5));
#2227=CARTESIAN_POINT('',(7.4,23.5,-26.5));
#2228=CARTESIAN_POINT('',(7.4,23.5,-26.5));
#2229=CARTESIAN_POINT('',(7.4,8.,-26.5));
#2230=CARTESIAN_POINT('Origin',(7.4,8.,-23.5));
#2231=CARTESIAN_POINT('',(10.4,23.5,-23.5));
#2232=CARTESIAN_POINT('Origin',(7.4,23.5,-23.5));
#2233=CARTESIAN_POINT('',(10.4,8.,-23.5));
#2234=CARTESIAN_POINT('Origin',(10.4,8.,-19.9));
#2235=CARTESIAN_POINT('',(10.4,23.5,-16.7755280904565));
#2236=CARTESIAN_POINT('Origin',(17.85,23.5,-15.));
#2237=CARTESIAN_POINT('',(-8.88178419700125E-15,23.5,-30.));
#2238=CARTESIAN_POINT('Origin',(0.,0.,0.));
#2239=CARTESIAN_POINT('',(0.,0.,0.));
#2240=CARTESIAN_POINT('',(44.,0.,-4.44089209850063E-15));
#2241=CARTESIAN_POINT('',(0.,0.,0.));
#2242=CARTESIAN_POINT('',(44.,0.,-4.44089209850063E-15));
#2243=CARTESIAN_POINT('',(0.,0.,0.));
#2244=CARTESIAN_POINT('Origin',(-1.28587913910472E-14,0.,-30.));
#2245=CARTESIAN_POINT('',(-1.28587913910472E-14,0.,-30.));
#2246=CARTESIAN_POINT('',(-1.28587913910472E-14,0.,-30.));
#2247=CARTESIAN_POINT('',(-1.28587913910472E-14,0.,-30.));
#2248=CARTESIAN_POINT('Origin',(44.,0.,-30.));
#2249=CARTESIAN_POINT('',(44.,0.,-30.));
#2250=CARTESIAN_POINT('',(44.,0.,-30.));
#2251=CARTESIAN_POINT('',(44.,0.,-30.));
#2252=CARTESIAN_POINT('Origin',(44.,0.,-4.44089209850063E-15));
#2253=CARTESIAN_POINT('',(44.,0.,-4.44089209850063E-15));
#2254=CARTESIAN_POINT('Origin',(22.,0.,-15.));
#2255=UNCERTAINTY_MEASURE_WITH_UNIT(LENGTH_MEASURE(0.01),#2259,
'DISTANCE_ACCURACY_VALUE',
'Maximum model space distance between geometric entities at asserted c
onnectivities');
#2256=UNCERTAINTY_MEASURE_WITH_UNIT(LENGTH_MEASURE(0.01),#2259,
'DISTANCE_ACCURACY_VALUE',
'Maximum model space distance between geometric entities at asserted c
onnectivities');
#2257=(
GEOMETRIC_REPRESENTATION_CONTEXT(3)
GLOBAL_UNCERTAINTY_ASSIGNED_CONTEXT((#2255))
GLOBAL_UNIT_ASSIGNED_CONTEXT((#2259,#2261,#2262))
REPRESENTATION_CONTEXT('','3D')
);
#2258=(
GEOMETRIC_REPRESENTATION_CONTEXT(3)
GLOBAL_UNCERTAINTY_ASSIGNED_CONTEXT((#2256))
GLOBAL_UNIT_ASSIGNED_CONTEXT((#2259,#2261,#2262))
REPRESENTATION_CONTEXT('','3D')
);
#2259=(
LENGTH_UNIT()
NAMED_UNIT(*)
SI_UNIT(.MILLI.,.METRE.)
);
#2260=(
LENGTH_UNIT()
NAMED_UNIT(*)
SI_UNIT(.CENTI.,.METRE.)
);
#2261=(
NAMED_UNIT(*)
PLANE_ANGLE_UNIT()
SI_UNIT($,.RADIAN.)
);
#2262=(
NAMED_UNIT(*)
SI_UNIT($,.STERADIAN.)
SOLID_ANGLE_UNIT()
);
#2263=SHAPE_DEFINITION_REPRESENTATION(#2264,#2265);
#2264=PRODUCT_DEFINITION_SHAPE('',$,#2267);
#2265=SHAPE_REPRESENTATION('',(#1265),#2257);
#2266=PRODUCT_DEFINITION_CONTEXT('part definition',#2271,'design');
#2267=PRODUCT_DEFINITION('Primer inserto','Primer Acople',#2268,#2266);
#2268=PRODUCT_DEFINITION_FORMATION('',$,#2273);
#2269=PRODUCT_RELATED_PRODUCT_CATEGORY('Primer Acople','Primer Acople',
(#2273));
#2270=APPLICATION_PROTOCOL_DEFINITION('international standard',
'automotive_design',2009,#2271);
#2271=APPLICATION_CONTEXT(
'Core Data for Automotive Mechanical Design Process');
#2272=PRODUCT_CONTEXT('part definition',#2271,'mechanical');
#2273=PRODUCT('Primer inserto','Primer Acople',$,(#2272));
#2274=PRESENTATION_STYLE_ASSIGNMENT((#2275));
#2275=SURFACE_STYLE_USAGE(.BOTH.,#2278);
#2276=SURFACE_STYLE_RENDERING_WITH_PROPERTIES($,#2282,(#2277));
#2277=SURFACE_STYLE_TRANSPARENT(0.);
#2278=SURFACE_SIDE_STYLE('',(#2279,#2276));
#2279=SURFACE_STYLE_FILL_AREA(#2280);
#2280=FILL_AREA_STYLE('',(#2281));
#2281=FILL_AREA_STYLE_COLOUR('',#2282);
#2282=COLOUR_RGB('',0.313725490196078,0.313725490196078,0.313725490196078);
ENDSEC;
END-ISO-10303-21;
