ISO-10303-21;
HEADER;
/* Generated by software containing ST-Developer
 * from STEP Tools, Inc. (www.steptools.com) 
 */

FILE_DESCRIPTION(
/* description */ (''),
/* implementation_level */ '2;1');

FILE_NAME(
/* name */ 'Segundo Acople.stp',
/* time_stamp */ '2025-09-30T16:28:47-03:00',
/* author */ ('bello'),
/* organization */ (''),
/* preprocessor_version */ 'ST-DEVELOPER v20.1',
/* originating_system */ 'Autodesk Inventor 2026',
/* authorisation */ '');

FILE_SCHEMA (('AUTOMOTIVE_DESIGN { 1 0 10303 214 3 1 1 }'));
ENDSEC;

DATA;
#10=MECHANICAL_DESIGN_GEOMETRIC_PRESENTATION_REPRESENTATION('',(#13),#3462);
#11=SHAPE_REPRESENTATION_RELATIONSHIP('SRR','None',#3469,#12);
#12=ADVANCED_BREP_SHAPE_REPRESENTATION('',(#14),#3461);
#13=STYLED_ITEM('',(#3478),#14);
#14=MANIFOLD_SOLID_BREP('S\X\F3lido1',#1929);
#15=FACE_BOUND('',#496,.T.);
#16=FACE_BOUND('',#500,.T.);
#17=FACE_BOUND('',#511,.T.);
#18=FACE_BOUND('',#512,.T.);
#19=TOROIDAL_SURFACE('',#2188,2.75,1.);
#20=TOROIDAL_SURFACE('',#2197,2.75,1.);
#21=B_SPLINE_CURVE_WITH_KNOTS('',3,(#3175,#3176,#3177,#3178,#3179,#3180,
#3181,#3182,#3183,#3184),.UNSPECIFIED.,.F.,.F.,(4,2,2,2,4),(0.635024878842633,
0.665674284961217,0.696719709855459,0.738902962865347,0.742254052535612),
 .UNSPECIFIED.);
#22=B_SPLINE_CURVE_WITH_KNOTS('',3,(#3186,#3187,#3188,#3189,#3190,#3191,
#3192,#3193,#3194,#3195),.UNSPECIFIED.,.F.,.F.,(4,2,2,2,4),(0.635024878842646,
0.665674284961233,0.696719709855476,0.738902962865366,0.742254052535626),
 .UNSPECIFIED.);
#23=SPHERICAL_SURFACE('',#1966,1.);
#24=SPHERICAL_SURFACE('',#1970,1.);
#25=SPHERICAL_SURFACE('',#1975,1.);
#26=SPHERICAL_SURFACE('',#1979,1.);
#27=SPHERICAL_SURFACE('',#1983,1.);
#28=SPHERICAL_SURFACE('',#1987,1.);
#29=SPHERICAL_SURFACE('',#1992,1.);
#30=SPHERICAL_SURFACE('',#1998,1.);
#31=SPHERICAL_SURFACE('',#2002,1.);
#32=SPHERICAL_SURFACE('',#2008,1.);
#33=SPHERICAL_SURFACE('',#2013,1.);
#34=SPHERICAL_SURFACE('',#2021,1.);
#35=SPHERICAL_SURFACE('',#2025,1.);
#36=SPHERICAL_SURFACE('',#2031,1.);
#37=SPHERICAL_SURFACE('',#2039,1.);
#38=SPHERICAL_SURFACE('',#2045,1.);
#39=SPHERICAL_SURFACE('',#2049,0.999999999999996);
#40=SPHERICAL_SURFACE('',#2053,1.);
#41=SPHERICAL_SURFACE('',#2059,0.999999999999998);
#42=SPHERICAL_SURFACE('',#2064,1.);
#43=SPHERICAL_SURFACE('',#2067,1.);
#44=SPHERICAL_SURFACE('',#2085,1.);
#45=SPHERICAL_SURFACE('',#2091,1.);
#46=SPHERICAL_SURFACE('',#2096,1.);
#47=SPHERICAL_SURFACE('',#2100,1.);
#48=SPHERICAL_SURFACE('',#2108,1.);
#49=SPHERICAL_SURFACE('',#2112,1.);
#50=SPHERICAL_SURFACE('',#2127,1.);
#51=SPHERICAL_SURFACE('',#2133,0.999999999999998);
#52=SPHERICAL_SURFACE('',#2137,0.999999999999996);
#53=SPHERICAL_SURFACE('',#2144,1.);
#54=SPHERICAL_SURFACE('',#2148,1.);
#55=SPHERICAL_SURFACE('',#2155,1.);
#56=SPHERICAL_SURFACE('',#2158,1.);
#57=CIRCLE('',#1961,1.);
#58=CIRCLE('',#1965,0.999999999999999);
#59=CIRCLE('',#1967,0.999999999999997);
#60=CIRCLE('',#1968,1.);
#61=CIRCLE('',#1969,1.);
#62=CIRCLE('',#1971,1.);
#63=CIRCLE('',#1972,1.);
#64=CIRCLE('',#1973,0.999999999999995);
#65=CIRCLE('',#1976,1.);
#66=CIRCLE('',#1977,1.);
#67=CIRCLE('',#1978,1.);
#68=CIRCLE('',#1980,1.);
#69=CIRCLE('',#1981,1.);
#70=CIRCLE('',#1982,0.999999999999997);
#71=CIRCLE('',#1984,0.999999999999995);
#72=CIRCLE('',#1985,1.);
#73=CIRCLE('',#1986,0.999999999999996);
#74=CIRCLE('',#1988,1.);
#75=CIRCLE('',#1989,1.);
#76=CIRCLE('',#1990,1.);
#77=CIRCLE('',#1993,1.);
#78=CIRCLE('',#1994,1.);
#79=CIRCLE('',#1995,1.);
#80=CIRCLE('',#1999,0.999999999999999);
#81=CIRCLE('',#2000,0.999999999999997);
#82=CIRCLE('',#2001,0.999999999999999);
#83=CIRCLE('',#2003,1.);
#84=CIRCLE('',#2004,1.);
#85=CIRCLE('',#2005,1.);
#86=CIRCLE('',#2009,1.00000000000001);
#87=CIRCLE('',#2010,1.);
#88=CIRCLE('',#2011,0.999999999999998);
#89=CIRCLE('',#2014,1.);
#90=CIRCLE('',#2015,1.);
#91=CIRCLE('',#2016,1.);
#92=CIRCLE('',#2022,1.);
#93=CIRCLE('',#2023,1.);
#94=CIRCLE('',#2024,1.);
#95=CIRCLE('',#2026,1.);
#96=CIRCLE('',#2027,1.);
#97=CIRCLE('',#2028,1.);
#98=CIRCLE('',#2032,0.999999999999998);
#99=CIRCLE('',#2033,1.);
#100=CIRCLE('',#2034,1.);
#101=CIRCLE('',#2040,0.999999999999996);
#102=CIRCLE('',#2041,1.);
#103=CIRCLE('',#2042,0.999999999999996);
#104=CIRCLE('',#2046,0.999999999999996);
#105=CIRCLE('',#2047,1.);
#106=CIRCLE('',#2048,0.999999999999996);
#107=CIRCLE('',#2050,0.999999999999997);
#108=CIRCLE('',#2051,0.999999999999996);
#109=CIRCLE('',#2052,1.);
#110=CIRCLE('',#2054,1.);
#111=CIRCLE('',#2055,1.);
#112=CIRCLE('',#2056,0.999999999999995);
#113=CIRCLE('',#2060,0.999999999999996);
#114=CIRCLE('',#2061,0.999999999999998);
#115=CIRCLE('',#2062,0.999999999999995);
#116=CIRCLE('',#2065,0.999999999999995);
#117=CIRCLE('',#2066,1.);
#118=CIRCLE('',#2068,1.);
#119=CIRCLE('',#2069,1.);
#120=CIRCLE('',#2070,1.);
#121=CIRCLE('',#2086,1.);
#122=CIRCLE('',#2087,1.);
#123=CIRCLE('',#2088,0.999999999999997);
#124=CIRCLE('',#2092,1.);
#125=CIRCLE('',#2093,1.);
#126=CIRCLE('',#2094,1.);
#127=CIRCLE('',#2097,0.999999999999999);
#128=CIRCLE('',#2098,1.);
#129=CIRCLE('',#2099,1.);
#130=CIRCLE('',#2101,1.);
#131=CIRCLE('',#2102,1.);
#132=CIRCLE('',#2103,1.);
#133=CIRCLE('',#2109,1.);
#134=CIRCLE('',#2110,0.999999999999997);
#135=CIRCLE('',#2111,1.);
#136=CIRCLE('',#2113,1.);
#137=CIRCLE('',#2114,1.);
#138=CIRCLE('',#2115,1.);
#139=CIRCLE('',#2128,0.999999999999996);
#140=CIRCLE('',#2129,1.);
#141=CIRCLE('',#2130,0.999999999999995);
#142=CIRCLE('',#2134,0.999999999999996);
#143=CIRCLE('',#2135,0.999999999999998);
#144=CIRCLE('',#2136,0.999999999999995);
#145=CIRCLE('',#2138,0.999999999999998);
#146=CIRCLE('',#2139,0.999999999999996);
#147=CIRCLE('',#2140,0.999999999999998);
#148=CIRCLE('',#2145,1.);
#149=CIRCLE('',#2146,1.);
#150=CIRCLE('',#2147,1.);
#151=CIRCLE('',#2149,0.999999999999995);
#152=CIRCLE('',#2150,1.);
#153=CIRCLE('',#2151,1.);
#154=CIRCLE('',#2156,0.999999999999998);
#155=CIRCLE('',#2157,1.);
#156=CIRCLE('',#2159,1.);
#157=CIRCLE('',#2160,1.);
#158=CIRCLE('',#2161,1.);
#159=CIRCLE('',#2189,2.75);
#160=CIRCLE('',#2190,1.);
#161=CIRCLE('',#2191,3.75);
#162=CIRCLE('',#2192,3.75);
#163=CIRCLE('',#2194,3.75);
#164=CIRCLE('',#2196,1.25);
#165=CIRCLE('',#2198,2.75);
#166=CIRCLE('',#2199,1.);
#167=CIRCLE('',#2200,3.75);
#168=CIRCLE('',#2201,3.75);
#169=CIRCLE('',#2203,3.75);
#170=CIRCLE('',#2205,1.25);
#171=CIRCLE('',#2207,1.25);
#172=CIRCLE('',#2210,1.25);
#173=CYLINDRICAL_SURFACE('',#1958,1.);
#174=CYLINDRICAL_SURFACE('',#1962,1.);
#175=CYLINDRICAL_SURFACE('',#1974,1.);
#176=CYLINDRICAL_SURFACE('',#1991,1.);
#177=CYLINDRICAL_SURFACE('',#1996,1.);
#178=CYLINDRICAL_SURFACE('',#1997,1.);
#179=CYLINDRICAL_SURFACE('',#2006,1.);
#180=CYLINDRICAL_SURFACE('',#2007,1.);
#181=CYLINDRICAL_SURFACE('',#2012,1.);
#182=CYLINDRICAL_SURFACE('',#2017,1.);
#183=CYLINDRICAL_SURFACE('',#2019,1.);
#184=CYLINDRICAL_SURFACE('',#2029,1.);
#185=CYLINDRICAL_SURFACE('',#2035,1.);
#186=CYLINDRICAL_SURFACE('',#2037,1.);
#187=CYLINDRICAL_SURFACE('',#2043,1.);
#188=CYLINDRICAL_SURFACE('',#2057,1.);
#189=CYLINDRICAL_SURFACE('',#2058,1.);
#190=CYLINDRICAL_SURFACE('',#2063,1.);
#191=CYLINDRICAL_SURFACE('',#2071,1.);
#192=CYLINDRICAL_SURFACE('',#2072,1.);
#193=CYLINDRICAL_SURFACE('',#2073,1.);
#194=CYLINDRICAL_SURFACE('',#2075,1.);
#195=CYLINDRICAL_SURFACE('',#2076,1.);
#196=CYLINDRICAL_SURFACE('',#2078,1.);
#197=CYLINDRICAL_SURFACE('',#2079,1.);
#198=CYLINDRICAL_SURFACE('',#2080,1.);
#199=CYLINDRICAL_SURFACE('',#2081,1.);
#200=CYLINDRICAL_SURFACE('',#2082,1.);
#201=CYLINDRICAL_SURFACE('',#2083,1.);
#202=CYLINDRICAL_SURFACE('',#2089,1.);
#203=CYLINDRICAL_SURFACE('',#2090,1.);
#204=CYLINDRICAL_SURFACE('',#2095,1.);
#205=CYLINDRICAL_SURFACE('',#2104,1.);
#206=CYLINDRICAL_SURFACE('',#2105,1.);
#207=CYLINDRICAL_SURFACE('',#2106,1.);
#208=CYLINDRICAL_SURFACE('',#2107,1.);
#209=CYLINDRICAL_SURFACE('',#2116,1.);
#210=CYLINDRICAL_SURFACE('',#2117,1.);
#211=CYLINDRICAL_SURFACE('',#2118,1.);
#212=CYLINDRICAL_SURFACE('',#2119,1.);
#213=CYLINDRICAL_SURFACE('',#2120,1.);
#214=CYLINDRICAL_SURFACE('',#2121,1.);
#215=CYLINDRICAL_SURFACE('',#2122,1.);
#216=CYLINDRICAL_SURFACE('',#2123,1.);
#217=CYLINDRICAL_SURFACE('',#2124,1.);
#218=CYLINDRICAL_SURFACE('',#2125,1.);
#219=CYLINDRICAL_SURFACE('',#2131,1.);
#220=CYLINDRICAL_SURFACE('',#2132,1.);
#221=CYLINDRICAL_SURFACE('',#2141,1.);
#222=CYLINDRICAL_SURFACE('',#2142,1.);
#223=CYLINDRICAL_SURFACE('',#2143,1.);
#224=CYLINDRICAL_SURFACE('',#2152,1.);
#225=CYLINDRICAL_SURFACE('',#2153,1.);
#226=CYLINDRICAL_SURFACE('',#2154,1.);
#227=CYLINDRICAL_SURFACE('',#2162,1.);
#228=CYLINDRICAL_SURFACE('',#2163,1.);
#229=CYLINDRICAL_SURFACE('',#2164,1.);
#230=CYLINDRICAL_SURFACE('',#2165,1.);
#231=CYLINDRICAL_SURFACE('',#2166,1.);
#232=CYLINDRICAL_SURFACE('',#2167,1.);
#233=CYLINDRICAL_SURFACE('',#2168,1.);
#234=CYLINDRICAL_SURFACE('',#2169,1.);
#235=CYLINDRICAL_SURFACE('',#2170,1.);
#236=CYLINDRICAL_SURFACE('',#2171,1.);
#237=CYLINDRICAL_SURFACE('',#2193,3.75);
#238=CYLINDRICAL_SURFACE('',#2202,3.75);
#239=CYLINDRICAL_SURFACE('',#2206,1.25);
#240=CYLINDRICAL_SURFACE('',#2209,1.25);
#241=FACE_OUTER_BOUND('',#375,.T.);
#242=FACE_OUTER_BOUND('',#376,.T.);
#243=FACE_OUTER_BOUND('',#377,.T.);
#244=FACE_OUTER_BOUND('',#378,.T.);
#245=FACE_OUTER_BOUND('',#379,.T.);
#246=FACE_OUTER_BOUND('',#380,.T.);
#247=FACE_OUTER_BOUND('',#381,.T.);
#248=FACE_OUTER_BOUND('',#382,.T.);
#249=FACE_OUTER_BOUND('',#383,.T.);
#250=FACE_OUTER_BOUND('',#384,.T.);
#251=FACE_OUTER_BOUND('',#385,.T.);
#252=FACE_OUTER_BOUND('',#386,.T.);
#253=FACE_OUTER_BOUND('',#387,.T.);
#254=FACE_OUTER_BOUND('',#388,.T.);
#255=FACE_OUTER_BOUND('',#389,.T.);
#256=FACE_OUTER_BOUND('',#390,.T.);
#257=FACE_OUTER_BOUND('',#391,.T.);
#258=FACE_OUTER_BOUND('',#392,.T.);
#259=FACE_OUTER_BOUND('',#393,.T.);
#260=FACE_OUTER_BOUND('',#394,.T.);
#261=FACE_OUTER_BOUND('',#395,.T.);
#262=FACE_OUTER_BOUND('',#396,.T.);
#263=FACE_OUTER_BOUND('',#397,.T.);
#264=FACE_OUTER_BOUND('',#398,.T.);
#265=FACE_OUTER_BOUND('',#399,.T.);
#266=FACE_OUTER_BOUND('',#400,.T.);
#267=FACE_OUTER_BOUND('',#401,.T.);
#268=FACE_OUTER_BOUND('',#402,.T.);
#269=FACE_OUTER_BOUND('',#403,.T.);
#270=FACE_OUTER_BOUND('',#404,.T.);
#271=FACE_OUTER_BOUND('',#405,.T.);
#272=FACE_OUTER_BOUND('',#406,.T.);
#273=FACE_OUTER_BOUND('',#407,.T.);
#274=FACE_OUTER_BOUND('',#408,.T.);
#275=FACE_OUTER_BOUND('',#409,.T.);
#276=FACE_OUTER_BOUND('',#410,.T.);
#277=FACE_OUTER_BOUND('',#411,.T.);
#278=FACE_OUTER_BOUND('',#412,.T.);
#279=FACE_OUTER_BOUND('',#413,.T.);
#280=FACE_OUTER_BOUND('',#414,.T.);
#281=FACE_OUTER_BOUND('',#415,.T.);
#282=FACE_OUTER_BOUND('',#416,.T.);
#283=FACE_OUTER_BOUND('',#417,.T.);
#284=FACE_OUTER_BOUND('',#418,.T.);
#285=FACE_OUTER_BOUND('',#419,.T.);
#286=FACE_OUTER_BOUND('',#420,.T.);
#287=FACE_OUTER_BOUND('',#421,.T.);
#288=FACE_OUTER_BOUND('',#422,.T.);
#289=FACE_OUTER_BOUND('',#423,.T.);
#290=FACE_OUTER_BOUND('',#424,.T.);
#291=FACE_OUTER_BOUND('',#425,.T.);
#292=FACE_OUTER_BOUND('',#426,.T.);
#293=FACE_OUTER_BOUND('',#427,.T.);
#294=FACE_OUTER_BOUND('',#428,.T.);
#295=FACE_OUTER_BOUND('',#429,.T.);
#296=FACE_OUTER_BOUND('',#430,.T.);
#297=FACE_OUTER_BOUND('',#431,.T.);
#298=FACE_OUTER_BOUND('',#432,.T.);
#299=FACE_OUTER_BOUND('',#433,.T.);
#300=FACE_OUTER_BOUND('',#434,.T.);
#301=FACE_OUTER_BOUND('',#435,.T.);
#302=FACE_OUTER_BOUND('',#436,.T.);
#303=FACE_OUTER_BOUND('',#437,.T.);
#304=FACE_OUTER_BOUND('',#438,.T.);
#305=FACE_OUTER_BOUND('',#439,.T.);
#306=FACE_OUTER_BOUND('',#440,.T.);
#307=FACE_OUTER_BOUND('',#441,.T.);
#308=FACE_OUTER_BOUND('',#442,.T.);
#309=FACE_OUTER_BOUND('',#443,.T.);
#310=FACE_OUTER_BOUND('',#444,.T.);
#311=FACE_OUTER_BOUND('',#445,.T.);
#312=FACE_OUTER_BOUND('',#446,.T.);
#313=FACE_OUTER_BOUND('',#447,.T.);
#314=FACE_OUTER_BOUND('',#448,.T.);
#315=FACE_OUTER_BOUND('',#449,.T.);
#316=FACE_OUTER_BOUND('',#450,.T.);
#317=FACE_OUTER_BOUND('',#451,.T.);
#318=FACE_OUTER_BOUND('',#452,.T.);
#319=FACE_OUTER_BOUND('',#453,.T.);
#320=FACE_OUTER_BOUND('',#454,.T.);
#321=FACE_OUTER_BOUND('',#455,.T.);
#322=FACE_OUTER_BOUND('',#456,.T.);
#323=FACE_OUTER_BOUND('',#457,.T.);
#324=FACE_OUTER_BOUND('',#458,.T.);
#325=FACE_OUTER_BOUND('',#459,.T.);
#326=FACE_OUTER_BOUND('',#460,.T.);
#327=FACE_OUTER_BOUND('',#461,.T.);
#328=FACE_OUTER_BOUND('',#462,.T.);
#329=FACE_OUTER_BOUND('',#463,.T.);
#330=FACE_OUTER_BOUND('',#464,.T.);
#331=FACE_OUTER_BOUND('',#465,.T.);
#332=FACE_OUTER_BOUND('',#466,.T.);
#333=FACE_OUTER_BOUND('',#467,.T.);
#334=FACE_OUTER_BOUND('',#468,.T.);
#335=FACE_OUTER_BOUND('',#469,.T.);
#336=FACE_OUTER_BOUND('',#470,.T.);
#337=FACE_OUTER_BOUND('',#471,.T.);
#338=FACE_OUTER_BOUND('',#472,.T.);
#339=FACE_OUTER_BOUND('',#473,.T.);
#340=FACE_OUTER_BOUND('',#474,.T.);
#341=FACE_OUTER_BOUND('',#475,.T.);
#342=FACE_OUTER_BOUND('',#476,.T.);
#343=FACE_OUTER_BOUND('',#477,.T.);
#344=FACE_OUTER_BOUND('',#478,.T.);
#345=FACE_OUTER_BOUND('',#479,.T.);
#346=FACE_OUTER_BOUND('',#480,.T.);
#347=FACE_OUTER_BOUND('',#481,.T.);
#348=FACE_OUTER_BOUND('',#482,.T.);
#349=FACE_OUTER_BOUND('',#483,.T.);
#350=FACE_OUTER_BOUND('',#484,.T.);
#351=FACE_OUTER_BOUND('',#485,.T.);
#352=FACE_OUTER_BOUND('',#486,.T.);
#353=FACE_OUTER_BOUND('',#487,.T.);
#354=FACE_OUTER_BOUND('',#488,.T.);
#355=FACE_OUTER_BOUND('',#489,.T.);
#356=FACE_OUTER_BOUND('',#490,.T.);
#357=FACE_OUTER_BOUND('',#491,.T.);
#358=FACE_OUTER_BOUND('',#492,.T.);
#359=FACE_OUTER_BOUND('',#493,.T.);
#360=FACE_OUTER_BOUND('',#494,.T.);
#361=FACE_OUTER_BOUND('',#495,.T.);
#362=FACE_OUTER_BOUND('',#497,.T.);
#363=FACE_OUTER_BOUND('',#498,.T.);
#364=FACE_OUTER_BOUND('',#499,.T.);
#365=FACE_OUTER_BOUND('',#501,.T.);
#366=FACE_OUTER_BOUND('',#502,.T.);
#367=FACE_OUTER_BOUND('',#503,.T.);
#368=FACE_OUTER_BOUND('',#504,.T.);
#369=FACE_OUTER_BOUND('',#505,.T.);
#370=FACE_OUTER_BOUND('',#506,.T.);
#371=FACE_OUTER_BOUND('',#507,.T.);
#372=FACE_OUTER_BOUND('',#508,.T.);
#373=FACE_OUTER_BOUND('',#509,.T.);
#374=FACE_OUTER_BOUND('',#510,.T.);
#375=EDGE_LOOP('',(#1221,#1222,#1223,#1224,#1225));
#376=EDGE_LOOP('',(#1226,#1227,#1228,#1229));
#377=EDGE_LOOP('',(#1230,#1231,#1232,#1233,#1234));
#378=EDGE_LOOP('',(#1235,#1236,#1237,#1238));
#379=EDGE_LOOP('',(#1239,#1240,#1241,#1242,#1243));
#380=EDGE_LOOP('',(#1244,#1245,#1246,#1247,#1248));
#381=EDGE_LOOP('',(#1249,#1250,#1251));
#382=EDGE_LOOP('',(#1252,#1253,#1254));
#383=EDGE_LOOP('',(#1255,#1256,#1257,#1258));
#384=EDGE_LOOP('',(#1259,#1260,#1261));
#385=EDGE_LOOP('',(#1262,#1263,#1264));
#386=EDGE_LOOP('',(#1265,#1266,#1267));
#387=EDGE_LOOP('',(#1268,#1269,#1270));
#388=EDGE_LOOP('',(#1271,#1272,#1273,#1274));
#389=EDGE_LOOP('',(#1275,#1276,#1277));
#390=EDGE_LOOP('',(#1278,#1279,#1280,#1281));
#391=EDGE_LOOP('',(#1282,#1283,#1284,#1285));
#392=EDGE_LOOP('',(#1286,#1287,#1288));
#393=EDGE_LOOP('',(#1289,#1290,#1291));
#394=EDGE_LOOP('',(#1292,#1293,#1294,#1295));
#395=EDGE_LOOP('',(#1296,#1297,#1298,#1299));
#396=EDGE_LOOP('',(#1300,#1301,#1302));
#397=EDGE_LOOP('',(#1303,#1304,#1305,#1306));
#398=EDGE_LOOP('',(#1307,#1308,#1309));
#399=EDGE_LOOP('',(#1310,#1311,#1312,#1313));
#400=EDGE_LOOP('',(#1314,#1315,#1316,#1317));
#401=EDGE_LOOP('',(#1318,#1319,#1320));
#402=EDGE_LOOP('',(#1321,#1322,#1323));
#403=EDGE_LOOP('',(#1324,#1325,#1326,#1327));
#404=EDGE_LOOP('',(#1328,#1329,#1330));
#405=EDGE_LOOP('',(#1331,#1332,#1333,#1334));
#406=EDGE_LOOP('',(#1335,#1336,#1337,#1338));
#407=EDGE_LOOP('',(#1339,#1340,#1341));
#408=EDGE_LOOP('',(#1342,#1343,#1344,#1345));
#409=EDGE_LOOP('',(#1346,#1347,#1348));
#410=EDGE_LOOP('',(#1349,#1350,#1351));
#411=EDGE_LOOP('',(#1352,#1353,#1354));
#412=EDGE_LOOP('',(#1355,#1356,#1357,#1358));
#413=EDGE_LOOP('',(#1359,#1360,#1361,#1362));
#414=EDGE_LOOP('',(#1363,#1364,#1365));
#415=EDGE_LOOP('',(#1366,#1367,#1368,#1369));
#416=EDGE_LOOP('',(#1370,#1371,#1372));
#417=EDGE_LOOP('',(#1373,#1374,#1375));
#418=EDGE_LOOP('',(#1376,#1377,#1378,#1379));
#419=EDGE_LOOP('',(#1380,#1381,#1382,#1383));
#420=EDGE_LOOP('',(#1384,#1385,#1386,#1387));
#421=EDGE_LOOP('',(#1388,#1389,#1390,#1391));
#422=EDGE_LOOP('',(#1392,#1393,#1394,#1395));
#423=EDGE_LOOP('',(#1396,#1397,#1398,#1399));
#424=EDGE_LOOP('',(#1400,#1401,#1402,#1403));
#425=EDGE_LOOP('',(#1404,#1405,#1406,#1407,#1408));
#426=EDGE_LOOP('',(#1409,#1410,#1411,#1412,#1413,#1414));
#427=EDGE_LOOP('',(#1415,#1416,#1417,#1418));
#428=EDGE_LOOP('',(#1419,#1420,#1421,#1422));
#429=EDGE_LOOP('',(#1423,#1424,#1425));
#430=EDGE_LOOP('',(#1426,#1427,#1428,#1429));
#431=EDGE_LOOP('',(#1430,#1431,#1432,#1433));
#432=EDGE_LOOP('',(#1434,#1435,#1436));
#433=EDGE_LOOP('',(#1437,#1438,#1439,#1440));
#434=EDGE_LOOP('',(#1441,#1442,#1443));
#435=EDGE_LOOP('',(#1444,#1445,#1446));
#436=EDGE_LOOP('',(#1447,#1448,#1449,#1450));
#437=EDGE_LOOP('',(#1451,#1452,#1453,#1454));
#438=EDGE_LOOP('',(#1455,#1456,#1457,#1458));
#439=EDGE_LOOP('',(#1459,#1460,#1461,#1462));
#440=EDGE_LOOP('',(#1463,#1464,#1465));
#441=EDGE_LOOP('',(#1466,#1467,#1468));
#442=EDGE_LOOP('',(#1469,#1470,#1471,#1472));
#443=EDGE_LOOP('',(#1473,#1474,#1475,#1476));
#444=EDGE_LOOP('',(#1477,#1478,#1479,#1480,#1481,#1482));
#445=EDGE_LOOP('',(#1483,#1484,#1485,#1486));
#446=EDGE_LOOP('',(#1487,#1488,#1489,#1490));
#447=EDGE_LOOP('',(#1491,#1492,#1493,#1494));
#448=EDGE_LOOP('',(#1495,#1496,#1497,#1498));
#449=EDGE_LOOP('',(#1499,#1500,#1501,#1502));
#450=EDGE_LOOP('',(#1503,#1504,#1505,#1506));
#451=EDGE_LOOP('',(#1507,#1508,#1509,#1510));
#452=EDGE_LOOP('',(#1511,#1512,#1513));
#453=EDGE_LOOP('',(#1514,#1515,#1516,#1517));
#454=EDGE_LOOP('',(#1518,#1519,#1520,#1521));
#455=EDGE_LOOP('',(#1522,#1523,#1524));
#456=EDGE_LOOP('',(#1525,#1526,#1527));
#457=EDGE_LOOP('',(#1528,#1529,#1530,#1531));
#458=EDGE_LOOP('',(#1532,#1533,#1534,#1535));
#459=EDGE_LOOP('',(#1536,#1537,#1538,#1539,#1540));
#460=EDGE_LOOP('',(#1541,#1542,#1543));
#461=EDGE_LOOP('',(#1544,#1545,#1546));
#462=EDGE_LOOP('',(#1547,#1548,#1549,#1550));
#463=EDGE_LOOP('',(#1551,#1552,#1553,#1554));
#464=EDGE_LOOP('',(#1555,#1556,#1557,#1558));
#465=EDGE_LOOP('',(#1559,#1560,#1561));
#466=EDGE_LOOP('',(#1562,#1563,#1564));
#467=EDGE_LOOP('',(#1565,#1566,#1567,#1568));
#468=EDGE_LOOP('',(#1569,#1570,#1571,#1572));
#469=EDGE_LOOP('',(#1573,#1574,#1575,#1576));
#470=EDGE_LOOP('',(#1577,#1578,#1579,#1580));
#471=EDGE_LOOP('',(#1581,#1582,#1583,#1584));
#472=EDGE_LOOP('',(#1585,#1586,#1587,#1588));
#473=EDGE_LOOP('',(#1589,#1590,#1591,#1592));
#474=EDGE_LOOP('',(#1593,#1594,#1595,#1596));
#475=EDGE_LOOP('',(#1597,#1598,#1599,#1600));
#476=EDGE_LOOP('',(#1601,#1602,#1603,#1604));
#477=EDGE_LOOP('',(#1605,#1606,#1607,#1608));
#478=EDGE_LOOP('',(#1609,#1610,#1611,#1612));
#479=EDGE_LOOP('',(#1613,#1614,#1615,#1616));
#480=EDGE_LOOP('',(#1617,#1618,#1619,#1620));
#481=EDGE_LOOP('',(#1621,#1622,#1623,#1624,#1625));
#482=EDGE_LOOP('',(#1626,#1627,#1628,#1629,#1630,#1631,#1632,#1633,#1634,
#1635,#1636,#1637,#1638,#1639,#1640,#1641,#1642,#1643,#1644,#1645));
#483=EDGE_LOOP('',(#1646,#1647,#1648,#1649));
#484=EDGE_LOOP('',(#1650,#1651,#1652,#1653,#1654));
#485=EDGE_LOOP('',(#1655,#1656,#1657,#1658));
#486=EDGE_LOOP('',(#1659,#1660,#1661,#1662));
#487=EDGE_LOOP('',(#1663,#1664,#1665,#1666,#1667));
#488=EDGE_LOOP('',(#1668,#1669,#1670,#1671,#1672));
#489=EDGE_LOOP('',(#1673,#1674,#1675,#1676));
#490=EDGE_LOOP('',(#1677,#1678,#1679,#1680));
#491=EDGE_LOOP('',(#1681,#1682,#1683,#1684,#1685));
#492=EDGE_LOOP('',(#1686,#1687,#1688,#1689,#1690));
#493=EDGE_LOOP('',(#1691,#1692,#1693,#1694,#1695));
#494=EDGE_LOOP('',(#1696,#1697,#1698,#1699,#1700));
#495=EDGE_LOOP('',(#1701));
#496=EDGE_LOOP('',(#1702));
#497=EDGE_LOOP('',(#1703,#1704,#1705,#1706,#1707));
#498=EDGE_LOOP('',(#1708,#1709,#1710,#1711,#1712));
#499=EDGE_LOOP('',(#1713));
#500=EDGE_LOOP('',(#1714));
#501=EDGE_LOOP('',(#1715,#1716,#1717,#1718));
#502=EDGE_LOOP('',(#1719));
#503=EDGE_LOOP('',(#1720,#1721,#1722,#1723));
#504=EDGE_LOOP('',(#1724));
#505=EDGE_LOOP('',(#1725,#1726,#1727,#1728));
#506=EDGE_LOOP('',(#1729,#1730,#1731,#1732));
#507=EDGE_LOOP('',(#1733,#1734,#1735,#1736));
#508=EDGE_LOOP('',(#1737,#1738,#1739,#1740));
#509=EDGE_LOOP('',(#1741,#1742,#1743,#1744));
#510=EDGE_LOOP('',(#1745,#1746,#1747,#1748,#1749,#1750,#1751,#1752,#1753,
#1754,#1755,#1756,#1757,#1758,#1759,#1760,#1761,#1762));
#511=EDGE_LOOP('',(#1763));
#512=EDGE_LOOP('',(#1764));
#513=ELLIPSE('',#1953,1.66666666666667,1.);
#514=ELLIPSE('',#1956,1.66666666666666,1.);
#515=ELLIPSE('',#1959,2.12498222160571,1.);
#516=ELLIPSE('',#1960,1.41421356237309,1.);
#517=ELLIPSE('',#1963,2.12498222160572,1.);
#518=ELLIPSE('',#1964,1.41421356237309,1.);
#519=ELLIPSE('',#2018,1.41421356237306,1.);
#520=ELLIPSE('',#2020,1.05409255338946,1.);
#521=ELLIPSE('',#2030,1.4142135623731,1.);
#522=ELLIPSE('',#2036,1.41421356237309,1.);
#523=ELLIPSE('',#2038,1.41421356237306,1.);
#524=ELLIPSE('',#2044,1.4142135623731,1.);
#525=ELLIPSE('',#2074,1.4142135623731,1.);
#526=ELLIPSE('',#2077,1.41421356237312,1.);
#527=ELLIPSE('',#2084,1.05409255338946,1.);
#528=ELLIPSE('',#2126,1.41421356237312,1.);
#529=LINE('',#2894,#667);
#530=LINE('',#2896,#668);
#531=LINE('',#2898,#669);
#532=LINE('',#2900,#670);
#533=LINE('',#2905,#671);
#534=LINE('',#2907,#672);
#535=LINE('',#2909,#673);
#536=LINE('',#2910,#674);
#537=LINE('',#2914,#675);
#538=LINE('',#2916,#676);
#539=LINE('',#2918,#677);
#540=LINE('',#2920,#678);
#541=LINE('',#2925,#679);
#542=LINE('',#2927,#680);
#543=LINE('',#2929,#681);
#544=LINE('',#2930,#682);
#545=LINE('',#2937,#683);
#546=LINE('',#2945,#684);
#547=LINE('',#2962,#685);
#548=LINE('',#2963,#686);
#549=LINE('',#2993,#687);
#550=LINE('',#2994,#688);
#551=LINE('',#3003,#689);
#552=LINE('',#3004,#690);
#553=LINE('',#3006,#691);
#554=LINE('',#3007,#692);
#555=LINE('',#3023,#693);
#556=LINE('',#3024,#694);
#557=LINE('',#3026,#695);
#558=LINE('',#3027,#696);
#559=LINE('',#3035,#697);
#560=LINE('',#3036,#698);
#561=LINE('',#3046,#699);
#562=LINE('',#3048,#700);
#563=LINE('',#3052,#701);
#564=LINE('',#3070,#702);
#565=LINE('',#3072,#703);
#566=LINE('',#3083,#704);
#567=LINE('',#3086,#705);
#568=LINE('',#3089,#706);
#569=LINE('',#3092,#707);
#570=LINE('',#3101,#708);
#571=LINE('',#3104,#709);
#572=LINE('',#3125,#710);
#573=LINE('',#3126,#711);
#574=LINE('',#3128,#712);
#575=LINE('',#3129,#713);
#576=LINE('',#3137,#714);
#577=LINE('',#3150,#715);
#578=LINE('',#3151,#716);
#579=LINE('',#3153,#717);
#580=LINE('',#3154,#718);
#581=LINE('',#3157,#719);
#582=LINE('',#3159,#720);
#583=LINE('',#3162,#721);
#584=LINE('',#3165,#722);
#585=LINE('',#3167,#723);
#586=LINE('',#3170,#724);
#587=LINE('',#3171,#725);
#588=LINE('',#3173,#726);
#589=LINE('',#3196,#727);
#590=LINE('',#3197,#728);
#591=LINE('',#3199,#729);
#592=LINE('',#3200,#730);
#593=LINE('',#3203,#731);
#594=LINE('',#3213,#732);
#595=LINE('',#3214,#733);
#596=LINE('',#3216,#734);
#597=LINE('',#3217,#735);
#598=LINE('',#3226,#736);
#599=LINE('',#3227,#737);
#600=LINE('',#3243,#738);
#601=LINE('',#3244,#739);
#602=LINE('',#3246,#740);
#603=LINE('',#3247,#741);
#604=LINE('',#3249,#742);
#605=LINE('',#3250,#743);
#606=LINE('',#3252,#744);
#607=LINE('',#3253,#745);
#608=LINE('',#3269,#746);
#609=LINE('',#3270,#747);
#610=LINE('',#3272,#748);
#611=LINE('',#3273,#749);
#612=LINE('',#3275,#750);
#613=LINE('',#3276,#751);
#614=LINE('',#3278,#752);
#615=LINE('',#3279,#753);
#616=LINE('',#3281,#754);
#617=LINE('',#3282,#755);
#618=LINE('',#3284,#756);
#619=LINE('',#3285,#757);
#620=LINE('',#3287,#758);
#621=LINE('',#3288,#759);
#622=LINE('',#3290,#760);
#623=LINE('',#3291,#761);
#624=LINE('',#3293,#762);
#625=LINE('',#3294,#763);
#626=LINE('',#3297,#764);
#627=LINE('',#3299,#765);
#628=LINE('',#3309,#766);
#629=LINE('',#3310,#767);
#630=LINE('',#3312,#768);
#631=LINE('',#3313,#769);
#632=LINE('',#3326,#770);
#633=LINE('',#3328,#771);
#634=LINE('',#3345,#772);
#635=LINE('',#3346,#773);
#636=LINE('',#3348,#774);
#637=LINE('',#3349,#775);
#638=LINE('',#3351,#776);
#639=LINE('',#3352,#777);
#640=LINE('',#3365,#778);
#641=LINE('',#3366,#779);
#642=LINE('',#3368,#780);
#643=LINE('',#3369,#781);
#644=LINE('',#3371,#782);
#645=LINE('',#3372,#783);
#646=LINE('',#3374,#784);
#647=LINE('',#3376,#785);
#648=LINE('',#3377,#786);
#649=LINE('',#3379,#787);
#650=LINE('',#3380,#788);
#651=LINE('',#3382,#789);
#652=LINE('',#3383,#790);
#653=LINE('',#3385,#791);
#654=LINE('',#3386,#792);
#655=LINE('',#3388,#793);
#656=LINE('',#3389,#794);
#657=LINE('',#3391,#795);
#658=LINE('',#3392,#796);
#659=LINE('',#3394,#797);
#660=LINE('',#3396,#798);
#661=LINE('',#3421,#799);
#662=LINE('',#3436,#800);
#663=LINE('',#3443,#801);
#664=LINE('',#3448,#802);
#665=LINE('',#3453,#803);
#666=LINE('',#3455,#804);
#667=VECTOR('',#2222,10.);
#668=VECTOR('',#2223,10.);
#669=VECTOR('',#2224,10.);
#670=VECTOR('',#2225,10.);
#671=VECTOR('',#2230,10.);
#672=VECTOR('',#2231,10.);
#673=VECTOR('',#2232,10.);
#674=VECTOR('',#2233,10.);
#675=VECTOR('',#2236,10.);
#676=VECTOR('',#2237,10.);
#677=VECTOR('',#2238,10.);
#678=VECTOR('',#2239,10.);
#679=VECTOR('',#2244,10.);
#680=VECTOR('',#2245,10.);
#681=VECTOR('',#2246,10.);
#682=VECTOR('',#2247,10.);
#683=VECTOR('',#2254,10.);
#684=VECTOR('',#2263,10.);
#685=VECTOR('',#2284,10.);
#686=VECTOR('',#2285,10.);
#687=VECTOR('',#2320,10.);
#688=VECTOR('',#2321,10.);
#689=VECTOR('',#2332,10.);
#690=VECTOR('',#2333,10.);
#691=VECTOR('',#2336,10.);
#692=VECTOR('',#2337,10.);
#693=VECTOR('',#2356,10.);
#694=VECTOR('',#2357,10.);
#695=VECTOR('',#2360,10.);
#696=VECTOR('',#2361,10.);
#697=VECTOR('',#2372,10.);
#698=VECTOR('',#2373,10.);
#699=VECTOR('',#2384,10.);
#700=VECTOR('',#2385,10.);
#701=VECTOR('',#2390,10.);
#702=VECTOR('',#2411,10.);
#703=VECTOR('',#2412,10.);
#704=VECTOR('',#2425,10.);
#705=VECTOR('',#2428,10.);
#706=VECTOR('',#2431,10.);
#707=VECTOR('',#2434,10.);
#708=VECTOR('',#2445,10.);
#709=VECTOR('',#2448,10.);
#710=VECTOR('',#2475,10.);
#711=VECTOR('',#2476,10.);
#712=VECTOR('',#2479,10.);
#713=VECTOR('',#2480,10.);
#714=VECTOR('',#2491,10.);
#715=VECTOR('',#2508,10.);
#716=VECTOR('',#2509,10.);
#717=VECTOR('',#2512,10.);
#718=VECTOR('',#2513,10.);
#719=VECTOR('',#2516,10.);
#720=VECTOR('',#2517,10.);
#721=VECTOR('',#2522,10.);
#722=VECTOR('',#2525,10.);
#723=VECTOR('',#2526,10.);
#724=VECTOR('',#2531,10.);
#725=VECTOR('',#2532,10.);
#726=VECTOR('',#2535,10.);
#727=VECTOR('',#2540,10.);
#728=VECTOR('',#2541,10.);
#729=VECTOR('',#2544,10.);
#730=VECTOR('',#2545,10.);
#731=VECTOR('',#2548,10.);
#732=VECTOR('',#2561,10.);
#733=VECTOR('',#2562,10.);
#734=VECTOR('',#2565,10.);
#735=VECTOR('',#2566,10.);
#736=VECTOR('',#2577,10.);
#737=VECTOR('',#2578,10.);
#738=VECTOR('',#2597,10.);
#739=VECTOR('',#2598,10.);
#740=VECTOR('',#2601,10.);
#741=VECTOR('',#2602,10.);
#742=VECTOR('',#2605,10.);
#743=VECTOR('',#2606,10.);
#744=VECTOR('',#2609,10.);
#745=VECTOR('',#2610,10.);
#746=VECTOR('',#2629,10.);
#747=VECTOR('',#2630,10.);
#748=VECTOR('',#2633,10.);
#749=VECTOR('',#2634,10.);
#750=VECTOR('',#2637,10.);
#751=VECTOR('',#2638,10.);
#752=VECTOR('',#2641,10.);
#753=VECTOR('',#2642,10.);
#754=VECTOR('',#2645,10.);
#755=VECTOR('',#2646,10.);
#756=VECTOR('',#2649,10.);
#757=VECTOR('',#2650,10.);
#758=VECTOR('',#2653,10.);
#759=VECTOR('',#2654,10.);
#760=VECTOR('',#2657,10.);
#761=VECTOR('',#2658,10.);
#762=VECTOR('',#2661,10.);
#763=VECTOR('',#2662,10.);
#764=VECTOR('',#2665,10.);
#765=VECTOR('',#2666,10.);
#766=VECTOR('',#2679,10.);
#767=VECTOR('',#2680,10.);
#768=VECTOR('',#2683,10.);
#769=VECTOR('',#2684,10.);
#770=VECTOR('',#2703,10.);
#771=VECTOR('',#2706,10.);
#772=VECTOR('',#2727,10.);
#773=VECTOR('',#2728,10.);
#774=VECTOR('',#2731,10.);
#775=VECTOR('',#2732,10.);
#776=VECTOR('',#2735,10.);
#777=VECTOR('',#2736,10.);
#778=VECTOR('',#2753,10.);
#779=VECTOR('',#2754,10.);
#780=VECTOR('',#2757,10.);
#781=VECTOR('',#2758,10.);
#782=VECTOR('',#2761,10.);
#783=VECTOR('',#2762,10.);
#784=VECTOR('',#2765,10.);
#785=VECTOR('',#2768,10.);
#786=VECTOR('',#2769,10.);
#787=VECTOR('',#2772,10.);
#788=VECTOR('',#2773,10.);
#789=VECTOR('',#2776,10.);
#790=VECTOR('',#2777,10.);
#791=VECTOR('',#2780,10.);
#792=VECTOR('',#2781,10.);
#793=VECTOR('',#2784,10.);
#794=VECTOR('',#2785,10.);
#795=VECTOR('',#2788,10.);
#796=VECTOR('',#2789,10.);
#797=VECTOR('',#2792,10.);
#798=VECTOR('',#2795,10.);
#799=VECTOR('',#2836,3.75);
#800=VECTOR('',#2855,3.75);
#801=VECTOR('',#2864,1.25);
#802=VECTOR('',#2871,1.25);
#803=VECTOR('',#2880,10.);
#804=VECTOR('',#2883,10.);
#805=VERTEX_POINT('',#2892);
#806=VERTEX_POINT('',#2893);
#807=VERTEX_POINT('',#2895);
#808=VERTEX_POINT('',#2897);
#809=VERTEX_POINT('',#2899);
#810=VERTEX_POINT('',#2903);
#811=VERTEX_POINT('',#2904);
#812=VERTEX_POINT('',#2906);
#813=VERTEX_POINT('',#2908);
#814=VERTEX_POINT('',#2912);
#815=VERTEX_POINT('',#2913);
#816=VERTEX_POINT('',#2915);
#817=VERTEX_POINT('',#2917);
#818=VERTEX_POINT('',#2919);
#819=VERTEX_POINT('',#2923);
#820=VERTEX_POINT('',#2924);
#821=VERTEX_POINT('',#2926);
#822=VERTEX_POINT('',#2928);
#823=VERTEX_POINT('',#2932);
#824=VERTEX_POINT('',#2934);
#825=VERTEX_POINT('',#2936);
#826=VERTEX_POINT('',#2940);
#827=VERTEX_POINT('',#2942);
#828=VERTEX_POINT('',#2944);
#829=VERTEX_POINT('',#2948);
#830=VERTEX_POINT('',#2949);
#831=VERTEX_POINT('',#2951);
#832=VERTEX_POINT('',#2955);
#833=VERTEX_POINT('',#2956);
#834=VERTEX_POINT('',#2958);
#835=VERTEX_POINT('',#2965);
#836=VERTEX_POINT('',#2966);
#837=VERTEX_POINT('',#2968);
#838=VERTEX_POINT('',#2972);
#839=VERTEX_POINT('',#2973);
#840=VERTEX_POINT('',#2975);
#841=VERTEX_POINT('',#2979);
#842=VERTEX_POINT('',#2980);
#843=VERTEX_POINT('',#2982);
#844=VERTEX_POINT('',#2986);
#845=VERTEX_POINT('',#2987);
#846=VERTEX_POINT('',#2989);
#847=VERTEX_POINT('',#2996);
#848=VERTEX_POINT('',#2997);
#849=VERTEX_POINT('',#2999);
#850=VERTEX_POINT('',#3009);
#851=VERTEX_POINT('',#3010);
#852=VERTEX_POINT('',#3012);
#853=VERTEX_POINT('',#3016);
#854=VERTEX_POINT('',#3017);
#855=VERTEX_POINT('',#3019);
#856=VERTEX_POINT('',#3029);
#857=VERTEX_POINT('',#3031);
#858=VERTEX_POINT('',#3038);
#859=VERTEX_POINT('',#3039);
#860=VERTEX_POINT('',#3041);
#861=VERTEX_POINT('',#3045);
#862=VERTEX_POINT('',#3047);
#863=VERTEX_POINT('',#3051);
#864=VERTEX_POINT('',#3055);
#865=VERTEX_POINT('',#3056);
#866=VERTEX_POINT('',#3058);
#867=VERTEX_POINT('',#3062);
#868=VERTEX_POINT('',#3063);
#869=VERTEX_POINT('',#3065);
#870=VERTEX_POINT('',#3069);
#871=VERTEX_POINT('',#3071);
#872=VERTEX_POINT('',#3075);
#873=VERTEX_POINT('',#3076);
#874=VERTEX_POINT('',#3078);
#875=VERTEX_POINT('',#3082);
#876=VERTEX_POINT('',#3084);
#877=VERTEX_POINT('',#3088);
#878=VERTEX_POINT('',#3090);
#879=VERTEX_POINT('',#3094);
#880=VERTEX_POINT('',#3096);
#881=VERTEX_POINT('',#3100);
#882=VERTEX_POINT('',#3102);
#883=VERTEX_POINT('',#3106);
#884=VERTEX_POINT('',#3107);
#885=VERTEX_POINT('',#3109);
#886=VERTEX_POINT('',#3114);
#887=VERTEX_POINT('',#3118);
#888=VERTEX_POINT('',#3119);
#889=VERTEX_POINT('',#3121);
#890=VERTEX_POINT('',#3131);
#891=VERTEX_POINT('',#3132);
#892=VERTEX_POINT('',#3139);
#893=VERTEX_POINT('',#3143);
#894=VERTEX_POINT('',#3144);
#895=VERTEX_POINT('',#3146);
#896=VERTEX_POINT('',#3156);
#897=VERTEX_POINT('',#3158);
#898=VERTEX_POINT('',#3164);
#899=VERTEX_POINT('',#3166);
#900=VERTEX_POINT('',#3202);
#901=VERTEX_POINT('',#3206);
#902=VERTEX_POINT('',#3207);
#903=VERTEX_POINT('',#3209);
#904=VERTEX_POINT('',#3219);
#905=VERTEX_POINT('',#3220);
#906=VERTEX_POINT('',#3222);
#907=VERTEX_POINT('',#3229);
#908=VERTEX_POINT('',#3230);
#909=VERTEX_POINT('',#3232);
#910=VERTEX_POINT('',#3236);
#911=VERTEX_POINT('',#3237);
#912=VERTEX_POINT('',#3239);
#913=VERTEX_POINT('',#3255);
#914=VERTEX_POINT('',#3256);
#915=VERTEX_POINT('',#3258);
#916=VERTEX_POINT('',#3262);
#917=VERTEX_POINT('',#3263);
#918=VERTEX_POINT('',#3265);
#919=VERTEX_POINT('',#3296);
#920=VERTEX_POINT('',#3298);
#921=VERTEX_POINT('',#3302);
#922=VERTEX_POINT('',#3303);
#923=VERTEX_POINT('',#3305);
#924=VERTEX_POINT('',#3315);
#925=VERTEX_POINT('',#3316);
#926=VERTEX_POINT('',#3322);
#927=VERTEX_POINT('',#3331);
#928=VERTEX_POINT('',#3332);
#929=VERTEX_POINT('',#3334);
#930=VERTEX_POINT('',#3338);
#931=VERTEX_POINT('',#3339);
#932=VERTEX_POINT('',#3341);
#933=VERTEX_POINT('',#3354);
#934=VERTEX_POINT('',#3358);
#935=VERTEX_POINT('',#3359);
#936=VERTEX_POINT('',#3361);
#937=VERTEX_POINT('',#3412);
#938=VERTEX_POINT('',#3414);
#939=VERTEX_POINT('',#3416);
#940=VERTEX_POINT('',#3420);
#941=VERTEX_POINT('',#3424);
#942=VERTEX_POINT('',#3427);
#943=VERTEX_POINT('',#3429);
#944=VERTEX_POINT('',#3431);
#945=VERTEX_POINT('',#3435);
#946=VERTEX_POINT('',#3439);
#947=VERTEX_POINT('',#3442);
#948=VERTEX_POINT('',#3447);
#949=EDGE_CURVE('',#805,#806,#529,.T.);
#950=EDGE_CURVE('',#807,#805,#530,.T.);
#951=EDGE_CURVE('',#808,#807,#531,.T.);
#952=EDGE_CURVE('',#808,#809,#532,.T.);
#953=EDGE_CURVE('',#806,#809,#513,.T.);
#954=EDGE_CURVE('',#810,#811,#533,.T.);
#955=EDGE_CURVE('',#812,#810,#534,.T.);
#956=EDGE_CURVE('',#813,#812,#535,.T.);
#957=EDGE_CURVE('',#811,#813,#536,.T.);
#958=EDGE_CURVE('',#814,#815,#537,.T.);
#959=EDGE_CURVE('',#816,#814,#538,.T.);
#960=EDGE_CURVE('',#817,#816,#539,.T.);
#961=EDGE_CURVE('',#817,#818,#540,.T.);
#962=EDGE_CURVE('',#815,#818,#514,.T.);
#963=EDGE_CURVE('',#819,#820,#541,.T.);
#964=EDGE_CURVE('',#821,#819,#542,.T.);
#965=EDGE_CURVE('',#822,#821,#543,.T.);
#966=EDGE_CURVE('',#820,#822,#544,.T.);
#967=EDGE_CURVE('',#823,#810,#515,.T.);
#968=EDGE_CURVE('',#824,#823,#516,.T.);
#969=EDGE_CURVE('',#824,#825,#545,.T.);
#970=EDGE_CURVE('',#812,#825,#57,.T.);
#971=EDGE_CURVE('',#826,#819,#517,.T.);
#972=EDGE_CURVE('',#827,#826,#518,.T.);
#973=EDGE_CURVE('',#827,#828,#546,.T.);
#974=EDGE_CURVE('',#821,#828,#58,.T.);
#975=EDGE_CURVE('',#829,#830,#59,.F.);
#976=EDGE_CURVE('',#831,#829,#60,.F.);
#977=EDGE_CURVE('',#830,#831,#61,.F.);
#978=EDGE_CURVE('',#832,#833,#62,.F.);
#979=EDGE_CURVE('',#834,#832,#63,.F.);
#980=EDGE_CURVE('',#833,#834,#64,.F.);
#981=EDGE_CURVE('',#832,#830,#547,.T.);
#982=EDGE_CURVE('',#831,#834,#548,.T.);
#983=EDGE_CURVE('',#835,#836,#65,.F.);
#984=EDGE_CURVE('',#837,#835,#66,.F.);
#985=EDGE_CURVE('',#836,#837,#67,.F.);
#986=EDGE_CURVE('',#838,#839,#68,.F.);
#987=EDGE_CURVE('',#840,#838,#69,.F.);
#988=EDGE_CURVE('',#839,#840,#70,.F.);
#989=EDGE_CURVE('',#841,#842,#71,.F.);
#990=EDGE_CURVE('',#843,#841,#72,.F.);
#991=EDGE_CURVE('',#842,#843,#73,.F.);
#992=EDGE_CURVE('',#844,#845,#74,.F.);
#993=EDGE_CURVE('',#846,#844,#75,.F.);
#994=EDGE_CURVE('',#845,#846,#76,.F.);
#995=EDGE_CURVE('',#844,#833,#549,.T.);
#996=EDGE_CURVE('',#834,#846,#550,.T.);
#997=EDGE_CURVE('',#847,#848,#77,.F.);
#998=EDGE_CURVE('',#849,#847,#78,.F.);
#999=EDGE_CURVE('',#848,#849,#79,.F.);
#1000=EDGE_CURVE('',#838,#849,#551,.T.);
#1001=EDGE_CURVE('',#847,#840,#552,.T.);
#1002=EDGE_CURVE('',#849,#832,#553,.T.);
#1003=EDGE_CURVE('',#833,#848,#554,.T.);
#1004=EDGE_CURVE('',#850,#851,#80,.T.);
#1005=EDGE_CURVE('',#852,#851,#81,.T.);
#1006=EDGE_CURVE('',#852,#850,#82,.T.);
#1007=EDGE_CURVE('',#853,#854,#83,.T.);
#1008=EDGE_CURVE('',#853,#855,#84,.T.);
#1009=EDGE_CURVE('',#855,#854,#85,.T.);
#1010=EDGE_CURVE('',#851,#853,#555,.T.);
#1011=EDGE_CURVE('',#854,#852,#556,.T.);
#1012=EDGE_CURVE('',#855,#835,#557,.T.);
#1013=EDGE_CURVE('',#836,#854,#558,.T.);
#1014=EDGE_CURVE('',#856,#807,#86,.F.);
#1015=EDGE_CURVE('',#857,#856,#87,.F.);
#1016=EDGE_CURVE('',#807,#857,#88,.F.);
#1017=EDGE_CURVE('',#856,#842,#559,.T.);
#1018=EDGE_CURVE('',#843,#857,#560,.T.);
#1019=EDGE_CURVE('',#858,#859,#89,.F.);
#1020=EDGE_CURVE('',#860,#858,#90,.F.);
#1021=EDGE_CURVE('',#859,#860,#91,.F.);
#1022=EDGE_CURVE('',#861,#855,#561,.T.);
#1023=EDGE_CURVE('',#853,#862,#562,.T.);
#1024=EDGE_CURVE('',#862,#861,#519,.T.);
#1025=EDGE_CURVE('',#857,#863,#563,.T.);
#1026=EDGE_CURVE('',#863,#808,#520,.T.);
#1027=EDGE_CURVE('',#864,#865,#92,.F.);
#1028=EDGE_CURVE('',#866,#864,#93,.F.);
#1029=EDGE_CURVE('',#865,#866,#94,.F.);
#1030=EDGE_CURVE('',#867,#868,#95,.F.);
#1031=EDGE_CURVE('',#869,#867,#96,.F.);
#1032=EDGE_CURVE('',#868,#869,#97,.F.);
#1033=EDGE_CURVE('',#870,#869,#564,.T.);
#1034=EDGE_CURVE('',#867,#871,#565,.T.);
#1035=EDGE_CURVE('',#871,#870,#521,.T.);
#1036=EDGE_CURVE('',#872,#873,#98,.F.);
#1037=EDGE_CURVE('',#874,#872,#99,.F.);
#1038=EDGE_CURVE('',#873,#874,#100,.F.);
#1039=EDGE_CURVE('',#862,#875,#566,.T.);
#1040=EDGE_CURVE('',#875,#876,#522,.T.);
#1041=EDGE_CURVE('',#876,#861,#567,.T.);
#1042=EDGE_CURVE('',#863,#877,#568,.T.);
#1043=EDGE_CURVE('',#877,#878,#523,.T.);
#1044=EDGE_CURVE('',#878,#808,#569,.T.);
#1045=EDGE_CURVE('',#879,#816,#101,.F.);
#1046=EDGE_CURVE('',#880,#879,#102,.F.);
#1047=EDGE_CURVE('',#816,#880,#103,.F.);
#1048=EDGE_CURVE('',#877,#881,#570,.T.);
#1049=EDGE_CURVE('',#881,#882,#524,.T.);
#1050=EDGE_CURVE('',#882,#878,#571,.T.);
#1051=EDGE_CURVE('',#883,#884,#104,.F.);
#1052=EDGE_CURVE('',#885,#883,#105,.F.);
#1053=EDGE_CURVE('',#884,#885,#106,.F.);
#1054=EDGE_CURVE('',#820,#814,#107,.F.);
#1055=EDGE_CURVE('',#886,#820,#108,.F.);
#1056=EDGE_CURVE('',#814,#886,#109,.F.);
#1057=EDGE_CURVE('',#887,#888,#110,.F.);
#1058=EDGE_CURVE('',#889,#887,#111,.F.);
#1059=EDGE_CURVE('',#888,#889,#112,.F.);
#1060=EDGE_CURVE('',#881,#889,#572,.T.);
#1061=EDGE_CURVE('',#887,#882,#573,.T.);
#1062=EDGE_CURVE('',#883,#888,#574,.T.);
#1063=EDGE_CURVE('',#889,#885,#575,.T.);
#1064=EDGE_CURVE('',#890,#891,#113,.F.);
#1065=EDGE_CURVE('',#822,#890,#114,.F.);
#1066=EDGE_CURVE('',#891,#822,#115,.F.);
#1067=EDGE_CURVE('',#890,#886,#576,.T.);
#1068=EDGE_CURVE('',#892,#828,#116,.T.);
#1069=EDGE_CURVE('',#892,#821,#117,.T.);
#1070=EDGE_CURVE('',#893,#894,#118,.T.);
#1071=EDGE_CURVE('',#893,#895,#119,.T.);
#1072=EDGE_CURVE('',#895,#894,#120,.T.);
#1073=EDGE_CURVE('',#828,#893,#577,.T.);
#1074=EDGE_CURVE('',#894,#892,#578,.T.);
#1075=EDGE_CURVE('',#895,#887,#579,.T.);
#1076=EDGE_CURVE('',#888,#894,#580,.T.);
#1077=EDGE_CURVE('',#896,#895,#581,.T.);
#1078=EDGE_CURVE('',#893,#897,#582,.T.);
#1079=EDGE_CURVE('',#897,#896,#525,.T.);
#1080=EDGE_CURVE('',#892,#891,#583,.T.);
#1081=EDGE_CURVE('',#898,#896,#584,.T.);
#1082=EDGE_CURVE('',#897,#899,#585,.T.);
#1083=EDGE_CURVE('',#899,#898,#526,.T.);
#1084=EDGE_CURVE('',#891,#883,#586,.T.);
#1085=EDGE_CURVE('',#884,#890,#587,.T.);
#1086=EDGE_CURVE('',#886,#879,#588,.T.);
#1087=EDGE_CURVE('',#815,#826,#21,.T.);
#1088=EDGE_CURVE('',#806,#823,#22,.T.);
#1089=EDGE_CURVE('',#809,#898,#589,.T.);
#1090=EDGE_CURVE('',#899,#824,#590,.T.);
#1091=EDGE_CURVE('',#879,#884,#591,.T.);
#1092=EDGE_CURVE('',#885,#880,#592,.T.);
#1093=EDGE_CURVE('',#880,#900,#593,.T.);
#1094=EDGE_CURVE('',#900,#817,#527,.T.);
#1095=EDGE_CURVE('',#901,#902,#121,.F.);
#1096=EDGE_CURVE('',#903,#901,#122,.F.);
#1097=EDGE_CURVE('',#902,#903,#123,.F.);
#1098=EDGE_CURVE('',#900,#903,#594,.T.);
#1099=EDGE_CURVE('',#901,#817,#595,.T.);
#1100=EDGE_CURVE('',#864,#902,#596,.T.);
#1101=EDGE_CURVE('',#903,#866,#597,.T.);
#1102=EDGE_CURVE('',#904,#905,#124,.F.);
#1103=EDGE_CURVE('',#906,#904,#125,.F.);
#1104=EDGE_CURVE('',#905,#906,#126,.F.);
#1105=EDGE_CURVE('',#904,#874,#598,.T.);
#1106=EDGE_CURVE('',#872,#906,#599,.T.);
#1107=EDGE_CURVE('',#907,#908,#127,.T.);
#1108=EDGE_CURVE('',#908,#909,#128,.T.);
#1109=EDGE_CURVE('',#907,#909,#129,.T.);
#1110=EDGE_CURVE('',#910,#911,#130,.T.);
#1111=EDGE_CURVE('',#910,#912,#131,.T.);
#1112=EDGE_CURVE('',#912,#911,#132,.T.);
#1113=EDGE_CURVE('',#909,#910,#600,.T.);
#1114=EDGE_CURVE('',#911,#907,#601,.T.);
#1115=EDGE_CURVE('',#910,#868,#602,.T.);
#1116=EDGE_CURVE('',#869,#912,#603,.T.);
#1117=EDGE_CURVE('',#873,#909,#604,.T.);
#1118=EDGE_CURVE('',#908,#872,#605,.T.);
#1119=EDGE_CURVE('',#875,#911,#606,.T.);
#1120=EDGE_CURVE('',#912,#876,#607,.T.);
#1121=EDGE_CURVE('',#913,#914,#133,.T.);
#1122=EDGE_CURVE('',#915,#914,#134,.T.);
#1123=EDGE_CURVE('',#915,#913,#135,.T.);
#1124=EDGE_CURVE('',#916,#917,#136,.T.);
#1125=EDGE_CURVE('',#916,#918,#137,.T.);
#1126=EDGE_CURVE('',#918,#917,#138,.T.);
#1127=EDGE_CURVE('',#914,#916,#608,.T.);
#1128=EDGE_CURVE('',#917,#915,#609,.T.);
#1129=EDGE_CURVE('',#918,#901,#610,.T.);
#1130=EDGE_CURVE('',#902,#917,#611,.T.);
#1131=EDGE_CURVE('',#818,#918,#612,.T.);
#1132=EDGE_CURVE('',#916,#827,#613,.T.);
#1133=EDGE_CURVE('',#915,#905,#614,.T.);
#1134=EDGE_CURVE('',#906,#913,#615,.T.);
#1135=EDGE_CURVE('',#907,#914,#616,.T.);
#1136=EDGE_CURVE('',#913,#908,#617,.T.);
#1137=EDGE_CURVE('',#905,#864,#618,.T.);
#1138=EDGE_CURVE('',#865,#904,#619,.T.);
#1139=EDGE_CURVE('',#874,#858,#620,.T.);
#1140=EDGE_CURVE('',#859,#873,#621,.T.);
#1141=EDGE_CURVE('',#868,#859,#622,.T.);
#1142=EDGE_CURVE('',#860,#867,#623,.T.);
#1143=EDGE_CURVE('',#858,#865,#624,.T.);
#1144=EDGE_CURVE('',#866,#860,#625,.T.);
#1145=EDGE_CURVE('',#919,#870,#626,.T.);
#1146=EDGE_CURVE('',#871,#920,#627,.T.);
#1147=EDGE_CURVE('',#920,#919,#528,.T.);
#1148=EDGE_CURVE('',#921,#922,#139,.F.);
#1149=EDGE_CURVE('',#923,#921,#140,.F.);
#1150=EDGE_CURVE('',#922,#923,#141,.F.);
#1151=EDGE_CURVE('',#921,#845,#628,.T.);
#1152=EDGE_CURVE('',#846,#923,#629,.T.);
#1153=EDGE_CURVE('',#841,#922,#630,.T.);
#1154=EDGE_CURVE('',#923,#843,#631,.T.);
#1155=EDGE_CURVE('',#924,#925,#142,.F.);
#1156=EDGE_CURVE('',#813,#924,#143,.F.);
#1157=EDGE_CURVE('',#925,#813,#144,.F.);
#1158=EDGE_CURVE('',#811,#805,#145,.F.);
#1159=EDGE_CURVE('',#926,#811,#146,.F.);
#1160=EDGE_CURVE('',#805,#926,#147,.F.);
#1161=EDGE_CURVE('',#924,#926,#632,.T.);
#1162=EDGE_CURVE('',#926,#856,#633,.T.);
#1163=EDGE_CURVE('',#927,#928,#148,.T.);
#1164=EDGE_CURVE('',#928,#929,#149,.T.);
#1165=EDGE_CURVE('',#927,#929,#150,.T.);
#1166=EDGE_CURVE('',#930,#931,#151,.T.);
#1167=EDGE_CURVE('',#930,#932,#152,.T.);
#1168=EDGE_CURVE('',#932,#931,#153,.T.);
#1169=EDGE_CURVE('',#929,#930,#634,.T.);
#1170=EDGE_CURVE('',#931,#927,#635,.T.);
#1171=EDGE_CURVE('',#930,#844,#636,.T.);
#1172=EDGE_CURVE('',#845,#932,#637,.T.);
#1173=EDGE_CURVE('',#848,#929,#638,.T.);
#1174=EDGE_CURVE('',#928,#847,#639,.T.);
#1175=EDGE_CURVE('',#933,#825,#154,.T.);
#1176=EDGE_CURVE('',#933,#812,#155,.T.);
#1177=EDGE_CURVE('',#934,#935,#156,.T.);
#1178=EDGE_CURVE('',#934,#936,#157,.T.);
#1179=EDGE_CURVE('',#936,#935,#158,.T.);
#1180=EDGE_CURVE('',#825,#934,#640,.T.);
#1181=EDGE_CURVE('',#935,#933,#641,.T.);
#1182=EDGE_CURVE('',#936,#921,#642,.T.);
#1183=EDGE_CURVE('',#922,#935,#643,.T.);
#1184=EDGE_CURVE('',#934,#931,#644,.T.);
#1185=EDGE_CURVE('',#932,#936,#645,.T.);
#1186=EDGE_CURVE('',#933,#925,#646,.T.);
#1187=EDGE_CURVE('',#927,#851,#647,.T.);
#1188=EDGE_CURVE('',#850,#928,#648,.T.);
#1189=EDGE_CURVE('',#925,#841,#649,.T.);
#1190=EDGE_CURVE('',#842,#924,#650,.T.);
#1191=EDGE_CURVE('',#852,#839,#651,.T.);
#1192=EDGE_CURVE('',#840,#850,#652,.T.);
#1193=EDGE_CURVE('',#920,#837,#653,.T.);
#1194=EDGE_CURVE('',#835,#919,#654,.T.);
#1195=EDGE_CURVE('',#839,#829,#655,.T.);
#1196=EDGE_CURVE('',#830,#838,#656,.T.);
#1197=EDGE_CURVE('',#829,#836,#657,.T.);
#1198=EDGE_CURVE('',#837,#831,#658,.T.);
#1199=EDGE_CURVE('',#870,#876,#659,.T.);
#1200=EDGE_CURVE('',#919,#861,#660,.T.);
#1201=EDGE_CURVE('',#937,#937,#159,.T.);
#1202=EDGE_CURVE('',#937,#938,#160,.T.);
#1203=EDGE_CURVE('',#938,#939,#161,.T.);
#1204=EDGE_CURVE('',#939,#938,#162,.T.);
#1205=EDGE_CURVE('',#939,#940,#661,.T.);
#1206=EDGE_CURVE('',#940,#940,#163,.T.);
#1207=EDGE_CURVE('',#941,#941,#164,.T.);
#1208=EDGE_CURVE('',#942,#942,#165,.T.);
#1209=EDGE_CURVE('',#942,#943,#166,.T.);
#1210=EDGE_CURVE('',#943,#944,#167,.T.);
#1211=EDGE_CURVE('',#944,#943,#168,.T.);
#1212=EDGE_CURVE('',#944,#945,#662,.T.);
#1213=EDGE_CURVE('',#945,#945,#169,.T.);
#1214=EDGE_CURVE('',#946,#946,#170,.T.);
#1215=EDGE_CURVE('',#946,#947,#663,.T.);
#1216=EDGE_CURVE('',#947,#947,#171,.T.);
#1217=EDGE_CURVE('',#941,#948,#664,.T.);
#1218=EDGE_CURVE('',#948,#948,#172,.T.);
#1219=EDGE_CURVE('',#882,#896,#665,.T.);
#1220=EDGE_CURVE('',#878,#898,#666,.T.);
#1221=ORIENTED_EDGE('',*,*,#949,.F.);
#1222=ORIENTED_EDGE('',*,*,#950,.F.);
#1223=ORIENTED_EDGE('',*,*,#951,.F.);
#1224=ORIENTED_EDGE('',*,*,#952,.T.);
#1225=ORIENTED_EDGE('',*,*,#953,.F.);
#1226=ORIENTED_EDGE('',*,*,#954,.F.);
#1227=ORIENTED_EDGE('',*,*,#955,.F.);
#1228=ORIENTED_EDGE('',*,*,#956,.F.);
#1229=ORIENTED_EDGE('',*,*,#957,.F.);
#1230=ORIENTED_EDGE('',*,*,#958,.F.);
#1231=ORIENTED_EDGE('',*,*,#959,.F.);
#1232=ORIENTED_EDGE('',*,*,#960,.F.);
#1233=ORIENTED_EDGE('',*,*,#961,.T.);
#1234=ORIENTED_EDGE('',*,*,#962,.F.);
#1235=ORIENTED_EDGE('',*,*,#963,.F.);
#1236=ORIENTED_EDGE('',*,*,#964,.F.);
#1237=ORIENTED_EDGE('',*,*,#965,.F.);
#1238=ORIENTED_EDGE('',*,*,#966,.F.);
#1239=ORIENTED_EDGE('',*,*,#967,.F.);
#1240=ORIENTED_EDGE('',*,*,#968,.F.);
#1241=ORIENTED_EDGE('',*,*,#969,.T.);
#1242=ORIENTED_EDGE('',*,*,#970,.F.);
#1243=ORIENTED_EDGE('',*,*,#955,.T.);
#1244=ORIENTED_EDGE('',*,*,#971,.F.);
#1245=ORIENTED_EDGE('',*,*,#972,.F.);
#1246=ORIENTED_EDGE('',*,*,#973,.T.);
#1247=ORIENTED_EDGE('',*,*,#974,.F.);
#1248=ORIENTED_EDGE('',*,*,#964,.T.);
#1249=ORIENTED_EDGE('',*,*,#975,.F.);
#1250=ORIENTED_EDGE('',*,*,#976,.F.);
#1251=ORIENTED_EDGE('',*,*,#977,.F.);
#1252=ORIENTED_EDGE('',*,*,#978,.F.);
#1253=ORIENTED_EDGE('',*,*,#979,.F.);
#1254=ORIENTED_EDGE('',*,*,#980,.F.);
#1255=ORIENTED_EDGE('',*,*,#979,.T.);
#1256=ORIENTED_EDGE('',*,*,#981,.T.);
#1257=ORIENTED_EDGE('',*,*,#977,.T.);
#1258=ORIENTED_EDGE('',*,*,#982,.T.);
#1259=ORIENTED_EDGE('',*,*,#983,.F.);
#1260=ORIENTED_EDGE('',*,*,#984,.F.);
#1261=ORIENTED_EDGE('',*,*,#985,.F.);
#1262=ORIENTED_EDGE('',*,*,#986,.F.);
#1263=ORIENTED_EDGE('',*,*,#987,.F.);
#1264=ORIENTED_EDGE('',*,*,#988,.F.);
#1265=ORIENTED_EDGE('',*,*,#989,.F.);
#1266=ORIENTED_EDGE('',*,*,#990,.F.);
#1267=ORIENTED_EDGE('',*,*,#991,.F.);
#1268=ORIENTED_EDGE('',*,*,#992,.F.);
#1269=ORIENTED_EDGE('',*,*,#993,.F.);
#1270=ORIENTED_EDGE('',*,*,#994,.F.);
#1271=ORIENTED_EDGE('',*,*,#993,.T.);
#1272=ORIENTED_EDGE('',*,*,#995,.T.);
#1273=ORIENTED_EDGE('',*,*,#980,.T.);
#1274=ORIENTED_EDGE('',*,*,#996,.T.);
#1275=ORIENTED_EDGE('',*,*,#997,.F.);
#1276=ORIENTED_EDGE('',*,*,#998,.F.);
#1277=ORIENTED_EDGE('',*,*,#999,.F.);
#1278=ORIENTED_EDGE('',*,*,#987,.T.);
#1279=ORIENTED_EDGE('',*,*,#1000,.T.);
#1280=ORIENTED_EDGE('',*,*,#998,.T.);
#1281=ORIENTED_EDGE('',*,*,#1001,.T.);
#1282=ORIENTED_EDGE('',*,*,#999,.T.);
#1283=ORIENTED_EDGE('',*,*,#1002,.T.);
#1284=ORIENTED_EDGE('',*,*,#978,.T.);
#1285=ORIENTED_EDGE('',*,*,#1003,.T.);
#1286=ORIENTED_EDGE('',*,*,#1004,.T.);
#1287=ORIENTED_EDGE('',*,*,#1005,.F.);
#1288=ORIENTED_EDGE('',*,*,#1006,.T.);
#1289=ORIENTED_EDGE('',*,*,#1007,.F.);
#1290=ORIENTED_EDGE('',*,*,#1008,.T.);
#1291=ORIENTED_EDGE('',*,*,#1009,.T.);
#1292=ORIENTED_EDGE('',*,*,#1005,.T.);
#1293=ORIENTED_EDGE('',*,*,#1010,.T.);
#1294=ORIENTED_EDGE('',*,*,#1007,.T.);
#1295=ORIENTED_EDGE('',*,*,#1011,.T.);
#1296=ORIENTED_EDGE('',*,*,#1009,.F.);
#1297=ORIENTED_EDGE('',*,*,#1012,.T.);
#1298=ORIENTED_EDGE('',*,*,#983,.T.);
#1299=ORIENTED_EDGE('',*,*,#1013,.T.);
#1300=ORIENTED_EDGE('',*,*,#1014,.F.);
#1301=ORIENTED_EDGE('',*,*,#1015,.F.);
#1302=ORIENTED_EDGE('',*,*,#1016,.F.);
#1303=ORIENTED_EDGE('',*,*,#1015,.T.);
#1304=ORIENTED_EDGE('',*,*,#1017,.T.);
#1305=ORIENTED_EDGE('',*,*,#991,.T.);
#1306=ORIENTED_EDGE('',*,*,#1018,.T.);
#1307=ORIENTED_EDGE('',*,*,#1019,.F.);
#1308=ORIENTED_EDGE('',*,*,#1020,.F.);
#1309=ORIENTED_EDGE('',*,*,#1021,.F.);
#1310=ORIENTED_EDGE('',*,*,#1022,.T.);
#1311=ORIENTED_EDGE('',*,*,#1008,.F.);
#1312=ORIENTED_EDGE('',*,*,#1023,.T.);
#1313=ORIENTED_EDGE('',*,*,#1024,.T.);
#1314=ORIENTED_EDGE('',*,*,#951,.T.);
#1315=ORIENTED_EDGE('',*,*,#1016,.T.);
#1316=ORIENTED_EDGE('',*,*,#1025,.T.);
#1317=ORIENTED_EDGE('',*,*,#1026,.T.);
#1318=ORIENTED_EDGE('',*,*,#1027,.F.);
#1319=ORIENTED_EDGE('',*,*,#1028,.F.);
#1320=ORIENTED_EDGE('',*,*,#1029,.F.);
#1321=ORIENTED_EDGE('',*,*,#1030,.F.);
#1322=ORIENTED_EDGE('',*,*,#1031,.F.);
#1323=ORIENTED_EDGE('',*,*,#1032,.F.);
#1324=ORIENTED_EDGE('',*,*,#1033,.T.);
#1325=ORIENTED_EDGE('',*,*,#1031,.T.);
#1326=ORIENTED_EDGE('',*,*,#1034,.T.);
#1327=ORIENTED_EDGE('',*,*,#1035,.T.);
#1328=ORIENTED_EDGE('',*,*,#1036,.F.);
#1329=ORIENTED_EDGE('',*,*,#1037,.F.);
#1330=ORIENTED_EDGE('',*,*,#1038,.F.);
#1331=ORIENTED_EDGE('',*,*,#1039,.T.);
#1332=ORIENTED_EDGE('',*,*,#1040,.T.);
#1333=ORIENTED_EDGE('',*,*,#1041,.T.);
#1334=ORIENTED_EDGE('',*,*,#1024,.F.);
#1335=ORIENTED_EDGE('',*,*,#1042,.T.);
#1336=ORIENTED_EDGE('',*,*,#1043,.T.);
#1337=ORIENTED_EDGE('',*,*,#1044,.T.);
#1338=ORIENTED_EDGE('',*,*,#1026,.F.);
#1339=ORIENTED_EDGE('',*,*,#1045,.F.);
#1340=ORIENTED_EDGE('',*,*,#1046,.F.);
#1341=ORIENTED_EDGE('',*,*,#1047,.F.);
#1342=ORIENTED_EDGE('',*,*,#1048,.T.);
#1343=ORIENTED_EDGE('',*,*,#1049,.T.);
#1344=ORIENTED_EDGE('',*,*,#1050,.T.);
#1345=ORIENTED_EDGE('',*,*,#1043,.F.);
#1346=ORIENTED_EDGE('',*,*,#1051,.F.);
#1347=ORIENTED_EDGE('',*,*,#1052,.F.);
#1348=ORIENTED_EDGE('',*,*,#1053,.F.);
#1349=ORIENTED_EDGE('',*,*,#1054,.F.);
#1350=ORIENTED_EDGE('',*,*,#1055,.F.);
#1351=ORIENTED_EDGE('',*,*,#1056,.F.);
#1352=ORIENTED_EDGE('',*,*,#1057,.F.);
#1353=ORIENTED_EDGE('',*,*,#1058,.F.);
#1354=ORIENTED_EDGE('',*,*,#1059,.F.);
#1355=ORIENTED_EDGE('',*,*,#1060,.T.);
#1356=ORIENTED_EDGE('',*,*,#1058,.T.);
#1357=ORIENTED_EDGE('',*,*,#1061,.T.);
#1358=ORIENTED_EDGE('',*,*,#1049,.F.);
#1359=ORIENTED_EDGE('',*,*,#1052,.T.);
#1360=ORIENTED_EDGE('',*,*,#1062,.T.);
#1361=ORIENTED_EDGE('',*,*,#1059,.T.);
#1362=ORIENTED_EDGE('',*,*,#1063,.T.);
#1363=ORIENTED_EDGE('',*,*,#1064,.F.);
#1364=ORIENTED_EDGE('',*,*,#1065,.F.);
#1365=ORIENTED_EDGE('',*,*,#1066,.F.);
#1366=ORIENTED_EDGE('',*,*,#1065,.T.);
#1367=ORIENTED_EDGE('',*,*,#1067,.T.);
#1368=ORIENTED_EDGE('',*,*,#1055,.T.);
#1369=ORIENTED_EDGE('',*,*,#966,.T.);
#1370=ORIENTED_EDGE('',*,*,#974,.T.);
#1371=ORIENTED_EDGE('',*,*,#1068,.F.);
#1372=ORIENTED_EDGE('',*,*,#1069,.T.);
#1373=ORIENTED_EDGE('',*,*,#1070,.F.);
#1374=ORIENTED_EDGE('',*,*,#1071,.T.);
#1375=ORIENTED_EDGE('',*,*,#1072,.T.);
#1376=ORIENTED_EDGE('',*,*,#1068,.T.);
#1377=ORIENTED_EDGE('',*,*,#1073,.T.);
#1378=ORIENTED_EDGE('',*,*,#1070,.T.);
#1379=ORIENTED_EDGE('',*,*,#1074,.T.);
#1380=ORIENTED_EDGE('',*,*,#1072,.F.);
#1381=ORIENTED_EDGE('',*,*,#1075,.T.);
#1382=ORIENTED_EDGE('',*,*,#1057,.T.);
#1383=ORIENTED_EDGE('',*,*,#1076,.T.);
#1384=ORIENTED_EDGE('',*,*,#1077,.T.);
#1385=ORIENTED_EDGE('',*,*,#1071,.F.);
#1386=ORIENTED_EDGE('',*,*,#1078,.T.);
#1387=ORIENTED_EDGE('',*,*,#1079,.T.);
#1388=ORIENTED_EDGE('',*,*,#1069,.F.);
#1389=ORIENTED_EDGE('',*,*,#1080,.T.);
#1390=ORIENTED_EDGE('',*,*,#1066,.T.);
#1391=ORIENTED_EDGE('',*,*,#965,.T.);
#1392=ORIENTED_EDGE('',*,*,#1081,.T.);
#1393=ORIENTED_EDGE('',*,*,#1079,.F.);
#1394=ORIENTED_EDGE('',*,*,#1082,.T.);
#1395=ORIENTED_EDGE('',*,*,#1083,.T.);
#1396=ORIENTED_EDGE('',*,*,#1064,.T.);
#1397=ORIENTED_EDGE('',*,*,#1084,.T.);
#1398=ORIENTED_EDGE('',*,*,#1051,.T.);
#1399=ORIENTED_EDGE('',*,*,#1085,.T.);
#1400=ORIENTED_EDGE('',*,*,#1056,.T.);
#1401=ORIENTED_EDGE('',*,*,#1086,.T.);
#1402=ORIENTED_EDGE('',*,*,#1045,.T.);
#1403=ORIENTED_EDGE('',*,*,#959,.T.);
#1404=ORIENTED_EDGE('',*,*,#963,.T.);
#1405=ORIENTED_EDGE('',*,*,#1054,.T.);
#1406=ORIENTED_EDGE('',*,*,#958,.T.);
#1407=ORIENTED_EDGE('',*,*,#1087,.T.);
#1408=ORIENTED_EDGE('',*,*,#971,.T.);
#1409=ORIENTED_EDGE('',*,*,#1088,.F.);
#1410=ORIENTED_EDGE('',*,*,#953,.T.);
#1411=ORIENTED_EDGE('',*,*,#1089,.T.);
#1412=ORIENTED_EDGE('',*,*,#1083,.F.);
#1413=ORIENTED_EDGE('',*,*,#1090,.T.);
#1414=ORIENTED_EDGE('',*,*,#968,.T.);
#1415=ORIENTED_EDGE('',*,*,#1046,.T.);
#1416=ORIENTED_EDGE('',*,*,#1091,.T.);
#1417=ORIENTED_EDGE('',*,*,#1053,.T.);
#1418=ORIENTED_EDGE('',*,*,#1092,.T.);
#1419=ORIENTED_EDGE('',*,*,#960,.T.);
#1420=ORIENTED_EDGE('',*,*,#1047,.T.);
#1421=ORIENTED_EDGE('',*,*,#1093,.T.);
#1422=ORIENTED_EDGE('',*,*,#1094,.T.);
#1423=ORIENTED_EDGE('',*,*,#1095,.F.);
#1424=ORIENTED_EDGE('',*,*,#1096,.F.);
#1425=ORIENTED_EDGE('',*,*,#1097,.F.);
#1426=ORIENTED_EDGE('',*,*,#1098,.T.);
#1427=ORIENTED_EDGE('',*,*,#1096,.T.);
#1428=ORIENTED_EDGE('',*,*,#1099,.T.);
#1429=ORIENTED_EDGE('',*,*,#1094,.F.);
#1430=ORIENTED_EDGE('',*,*,#1028,.T.);
#1431=ORIENTED_EDGE('',*,*,#1100,.T.);
#1432=ORIENTED_EDGE('',*,*,#1097,.T.);
#1433=ORIENTED_EDGE('',*,*,#1101,.T.);
#1434=ORIENTED_EDGE('',*,*,#1102,.F.);
#1435=ORIENTED_EDGE('',*,*,#1103,.F.);
#1436=ORIENTED_EDGE('',*,*,#1104,.F.);
#1437=ORIENTED_EDGE('',*,*,#1103,.T.);
#1438=ORIENTED_EDGE('',*,*,#1105,.T.);
#1439=ORIENTED_EDGE('',*,*,#1037,.T.);
#1440=ORIENTED_EDGE('',*,*,#1106,.T.);
#1441=ORIENTED_EDGE('',*,*,#1107,.T.);
#1442=ORIENTED_EDGE('',*,*,#1108,.T.);
#1443=ORIENTED_EDGE('',*,*,#1109,.F.);
#1444=ORIENTED_EDGE('',*,*,#1110,.F.);
#1445=ORIENTED_EDGE('',*,*,#1111,.T.);
#1446=ORIENTED_EDGE('',*,*,#1112,.T.);
#1447=ORIENTED_EDGE('',*,*,#1109,.T.);
#1448=ORIENTED_EDGE('',*,*,#1113,.T.);
#1449=ORIENTED_EDGE('',*,*,#1110,.T.);
#1450=ORIENTED_EDGE('',*,*,#1114,.T.);
#1451=ORIENTED_EDGE('',*,*,#1111,.F.);
#1452=ORIENTED_EDGE('',*,*,#1115,.T.);
#1453=ORIENTED_EDGE('',*,*,#1032,.T.);
#1454=ORIENTED_EDGE('',*,*,#1116,.T.);
#1455=ORIENTED_EDGE('',*,*,#1036,.T.);
#1456=ORIENTED_EDGE('',*,*,#1117,.T.);
#1457=ORIENTED_EDGE('',*,*,#1108,.F.);
#1458=ORIENTED_EDGE('',*,*,#1118,.T.);
#1459=ORIENTED_EDGE('',*,*,#1119,.T.);
#1460=ORIENTED_EDGE('',*,*,#1112,.F.);
#1461=ORIENTED_EDGE('',*,*,#1120,.T.);
#1462=ORIENTED_EDGE('',*,*,#1040,.F.);
#1463=ORIENTED_EDGE('',*,*,#1121,.T.);
#1464=ORIENTED_EDGE('',*,*,#1122,.F.);
#1465=ORIENTED_EDGE('',*,*,#1123,.T.);
#1466=ORIENTED_EDGE('',*,*,#1124,.F.);
#1467=ORIENTED_EDGE('',*,*,#1125,.T.);
#1468=ORIENTED_EDGE('',*,*,#1126,.T.);
#1469=ORIENTED_EDGE('',*,*,#1122,.T.);
#1470=ORIENTED_EDGE('',*,*,#1127,.T.);
#1471=ORIENTED_EDGE('',*,*,#1124,.T.);
#1472=ORIENTED_EDGE('',*,*,#1128,.T.);
#1473=ORIENTED_EDGE('',*,*,#1126,.F.);
#1474=ORIENTED_EDGE('',*,*,#1129,.T.);
#1475=ORIENTED_EDGE('',*,*,#1095,.T.);
#1476=ORIENTED_EDGE('',*,*,#1130,.T.);
#1477=ORIENTED_EDGE('',*,*,#1087,.F.);
#1478=ORIENTED_EDGE('',*,*,#962,.T.);
#1479=ORIENTED_EDGE('',*,*,#1131,.T.);
#1480=ORIENTED_EDGE('',*,*,#1125,.F.);
#1481=ORIENTED_EDGE('',*,*,#1132,.T.);
#1482=ORIENTED_EDGE('',*,*,#972,.T.);
#1483=ORIENTED_EDGE('',*,*,#1123,.F.);
#1484=ORIENTED_EDGE('',*,*,#1133,.T.);
#1485=ORIENTED_EDGE('',*,*,#1104,.T.);
#1486=ORIENTED_EDGE('',*,*,#1134,.T.);
#1487=ORIENTED_EDGE('',*,*,#1107,.F.);
#1488=ORIENTED_EDGE('',*,*,#1135,.T.);
#1489=ORIENTED_EDGE('',*,*,#1121,.F.);
#1490=ORIENTED_EDGE('',*,*,#1136,.T.);
#1491=ORIENTED_EDGE('',*,*,#1102,.T.);
#1492=ORIENTED_EDGE('',*,*,#1137,.T.);
#1493=ORIENTED_EDGE('',*,*,#1027,.T.);
#1494=ORIENTED_EDGE('',*,*,#1138,.T.);
#1495=ORIENTED_EDGE('',*,*,#1038,.T.);
#1496=ORIENTED_EDGE('',*,*,#1139,.T.);
#1497=ORIENTED_EDGE('',*,*,#1019,.T.);
#1498=ORIENTED_EDGE('',*,*,#1140,.T.);
#1499=ORIENTED_EDGE('',*,*,#1030,.T.);
#1500=ORIENTED_EDGE('',*,*,#1141,.T.);
#1501=ORIENTED_EDGE('',*,*,#1021,.T.);
#1502=ORIENTED_EDGE('',*,*,#1142,.T.);
#1503=ORIENTED_EDGE('',*,*,#1020,.T.);
#1504=ORIENTED_EDGE('',*,*,#1143,.T.);
#1505=ORIENTED_EDGE('',*,*,#1029,.T.);
#1506=ORIENTED_EDGE('',*,*,#1144,.T.);
#1507=ORIENTED_EDGE('',*,*,#1145,.T.);
#1508=ORIENTED_EDGE('',*,*,#1035,.F.);
#1509=ORIENTED_EDGE('',*,*,#1146,.T.);
#1510=ORIENTED_EDGE('',*,*,#1147,.T.);
#1511=ORIENTED_EDGE('',*,*,#1148,.F.);
#1512=ORIENTED_EDGE('',*,*,#1149,.F.);
#1513=ORIENTED_EDGE('',*,*,#1150,.F.);
#1514=ORIENTED_EDGE('',*,*,#1149,.T.);
#1515=ORIENTED_EDGE('',*,*,#1151,.T.);
#1516=ORIENTED_EDGE('',*,*,#994,.T.);
#1517=ORIENTED_EDGE('',*,*,#1152,.T.);
#1518=ORIENTED_EDGE('',*,*,#990,.T.);
#1519=ORIENTED_EDGE('',*,*,#1153,.T.);
#1520=ORIENTED_EDGE('',*,*,#1150,.T.);
#1521=ORIENTED_EDGE('',*,*,#1154,.T.);
#1522=ORIENTED_EDGE('',*,*,#1155,.F.);
#1523=ORIENTED_EDGE('',*,*,#1156,.F.);
#1524=ORIENTED_EDGE('',*,*,#1157,.F.);
#1525=ORIENTED_EDGE('',*,*,#1158,.F.);
#1526=ORIENTED_EDGE('',*,*,#1159,.F.);
#1527=ORIENTED_EDGE('',*,*,#1160,.F.);
#1528=ORIENTED_EDGE('',*,*,#1156,.T.);
#1529=ORIENTED_EDGE('',*,*,#1161,.T.);
#1530=ORIENTED_EDGE('',*,*,#1159,.T.);
#1531=ORIENTED_EDGE('',*,*,#957,.T.);
#1532=ORIENTED_EDGE('',*,*,#1160,.T.);
#1533=ORIENTED_EDGE('',*,*,#1162,.T.);
#1534=ORIENTED_EDGE('',*,*,#1014,.T.);
#1535=ORIENTED_EDGE('',*,*,#950,.T.);
#1536=ORIENTED_EDGE('',*,*,#954,.T.);
#1537=ORIENTED_EDGE('',*,*,#1158,.T.);
#1538=ORIENTED_EDGE('',*,*,#949,.T.);
#1539=ORIENTED_EDGE('',*,*,#1088,.T.);
#1540=ORIENTED_EDGE('',*,*,#967,.T.);
#1541=ORIENTED_EDGE('',*,*,#1163,.T.);
#1542=ORIENTED_EDGE('',*,*,#1164,.T.);
#1543=ORIENTED_EDGE('',*,*,#1165,.F.);
#1544=ORIENTED_EDGE('',*,*,#1166,.F.);
#1545=ORIENTED_EDGE('',*,*,#1167,.T.);
#1546=ORIENTED_EDGE('',*,*,#1168,.T.);
#1547=ORIENTED_EDGE('',*,*,#1165,.T.);
#1548=ORIENTED_EDGE('',*,*,#1169,.T.);
#1549=ORIENTED_EDGE('',*,*,#1166,.T.);
#1550=ORIENTED_EDGE('',*,*,#1170,.T.);
#1551=ORIENTED_EDGE('',*,*,#1167,.F.);
#1552=ORIENTED_EDGE('',*,*,#1171,.T.);
#1553=ORIENTED_EDGE('',*,*,#992,.T.);
#1554=ORIENTED_EDGE('',*,*,#1172,.T.);
#1555=ORIENTED_EDGE('',*,*,#997,.T.);
#1556=ORIENTED_EDGE('',*,*,#1173,.T.);
#1557=ORIENTED_EDGE('',*,*,#1164,.F.);
#1558=ORIENTED_EDGE('',*,*,#1174,.T.);
#1559=ORIENTED_EDGE('',*,*,#970,.T.);
#1560=ORIENTED_EDGE('',*,*,#1175,.F.);
#1561=ORIENTED_EDGE('',*,*,#1176,.T.);
#1562=ORIENTED_EDGE('',*,*,#1177,.F.);
#1563=ORIENTED_EDGE('',*,*,#1178,.T.);
#1564=ORIENTED_EDGE('',*,*,#1179,.T.);
#1565=ORIENTED_EDGE('',*,*,#1175,.T.);
#1566=ORIENTED_EDGE('',*,*,#1180,.T.);
#1567=ORIENTED_EDGE('',*,*,#1177,.T.);
#1568=ORIENTED_EDGE('',*,*,#1181,.T.);
#1569=ORIENTED_EDGE('',*,*,#1179,.F.);
#1570=ORIENTED_EDGE('',*,*,#1182,.T.);
#1571=ORIENTED_EDGE('',*,*,#1148,.T.);
#1572=ORIENTED_EDGE('',*,*,#1183,.T.);
#1573=ORIENTED_EDGE('',*,*,#1178,.F.);
#1574=ORIENTED_EDGE('',*,*,#1184,.T.);
#1575=ORIENTED_EDGE('',*,*,#1168,.F.);
#1576=ORIENTED_EDGE('',*,*,#1185,.T.);
#1577=ORIENTED_EDGE('',*,*,#1176,.F.);
#1578=ORIENTED_EDGE('',*,*,#1186,.T.);
#1579=ORIENTED_EDGE('',*,*,#1157,.T.);
#1580=ORIENTED_EDGE('',*,*,#956,.T.);
#1581=ORIENTED_EDGE('',*,*,#1163,.F.);
#1582=ORIENTED_EDGE('',*,*,#1187,.T.);
#1583=ORIENTED_EDGE('',*,*,#1004,.F.);
#1584=ORIENTED_EDGE('',*,*,#1188,.T.);
#1585=ORIENTED_EDGE('',*,*,#1155,.T.);
#1586=ORIENTED_EDGE('',*,*,#1189,.T.);
#1587=ORIENTED_EDGE('',*,*,#989,.T.);
#1588=ORIENTED_EDGE('',*,*,#1190,.T.);
#1589=ORIENTED_EDGE('',*,*,#1006,.F.);
#1590=ORIENTED_EDGE('',*,*,#1191,.T.);
#1591=ORIENTED_EDGE('',*,*,#988,.T.);
#1592=ORIENTED_EDGE('',*,*,#1192,.T.);
#1593=ORIENTED_EDGE('',*,*,#1193,.T.);
#1594=ORIENTED_EDGE('',*,*,#984,.T.);
#1595=ORIENTED_EDGE('',*,*,#1194,.T.);
#1596=ORIENTED_EDGE('',*,*,#1147,.F.);
#1597=ORIENTED_EDGE('',*,*,#986,.T.);
#1598=ORIENTED_EDGE('',*,*,#1195,.T.);
#1599=ORIENTED_EDGE('',*,*,#975,.T.);
#1600=ORIENTED_EDGE('',*,*,#1196,.T.);
#1601=ORIENTED_EDGE('',*,*,#976,.T.);
#1602=ORIENTED_EDGE('',*,*,#1197,.T.);
#1603=ORIENTED_EDGE('',*,*,#985,.T.);
#1604=ORIENTED_EDGE('',*,*,#1198,.T.);
#1605=ORIENTED_EDGE('',*,*,#1120,.F.);
#1606=ORIENTED_EDGE('',*,*,#1116,.F.);
#1607=ORIENTED_EDGE('',*,*,#1033,.F.);
#1608=ORIENTED_EDGE('',*,*,#1199,.T.);
#1609=ORIENTED_EDGE('',*,*,#1041,.F.);
#1610=ORIENTED_EDGE('',*,*,#1199,.F.);
#1611=ORIENTED_EDGE('',*,*,#1145,.F.);
#1612=ORIENTED_EDGE('',*,*,#1200,.T.);
#1613=ORIENTED_EDGE('',*,*,#1001,.F.);
#1614=ORIENTED_EDGE('',*,*,#1174,.F.);
#1615=ORIENTED_EDGE('',*,*,#1188,.F.);
#1616=ORIENTED_EDGE('',*,*,#1192,.F.);
#1617=ORIENTED_EDGE('',*,*,#1000,.F.);
#1618=ORIENTED_EDGE('',*,*,#1196,.F.);
#1619=ORIENTED_EDGE('',*,*,#981,.F.);
#1620=ORIENTED_EDGE('',*,*,#1002,.F.);
#1621=ORIENTED_EDGE('',*,*,#1011,.F.);
#1622=ORIENTED_EDGE('',*,*,#1013,.F.);
#1623=ORIENTED_EDGE('',*,*,#1197,.F.);
#1624=ORIENTED_EDGE('',*,*,#1195,.F.);
#1625=ORIENTED_EDGE('',*,*,#1191,.F.);
#1626=ORIENTED_EDGE('',*,*,#1034,.F.);
#1627=ORIENTED_EDGE('',*,*,#1142,.F.);
#1628=ORIENTED_EDGE('',*,*,#1144,.F.);
#1629=ORIENTED_EDGE('',*,*,#1101,.F.);
#1630=ORIENTED_EDGE('',*,*,#1098,.F.);
#1631=ORIENTED_EDGE('',*,*,#1093,.F.);
#1632=ORIENTED_EDGE('',*,*,#1092,.F.);
#1633=ORIENTED_EDGE('',*,*,#1063,.F.);
#1634=ORIENTED_EDGE('',*,*,#1060,.F.);
#1635=ORIENTED_EDGE('',*,*,#1048,.F.);
#1636=ORIENTED_EDGE('',*,*,#1042,.F.);
#1637=ORIENTED_EDGE('',*,*,#1025,.F.);
#1638=ORIENTED_EDGE('',*,*,#1018,.F.);
#1639=ORIENTED_EDGE('',*,*,#1154,.F.);
#1640=ORIENTED_EDGE('',*,*,#1152,.F.);
#1641=ORIENTED_EDGE('',*,*,#996,.F.);
#1642=ORIENTED_EDGE('',*,*,#982,.F.);
#1643=ORIENTED_EDGE('',*,*,#1198,.F.);
#1644=ORIENTED_EDGE('',*,*,#1193,.F.);
#1645=ORIENTED_EDGE('',*,*,#1146,.F.);
#1646=ORIENTED_EDGE('',*,*,#1067,.F.);
#1647=ORIENTED_EDGE('',*,*,#1085,.F.);
#1648=ORIENTED_EDGE('',*,*,#1091,.F.);
#1649=ORIENTED_EDGE('',*,*,#1086,.F.);
#1650=ORIENTED_EDGE('',*,*,#1074,.F.);
#1651=ORIENTED_EDGE('',*,*,#1076,.F.);
#1652=ORIENTED_EDGE('',*,*,#1062,.F.);
#1653=ORIENTED_EDGE('',*,*,#1084,.F.);
#1654=ORIENTED_EDGE('',*,*,#1080,.F.);
#1655=ORIENTED_EDGE('',*,*,#1106,.F.);
#1656=ORIENTED_EDGE('',*,*,#1118,.F.);
#1657=ORIENTED_EDGE('',*,*,#1136,.F.);
#1658=ORIENTED_EDGE('',*,*,#1134,.F.);
#1659=ORIENTED_EDGE('',*,*,#1105,.F.);
#1660=ORIENTED_EDGE('',*,*,#1138,.F.);
#1661=ORIENTED_EDGE('',*,*,#1143,.F.);
#1662=ORIENTED_EDGE('',*,*,#1139,.F.);
#1663=ORIENTED_EDGE('',*,*,#1113,.F.);
#1664=ORIENTED_EDGE('',*,*,#1117,.F.);
#1665=ORIENTED_EDGE('',*,*,#1140,.F.);
#1666=ORIENTED_EDGE('',*,*,#1141,.F.);
#1667=ORIENTED_EDGE('',*,*,#1115,.F.);
#1668=ORIENTED_EDGE('',*,*,#1128,.F.);
#1669=ORIENTED_EDGE('',*,*,#1130,.F.);
#1670=ORIENTED_EDGE('',*,*,#1100,.F.);
#1671=ORIENTED_EDGE('',*,*,#1137,.F.);
#1672=ORIENTED_EDGE('',*,*,#1133,.F.);
#1673=ORIENTED_EDGE('',*,*,#1151,.F.);
#1674=ORIENTED_EDGE('',*,*,#1182,.F.);
#1675=ORIENTED_EDGE('',*,*,#1185,.F.);
#1676=ORIENTED_EDGE('',*,*,#1172,.F.);
#1677=ORIENTED_EDGE('',*,*,#1161,.F.);
#1678=ORIENTED_EDGE('',*,*,#1190,.F.);
#1679=ORIENTED_EDGE('',*,*,#1017,.F.);
#1680=ORIENTED_EDGE('',*,*,#1162,.F.);
#1681=ORIENTED_EDGE('',*,*,#1169,.F.);
#1682=ORIENTED_EDGE('',*,*,#1173,.F.);
#1683=ORIENTED_EDGE('',*,*,#1003,.F.);
#1684=ORIENTED_EDGE('',*,*,#995,.F.);
#1685=ORIENTED_EDGE('',*,*,#1171,.F.);
#1686=ORIENTED_EDGE('',*,*,#1181,.F.);
#1687=ORIENTED_EDGE('',*,*,#1183,.F.);
#1688=ORIENTED_EDGE('',*,*,#1153,.F.);
#1689=ORIENTED_EDGE('',*,*,#1189,.F.);
#1690=ORIENTED_EDGE('',*,*,#1186,.F.);
#1691=ORIENTED_EDGE('',*,*,#1201,.T.);
#1692=ORIENTED_EDGE('',*,*,#1202,.T.);
#1693=ORIENTED_EDGE('',*,*,#1203,.T.);
#1694=ORIENTED_EDGE('',*,*,#1204,.T.);
#1695=ORIENTED_EDGE('',*,*,#1202,.F.);
#1696=ORIENTED_EDGE('',*,*,#1204,.F.);
#1697=ORIENTED_EDGE('',*,*,#1205,.T.);
#1698=ORIENTED_EDGE('',*,*,#1206,.F.);
#1699=ORIENTED_EDGE('',*,*,#1205,.F.);
#1700=ORIENTED_EDGE('',*,*,#1203,.F.);
#1701=ORIENTED_EDGE('',*,*,#1201,.F.);
#1702=ORIENTED_EDGE('',*,*,#1207,.T.);
#1703=ORIENTED_EDGE('',*,*,#1208,.T.);
#1704=ORIENTED_EDGE('',*,*,#1209,.T.);
#1705=ORIENTED_EDGE('',*,*,#1210,.T.);
#1706=ORIENTED_EDGE('',*,*,#1211,.T.);
#1707=ORIENTED_EDGE('',*,*,#1209,.F.);
#1708=ORIENTED_EDGE('',*,*,#1211,.F.);
#1709=ORIENTED_EDGE('',*,*,#1212,.T.);
#1710=ORIENTED_EDGE('',*,*,#1213,.F.);
#1711=ORIENTED_EDGE('',*,*,#1212,.F.);
#1712=ORIENTED_EDGE('',*,*,#1210,.F.);
#1713=ORIENTED_EDGE('',*,*,#1208,.F.);
#1714=ORIENTED_EDGE('',*,*,#1214,.T.);
#1715=ORIENTED_EDGE('',*,*,#1214,.F.);
#1716=ORIENTED_EDGE('',*,*,#1215,.T.);
#1717=ORIENTED_EDGE('',*,*,#1216,.T.);
#1718=ORIENTED_EDGE('',*,*,#1215,.F.);
#1719=ORIENTED_EDGE('',*,*,#1216,.F.);
#1720=ORIENTED_EDGE('',*,*,#1207,.F.);
#1721=ORIENTED_EDGE('',*,*,#1217,.T.);
#1722=ORIENTED_EDGE('',*,*,#1218,.T.);
#1723=ORIENTED_EDGE('',*,*,#1217,.F.);
#1724=ORIENTED_EDGE('',*,*,#1218,.F.);
#1725=ORIENTED_EDGE('',*,*,#1131,.F.);
#1726=ORIENTED_EDGE('',*,*,#961,.F.);
#1727=ORIENTED_EDGE('',*,*,#1099,.F.);
#1728=ORIENTED_EDGE('',*,*,#1129,.F.);
#1729=ORIENTED_EDGE('',*,*,#1077,.F.);
#1730=ORIENTED_EDGE('',*,*,#1219,.F.);
#1731=ORIENTED_EDGE('',*,*,#1061,.F.);
#1732=ORIENTED_EDGE('',*,*,#1075,.F.);
#1733=ORIENTED_EDGE('',*,*,#1081,.F.);
#1734=ORIENTED_EDGE('',*,*,#1220,.F.);
#1735=ORIENTED_EDGE('',*,*,#1050,.F.);
#1736=ORIENTED_EDGE('',*,*,#1219,.T.);
#1737=ORIENTED_EDGE('',*,*,#1089,.F.);
#1738=ORIENTED_EDGE('',*,*,#952,.F.);
#1739=ORIENTED_EDGE('',*,*,#1044,.F.);
#1740=ORIENTED_EDGE('',*,*,#1220,.T.);
#1741=ORIENTED_EDGE('',*,*,#1022,.F.);
#1742=ORIENTED_EDGE('',*,*,#1200,.F.);
#1743=ORIENTED_EDGE('',*,*,#1194,.F.);
#1744=ORIENTED_EDGE('',*,*,#1012,.F.);
#1745=ORIENTED_EDGE('',*,*,#1090,.F.);
#1746=ORIENTED_EDGE('',*,*,#1082,.F.);
#1747=ORIENTED_EDGE('',*,*,#1078,.F.);
#1748=ORIENTED_EDGE('',*,*,#1073,.F.);
#1749=ORIENTED_EDGE('',*,*,#973,.F.);
#1750=ORIENTED_EDGE('',*,*,#1132,.F.);
#1751=ORIENTED_EDGE('',*,*,#1127,.F.);
#1752=ORIENTED_EDGE('',*,*,#1135,.F.);
#1753=ORIENTED_EDGE('',*,*,#1114,.F.);
#1754=ORIENTED_EDGE('',*,*,#1119,.F.);
#1755=ORIENTED_EDGE('',*,*,#1039,.F.);
#1756=ORIENTED_EDGE('',*,*,#1023,.F.);
#1757=ORIENTED_EDGE('',*,*,#1010,.F.);
#1758=ORIENTED_EDGE('',*,*,#1187,.F.);
#1759=ORIENTED_EDGE('',*,*,#1170,.F.);
#1760=ORIENTED_EDGE('',*,*,#1184,.F.);
#1761=ORIENTED_EDGE('',*,*,#1180,.F.);
#1762=ORIENTED_EDGE('',*,*,#969,.F.);
#1763=ORIENTED_EDGE('',*,*,#1206,.T.);
#1764=ORIENTED_EDGE('',*,*,#1213,.T.);
#1765=PLANE('',#1952);
#1766=PLANE('',#1954);
#1767=PLANE('',#1955);
#1768=PLANE('',#1957);
#1769=PLANE('',#2172);
#1770=PLANE('',#2173);
#1771=PLANE('',#2174);
#1772=PLANE('',#2175);
#1773=PLANE('',#2176);
#1774=PLANE('',#2177);
#1775=PLANE('',#2178);
#1776=PLANE('',#2179);
#1777=PLANE('',#2180);
#1778=PLANE('',#2181);
#1779=PLANE('',#2182);
#1780=PLANE('',#2183);
#1781=PLANE('',#2184);
#1782=PLANE('',#2185);
#1783=PLANE('',#2186);
#1784=PLANE('',#2187);
#1785=PLANE('',#2195);
#1786=PLANE('',#2204);
#1787=PLANE('',#2208);
#1788=PLANE('',#2211);
#1789=PLANE('',#2212);
#1790=PLANE('',#2213);
#1791=PLANE('',#2214);
#1792=PLANE('',#2215);
#1793=PLANE('',#2216);
#1794=PLANE('',#2217);
#1795=ADVANCED_FACE('',(#241),#1765,.T.);
#1796=ADVANCED_FACE('',(#242),#1766,.F.);
#1797=ADVANCED_FACE('',(#243),#1767,.T.);
#1798=ADVANCED_FACE('',(#244),#1768,.F.);
#1799=ADVANCED_FACE('',(#245),#173,.T.);
#1800=ADVANCED_FACE('',(#246),#174,.T.);
#1801=ADVANCED_FACE('',(#247),#23,.T.);
#1802=ADVANCED_FACE('',(#248),#24,.T.);
#1803=ADVANCED_FACE('',(#249),#175,.T.);
#1804=ADVANCED_FACE('',(#250),#25,.T.);
#1805=ADVANCED_FACE('',(#251),#26,.T.);
#1806=ADVANCED_FACE('',(#252),#27,.T.);
#1807=ADVANCED_FACE('',(#253),#28,.T.);
#1808=ADVANCED_FACE('',(#254),#176,.T.);
#1809=ADVANCED_FACE('',(#255),#29,.T.);
#1810=ADVANCED_FACE('',(#256),#177,.T.);
#1811=ADVANCED_FACE('',(#257),#178,.T.);
#1812=ADVANCED_FACE('',(#258),#30,.T.);
#1813=ADVANCED_FACE('',(#259),#31,.T.);
#1814=ADVANCED_FACE('',(#260),#179,.T.);
#1815=ADVANCED_FACE('',(#261),#180,.T.);
#1816=ADVANCED_FACE('',(#262),#32,.T.);
#1817=ADVANCED_FACE('',(#263),#181,.T.);
#1818=ADVANCED_FACE('',(#264),#33,.T.);
#1819=ADVANCED_FACE('',(#265),#182,.T.);
#1820=ADVANCED_FACE('',(#266),#183,.T.);
#1821=ADVANCED_FACE('',(#267),#34,.T.);
#1822=ADVANCED_FACE('',(#268),#35,.T.);
#1823=ADVANCED_FACE('',(#269),#184,.T.);
#1824=ADVANCED_FACE('',(#270),#36,.T.);
#1825=ADVANCED_FACE('',(#271),#185,.T.);
#1826=ADVANCED_FACE('',(#272),#186,.T.);
#1827=ADVANCED_FACE('',(#273),#37,.T.);
#1828=ADVANCED_FACE('',(#274),#187,.T.);
#1829=ADVANCED_FACE('',(#275),#38,.T.);
#1830=ADVANCED_FACE('',(#276),#39,.T.);
#1831=ADVANCED_FACE('',(#277),#40,.T.);
#1832=ADVANCED_FACE('',(#278),#188,.T.);
#1833=ADVANCED_FACE('',(#279),#189,.T.);
#1834=ADVANCED_FACE('',(#280),#41,.T.);
#1835=ADVANCED_FACE('',(#281),#190,.T.);
#1836=ADVANCED_FACE('',(#282),#42,.T.);
#1837=ADVANCED_FACE('',(#283),#43,.T.);
#1838=ADVANCED_FACE('',(#284),#191,.T.);
#1839=ADVANCED_FACE('',(#285),#192,.T.);
#1840=ADVANCED_FACE('',(#286),#193,.T.);
#1841=ADVANCED_FACE('',(#287),#194,.T.);
#1842=ADVANCED_FACE('',(#288),#195,.T.);
#1843=ADVANCED_FACE('',(#289),#196,.T.);
#1844=ADVANCED_FACE('',(#290),#197,.T.);
#1845=ADVANCED_FACE('',(#291),#198,.T.);
#1846=ADVANCED_FACE('',(#292),#199,.T.);
#1847=ADVANCED_FACE('',(#293),#200,.T.);
#1848=ADVANCED_FACE('',(#294),#201,.T.);
#1849=ADVANCED_FACE('',(#295),#44,.T.);
#1850=ADVANCED_FACE('',(#296),#202,.T.);
#1851=ADVANCED_FACE('',(#297),#203,.T.);
#1852=ADVANCED_FACE('',(#298),#45,.T.);
#1853=ADVANCED_FACE('',(#299),#204,.T.);
#1854=ADVANCED_FACE('',(#300),#46,.T.);
#1855=ADVANCED_FACE('',(#301),#47,.T.);
#1856=ADVANCED_FACE('',(#302),#205,.T.);
#1857=ADVANCED_FACE('',(#303),#206,.T.);
#1858=ADVANCED_FACE('',(#304),#207,.T.);
#1859=ADVANCED_FACE('',(#305),#208,.T.);
#1860=ADVANCED_FACE('',(#306),#48,.T.);
#1861=ADVANCED_FACE('',(#307),#49,.T.);
#1862=ADVANCED_FACE('',(#308),#209,.T.);
#1863=ADVANCED_FACE('',(#309),#210,.T.);
#1864=ADVANCED_FACE('',(#310),#211,.T.);
#1865=ADVANCED_FACE('',(#311),#212,.T.);
#1866=ADVANCED_FACE('',(#312),#213,.T.);
#1867=ADVANCED_FACE('',(#313),#214,.T.);
#1868=ADVANCED_FACE('',(#314),#215,.T.);
#1869=ADVANCED_FACE('',(#315),#216,.T.);
#1870=ADVANCED_FACE('',(#316),#217,.T.);
#1871=ADVANCED_FACE('',(#317),#218,.T.);
#1872=ADVANCED_FACE('',(#318),#50,.T.);
#1873=ADVANCED_FACE('',(#319),#219,.T.);
#1874=ADVANCED_FACE('',(#320),#220,.T.);
#1875=ADVANCED_FACE('',(#321),#51,.T.);
#1876=ADVANCED_FACE('',(#322),#52,.T.);
#1877=ADVANCED_FACE('',(#323),#221,.T.);
#1878=ADVANCED_FACE('',(#324),#222,.T.);
#1879=ADVANCED_FACE('',(#325),#223,.T.);
#1880=ADVANCED_FACE('',(#326),#53,.T.);
#1881=ADVANCED_FACE('',(#327),#54,.T.);
#1882=ADVANCED_FACE('',(#328),#224,.T.);
#1883=ADVANCED_FACE('',(#329),#225,.T.);
#1884=ADVANCED_FACE('',(#330),#226,.T.);
#1885=ADVANCED_FACE('',(#331),#55,.T.);
#1886=ADVANCED_FACE('',(#332),#56,.T.);
#1887=ADVANCED_FACE('',(#333),#227,.T.);
#1888=ADVANCED_FACE('',(#334),#228,.T.);
#1889=ADVANCED_FACE('',(#335),#229,.T.);
#1890=ADVANCED_FACE('',(#336),#230,.T.);
#1891=ADVANCED_FACE('',(#337),#231,.T.);
#1892=ADVANCED_FACE('',(#338),#232,.T.);
#1893=ADVANCED_FACE('',(#339),#233,.T.);
#1894=ADVANCED_FACE('',(#340),#234,.T.);
#1895=ADVANCED_FACE('',(#341),#235,.T.);
#1896=ADVANCED_FACE('',(#342),#236,.T.);
#1897=ADVANCED_FACE('',(#343),#1769,.T.);
#1898=ADVANCED_FACE('',(#344),#1770,.T.);
#1899=ADVANCED_FACE('',(#345),#1771,.F.);
#1900=ADVANCED_FACE('',(#346),#1772,.T.);
#1901=ADVANCED_FACE('',(#347),#1773,.T.);
#1902=ADVANCED_FACE('',(#348),#1774,.F.);
#1903=ADVANCED_FACE('',(#349),#1775,.T.);
#1904=ADVANCED_FACE('',(#350),#1776,.T.);
#1905=ADVANCED_FACE('',(#351),#1777,.F.);
#1906=ADVANCED_FACE('',(#352),#1778,.T.);
#1907=ADVANCED_FACE('',(#353),#1779,.T.);
#1908=ADVANCED_FACE('',(#354),#1780,.T.);
#1909=ADVANCED_FACE('',(#355),#1781,.T.);
#1910=ADVANCED_FACE('',(#356),#1782,.T.);
#1911=ADVANCED_FACE('',(#357),#1783,.T.);
#1912=ADVANCED_FACE('',(#358),#1784,.T.);
#1913=ADVANCED_FACE('',(#359),#19,.T.);
#1914=ADVANCED_FACE('',(#360),#237,.T.);
#1915=ADVANCED_FACE('',(#361,#15),#1785,.T.);
#1916=ADVANCED_FACE('',(#362),#20,.T.);
#1917=ADVANCED_FACE('',(#363),#238,.T.);
#1918=ADVANCED_FACE('',(#364,#16),#1786,.T.);
#1919=ADVANCED_FACE('',(#365),#239,.F.);
#1920=ADVANCED_FACE('',(#366),#1787,.T.);
#1921=ADVANCED_FACE('',(#367),#240,.F.);
#1922=ADVANCED_FACE('',(#368),#1788,.T.);
#1923=ADVANCED_FACE('',(#369),#1789,.T.);
#1924=ADVANCED_FACE('',(#370),#1790,.T.);
#1925=ADVANCED_FACE('',(#371),#1791,.T.);
#1926=ADVANCED_FACE('',(#372),#1792,.T.);
#1927=ADVANCED_FACE('',(#373),#1793,.T.);
#1928=ADVANCED_FACE('',(#374,#17,#18),#1794,.T.);
#1929=CLOSED_SHELL('',(#1795,#1796,#1797,#1798,#1799,#1800,#1801,#1802,
#1803,#1804,#1805,#1806,#1807,#1808,#1809,#1810,#1811,#1812,#1813,#1814,
#1815,#1816,#1817,#1818,#1819,#1820,#1821,#1822,#1823,#1824,#1825,#1826,
#1827,#1828,#1829,#1830,#1831,#1832,#1833,#1834,#1835,#1836,#1837,#1838,
#1839,#1840,#1841,#1842,#1843,#1844,#1845,#1846,#1847,#1848,#1849,#1850,
#1851,#1852,#1853,#1854,#1855,#1856,#1857,#1858,#1859,#1860,#1861,#1862,
#1863,#1864,#1865,#1866,#1867,#1868,#1869,#1870,#1871,#1872,#1873,#1874,
#1875,#1876,#1877,#1878,#1879,#1880,#1881,#1882,#1883,#1884,#1885,#1886,
#1887,#1888,#1889,#1890,#1891,#1892,#1893,#1894,#1895,#1896,#1897,#1898,
#1899,#1900,#1901,#1902,#1903,#1904,#1905,#1906,#1907,#1908,#1909,#1910,
#1911,#1912,#1913,#1914,#1915,#1916,#1917,#1918,#1919,#1920,#1921,#1922,
#1923,#1924,#1925,#1926,#1927,#1928));
#1930=DERIVED_UNIT_ELEMENT(#1933,1.);
#1931=DERIVED_UNIT_ELEMENT(#3464,-3.);
#1932=DIMENSIONAL_EXPONENTS(0.,1.,0.,0.,0.,0.,0.);
#1933=(
CONVERSION_BASED_UNIT('gram',#1935)
MASS_UNIT()
NAMED_UNIT(#1932)
);
#1934=(
MASS_UNIT()
NAMED_UNIT(*)
SI_UNIT(.KILO.,.GRAM.)
);
#1935=MASS_MEASURE_WITH_UNIT(MASS_MEASURE(0.001),#1934);
#1936=DERIVED_UNIT((#1930,#1931));
#1937=MEASURE_REPRESENTATION_ITEM('density measure',
POSITIVE_RATIO_MEASURE(1.27),#1936);
#1938=PROPERTY_DEFINITION_REPRESENTATION(#1943,#1940);
#1939=PROPERTY_DEFINITION_REPRESENTATION(#1944,#1941);
#1940=REPRESENTATION('material name',(#1942),#3461);
#1941=REPRESENTATION('density',(#1937),#3461);
#1942=DESCRIPTIVE_REPRESENTATION_ITEM('Plastico PETG','Plastico PETG');
#1943=PROPERTY_DEFINITION('material property','material name',#3471);
#1944=PROPERTY_DEFINITION('material property','density of part',#3471);
#1945=DATE_TIME_ROLE('creation_date');
#1946=APPLIED_DATE_AND_TIME_ASSIGNMENT(#1947,#1945,(#3471));
#1947=DATE_AND_TIME(#1948,#1949);
#1948=CALENDAR_DATE(2025,26,9);
#1949=LOCAL_TIME(0,0,0.,#1950);
#1950=COORDINATED_UNIVERSAL_TIME_OFFSET(0,0,.BEHIND.);
#1951=AXIS2_PLACEMENT_3D('',#2890,#2218,#2219);
#1952=AXIS2_PLACEMENT_3D('',#2891,#2220,#2221);
#1953=AXIS2_PLACEMENT_3D('',#2901,#2226,#2227);
#1954=AXIS2_PLACEMENT_3D('',#2902,#2228,#2229);
#1955=AXIS2_PLACEMENT_3D('',#2911,#2234,#2235);
#1956=AXIS2_PLACEMENT_3D('',#2921,#2240,#2241);
#1957=AXIS2_PLACEMENT_3D('',#2922,#2242,#2243);
#1958=AXIS2_PLACEMENT_3D('',#2931,#2248,#2249);
#1959=AXIS2_PLACEMENT_3D('',#2933,#2250,#2251);
#1960=AXIS2_PLACEMENT_3D('',#2935,#2252,#2253);
#1961=AXIS2_PLACEMENT_3D('',#2938,#2255,#2256);
#1962=AXIS2_PLACEMENT_3D('',#2939,#2257,#2258);
#1963=AXIS2_PLACEMENT_3D('',#2941,#2259,#2260);
#1964=AXIS2_PLACEMENT_3D('',#2943,#2261,#2262);
#1965=AXIS2_PLACEMENT_3D('',#2946,#2264,#2265);
#1966=AXIS2_PLACEMENT_3D('',#2947,#2266,#2267);
#1967=AXIS2_PLACEMENT_3D('',#2950,#2268,#2269);
#1968=AXIS2_PLACEMENT_3D('',#2952,#2270,#2271);
#1969=AXIS2_PLACEMENT_3D('',#2953,#2272,#2273);
#1970=AXIS2_PLACEMENT_3D('',#2954,#2274,#2275);
#1971=AXIS2_PLACEMENT_3D('',#2957,#2276,#2277);
#1972=AXIS2_PLACEMENT_3D('',#2959,#2278,#2279);
#1973=AXIS2_PLACEMENT_3D('',#2960,#2280,#2281);
#1974=AXIS2_PLACEMENT_3D('',#2961,#2282,#2283);
#1975=AXIS2_PLACEMENT_3D('',#2964,#2286,#2287);
#1976=AXIS2_PLACEMENT_3D('',#2967,#2288,#2289);
#1977=AXIS2_PLACEMENT_3D('',#2969,#2290,#2291);
#1978=AXIS2_PLACEMENT_3D('',#2970,#2292,#2293);
#1979=AXIS2_PLACEMENT_3D('',#2971,#2294,#2295);
#1980=AXIS2_PLACEMENT_3D('',#2974,#2296,#2297);
#1981=AXIS2_PLACEMENT_3D('',#2976,#2298,#2299);
#1982=AXIS2_PLACEMENT_3D('',#2977,#2300,#2301);
#1983=AXIS2_PLACEMENT_3D('',#2978,#2302,#2303);
#1984=AXIS2_PLACEMENT_3D('',#2981,#2304,#2305);
#1985=AXIS2_PLACEMENT_3D('',#2983,#2306,#2307);
#1986=AXIS2_PLACEMENT_3D('',#2984,#2308,#2309);
#1987=AXIS2_PLACEMENT_3D('',#2985,#2310,#2311);
#1988=AXIS2_PLACEMENT_3D('',#2988,#2312,#2313);
#1989=AXIS2_PLACEMENT_3D('',#2990,#2314,#2315);
#1990=AXIS2_PLACEMENT_3D('',#2991,#2316,#2317);
#1991=AXIS2_PLACEMENT_3D('',#2992,#2318,#2319);
#1992=AXIS2_PLACEMENT_3D('',#2995,#2322,#2323);
#1993=AXIS2_PLACEMENT_3D('',#2998,#2324,#2325);
#1994=AXIS2_PLACEMENT_3D('',#3000,#2326,#2327);
#1995=AXIS2_PLACEMENT_3D('',#3001,#2328,#2329);
#1996=AXIS2_PLACEMENT_3D('',#3002,#2330,#2331);
#1997=AXIS2_PLACEMENT_3D('',#3005,#2334,#2335);
#1998=AXIS2_PLACEMENT_3D('',#3008,#2338,#2339);
#1999=AXIS2_PLACEMENT_3D('',#3011,#2340,#2341);
#2000=AXIS2_PLACEMENT_3D('',#3013,#2342,#2343);
#2001=AXIS2_PLACEMENT_3D('',#3014,#2344,#2345);
#2002=AXIS2_PLACEMENT_3D('',#3015,#2346,#2347);
#2003=AXIS2_PLACEMENT_3D('',#3018,#2348,#2349);
#2004=AXIS2_PLACEMENT_3D('',#3020,#2350,#2351);
#2005=AXIS2_PLACEMENT_3D('',#3021,#2352,#2353);
#2006=AXIS2_PLACEMENT_3D('',#3022,#2354,#2355);
#2007=AXIS2_PLACEMENT_3D('',#3025,#2358,#2359);
#2008=AXIS2_PLACEMENT_3D('',#3028,#2362,#2363);
#2009=AXIS2_PLACEMENT_3D('',#3030,#2364,#2365);
#2010=AXIS2_PLACEMENT_3D('',#3032,#2366,#2367);
#2011=AXIS2_PLACEMENT_3D('',#3033,#2368,#2369);
#2012=AXIS2_PLACEMENT_3D('',#3034,#2370,#2371);
#2013=AXIS2_PLACEMENT_3D('',#3037,#2374,#2375);
#2014=AXIS2_PLACEMENT_3D('',#3040,#2376,#2377);
#2015=AXIS2_PLACEMENT_3D('',#3042,#2378,#2379);
#2016=AXIS2_PLACEMENT_3D('',#3043,#2380,#2381);
#2017=AXIS2_PLACEMENT_3D('',#3044,#2382,#2383);
#2018=AXIS2_PLACEMENT_3D('',#3049,#2386,#2387);
#2019=AXIS2_PLACEMENT_3D('',#3050,#2388,#2389);
#2020=AXIS2_PLACEMENT_3D('',#3053,#2391,#2392);
#2021=AXIS2_PLACEMENT_3D('',#3054,#2393,#2394);
#2022=AXIS2_PLACEMENT_3D('',#3057,#2395,#2396);
#2023=AXIS2_PLACEMENT_3D('',#3059,#2397,#2398);
#2024=AXIS2_PLACEMENT_3D('',#3060,#2399,#2400);
#2025=AXIS2_PLACEMENT_3D('',#3061,#2401,#2402);
#2026=AXIS2_PLACEMENT_3D('',#3064,#2403,#2404);
#2027=AXIS2_PLACEMENT_3D('',#3066,#2405,#2406);
#2028=AXIS2_PLACEMENT_3D('',#3067,#2407,#2408);
#2029=AXIS2_PLACEMENT_3D('',#3068,#2409,#2410);
#2030=AXIS2_PLACEMENT_3D('',#3073,#2413,#2414);
#2031=AXIS2_PLACEMENT_3D('',#3074,#2415,#2416);
#2032=AXIS2_PLACEMENT_3D('',#3077,#2417,#2418);
#2033=AXIS2_PLACEMENT_3D('',#3079,#2419,#2420);
#2034=AXIS2_PLACEMENT_3D('',#3080,#2421,#2422);
#2035=AXIS2_PLACEMENT_3D('',#3081,#2423,#2424);
#2036=AXIS2_PLACEMENT_3D('',#3085,#2426,#2427);
#2037=AXIS2_PLACEMENT_3D('',#3087,#2429,#2430);
#2038=AXIS2_PLACEMENT_3D('',#3091,#2432,#2433);
#2039=AXIS2_PLACEMENT_3D('',#3093,#2435,#2436);
#2040=AXIS2_PLACEMENT_3D('',#3095,#2437,#2438);
#2041=AXIS2_PLACEMENT_3D('',#3097,#2439,#2440);
#2042=AXIS2_PLACEMENT_3D('',#3098,#2441,#2442);
#2043=AXIS2_PLACEMENT_3D('',#3099,#2443,#2444);
#2044=AXIS2_PLACEMENT_3D('',#3103,#2446,#2447);
#2045=AXIS2_PLACEMENT_3D('',#3105,#2449,#2450);
#2046=AXIS2_PLACEMENT_3D('',#3108,#2451,#2452);
#2047=AXIS2_PLACEMENT_3D('',#3110,#2453,#2454);
#2048=AXIS2_PLACEMENT_3D('',#3111,#2455,#2456);
#2049=AXIS2_PLACEMENT_3D('',#3112,#2457,#2458);
#2050=AXIS2_PLACEMENT_3D('',#3113,#2459,#2460);
#2051=AXIS2_PLACEMENT_3D('',#3115,#2461,#2462);
#2052=AXIS2_PLACEMENT_3D('',#3116,#2463,#2464);
#2053=AXIS2_PLACEMENT_3D('',#3117,#2465,#2466);
#2054=AXIS2_PLACEMENT_3D('',#3120,#2467,#2468);
#2055=AXIS2_PLACEMENT_3D('',#3122,#2469,#2470);
#2056=AXIS2_PLACEMENT_3D('',#3123,#2471,#2472);
#2057=AXIS2_PLACEMENT_3D('',#3124,#2473,#2474);
#2058=AXIS2_PLACEMENT_3D('',#3127,#2477,#2478);
#2059=AXIS2_PLACEMENT_3D('',#3130,#2481,#2482);
#2060=AXIS2_PLACEMENT_3D('',#3133,#2483,#2484);
#2061=AXIS2_PLACEMENT_3D('',#3134,#2485,#2486);
#2062=AXIS2_PLACEMENT_3D('',#3135,#2487,#2488);
#2063=AXIS2_PLACEMENT_3D('',#3136,#2489,#2490);
#2064=AXIS2_PLACEMENT_3D('',#3138,#2492,#2493);
#2065=AXIS2_PLACEMENT_3D('',#3140,#2494,#2495);
#2066=AXIS2_PLACEMENT_3D('',#3141,#2496,#2497);
#2067=AXIS2_PLACEMENT_3D('',#3142,#2498,#2499);
#2068=AXIS2_PLACEMENT_3D('',#3145,#2500,#2501);
#2069=AXIS2_PLACEMENT_3D('',#3147,#2502,#2503);
#2070=AXIS2_PLACEMENT_3D('',#3148,#2504,#2505);
#2071=AXIS2_PLACEMENT_3D('',#3149,#2506,#2507);
#2072=AXIS2_PLACEMENT_3D('',#3152,#2510,#2511);
#2073=AXIS2_PLACEMENT_3D('',#3155,#2514,#2515);
#2074=AXIS2_PLACEMENT_3D('',#3160,#2518,#2519);
#2075=AXIS2_PLACEMENT_3D('',#3161,#2520,#2521);
#2076=AXIS2_PLACEMENT_3D('',#3163,#2523,#2524);
#2077=AXIS2_PLACEMENT_3D('',#3168,#2527,#2528);
#2078=AXIS2_PLACEMENT_3D('',#3169,#2529,#2530);
#2079=AXIS2_PLACEMENT_3D('',#3172,#2533,#2534);
#2080=AXIS2_PLACEMENT_3D('',#3174,#2536,#2537);
#2081=AXIS2_PLACEMENT_3D('',#3185,#2538,#2539);
#2082=AXIS2_PLACEMENT_3D('',#3198,#2542,#2543);
#2083=AXIS2_PLACEMENT_3D('',#3201,#2546,#2547);
#2084=AXIS2_PLACEMENT_3D('',#3204,#2549,#2550);
#2085=AXIS2_PLACEMENT_3D('',#3205,#2551,#2552);
#2086=AXIS2_PLACEMENT_3D('',#3208,#2553,#2554);
#2087=AXIS2_PLACEMENT_3D('',#3210,#2555,#2556);
#2088=AXIS2_PLACEMENT_3D('',#3211,#2557,#2558);
#2089=AXIS2_PLACEMENT_3D('',#3212,#2559,#2560);
#2090=AXIS2_PLACEMENT_3D('',#3215,#2563,#2564);
#2091=AXIS2_PLACEMENT_3D('',#3218,#2567,#2568);
#2092=AXIS2_PLACEMENT_3D('',#3221,#2569,#2570);
#2093=AXIS2_PLACEMENT_3D('',#3223,#2571,#2572);
#2094=AXIS2_PLACEMENT_3D('',#3224,#2573,#2574);
#2095=AXIS2_PLACEMENT_3D('',#3225,#2575,#2576);
#2096=AXIS2_PLACEMENT_3D('',#3228,#2579,#2580);
#2097=AXIS2_PLACEMENT_3D('',#3231,#2581,#2582);
#2098=AXIS2_PLACEMENT_3D('',#3233,#2583,#2584);
#2099=AXIS2_PLACEMENT_3D('',#3234,#2585,#2586);
#2100=AXIS2_PLACEMENT_3D('',#3235,#2587,#2588);
#2101=AXIS2_PLACEMENT_3D('',#3238,#2589,#2590);
#2102=AXIS2_PLACEMENT_3D('',#3240,#2591,#2592);
#2103=AXIS2_PLACEMENT_3D('',#3241,#2593,#2594);
#2104=AXIS2_PLACEMENT_3D('',#3242,#2595,#2596);
#2105=AXIS2_PLACEMENT_3D('',#3245,#2599,#2600);
#2106=AXIS2_PLACEMENT_3D('',#3248,#2603,#2604);
#2107=AXIS2_PLACEMENT_3D('',#3251,#2607,#2608);
#2108=AXIS2_PLACEMENT_3D('',#3254,#2611,#2612);
#2109=AXIS2_PLACEMENT_3D('',#3257,#2613,#2614);
#2110=AXIS2_PLACEMENT_3D('',#3259,#2615,#2616);
#2111=AXIS2_PLACEMENT_3D('',#3260,#2617,#2618);
#2112=AXIS2_PLACEMENT_3D('',#3261,#2619,#2620);
#2113=AXIS2_PLACEMENT_3D('',#3264,#2621,#2622);
#2114=AXIS2_PLACEMENT_3D('',#3266,#2623,#2624);
#2115=AXIS2_PLACEMENT_3D('',#3267,#2625,#2626);
#2116=AXIS2_PLACEMENT_3D('',#3268,#2627,#2628);
#2117=AXIS2_PLACEMENT_3D('',#3271,#2631,#2632);
#2118=AXIS2_PLACEMENT_3D('',#3274,#2635,#2636);
#2119=AXIS2_PLACEMENT_3D('',#3277,#2639,#2640);
#2120=AXIS2_PLACEMENT_3D('',#3280,#2643,#2644);
#2121=AXIS2_PLACEMENT_3D('',#3283,#2647,#2648);
#2122=AXIS2_PLACEMENT_3D('',#3286,#2651,#2652);
#2123=AXIS2_PLACEMENT_3D('',#3289,#2655,#2656);
#2124=AXIS2_PLACEMENT_3D('',#3292,#2659,#2660);
#2125=AXIS2_PLACEMENT_3D('',#3295,#2663,#2664);
#2126=AXIS2_PLACEMENT_3D('',#3300,#2667,#2668);
#2127=AXIS2_PLACEMENT_3D('',#3301,#2669,#2670);
#2128=AXIS2_PLACEMENT_3D('',#3304,#2671,#2672);
#2129=AXIS2_PLACEMENT_3D('',#3306,#2673,#2674);
#2130=AXIS2_PLACEMENT_3D('',#3307,#2675,#2676);
#2131=AXIS2_PLACEMENT_3D('',#3308,#2677,#2678);
#2132=AXIS2_PLACEMENT_3D('',#3311,#2681,#2682);
#2133=AXIS2_PLACEMENT_3D('',#3314,#2685,#2686);
#2134=AXIS2_PLACEMENT_3D('',#3317,#2687,#2688);
#2135=AXIS2_PLACEMENT_3D('',#3318,#2689,#2690);
#2136=AXIS2_PLACEMENT_3D('',#3319,#2691,#2692);
#2137=AXIS2_PLACEMENT_3D('',#3320,#2693,#2694);
#2138=AXIS2_PLACEMENT_3D('',#3321,#2695,#2696);
#2139=AXIS2_PLACEMENT_3D('',#3323,#2697,#2698);
#2140=AXIS2_PLACEMENT_3D('',#3324,#2699,#2700);
#2141=AXIS2_PLACEMENT_3D('',#3325,#2701,#2702);
#2142=AXIS2_PLACEMENT_3D('',#3327,#2704,#2705);
#2143=AXIS2_PLACEMENT_3D('',#3329,#2707,#2708);
#2144=AXIS2_PLACEMENT_3D('',#3330,#2709,#2710);
#2145=AXIS2_PLACEMENT_3D('',#3333,#2711,#2712);
#2146=AXIS2_PLACEMENT_3D('',#3335,#2713,#2714);
#2147=AXIS2_PLACEMENT_3D('',#3336,#2715,#2716);
#2148=AXIS2_PLACEMENT_3D('',#3337,#2717,#2718);
#2149=AXIS2_PLACEMENT_3D('',#3340,#2719,#2720);
#2150=AXIS2_PLACEMENT_3D('',#3342,#2721,#2722);
#2151=AXIS2_PLACEMENT_3D('',#3343,#2723,#2724);
#2152=AXIS2_PLACEMENT_3D('',#3344,#2725,#2726);
#2153=AXIS2_PLACEMENT_3D('',#3347,#2729,#2730);
#2154=AXIS2_PLACEMENT_3D('',#3350,#2733,#2734);
#2155=AXIS2_PLACEMENT_3D('',#3353,#2737,#2738);
#2156=AXIS2_PLACEMENT_3D('',#3355,#2739,#2740);
#2157=AXIS2_PLACEMENT_3D('',#3356,#2741,#2742);
#2158=AXIS2_PLACEMENT_3D('',#3357,#2743,#2744);
#2159=AXIS2_PLACEMENT_3D('',#3360,#2745,#2746);
#2160=AXIS2_PLACEMENT_3D('',#3362,#2747,#2748);
#2161=AXIS2_PLACEMENT_3D('',#3363,#2749,#2750);
#2162=AXIS2_PLACEMENT_3D('',#3364,#2751,#2752);
#2163=AXIS2_PLACEMENT_3D('',#3367,#2755,#2756);
#2164=AXIS2_PLACEMENT_3D('',#3370,#2759,#2760);
#2165=AXIS2_PLACEMENT_3D('',#3373,#2763,#2764);
#2166=AXIS2_PLACEMENT_3D('',#3375,#2766,#2767);
#2167=AXIS2_PLACEMENT_3D('',#3378,#2770,#2771);
#2168=AXIS2_PLACEMENT_3D('',#3381,#2774,#2775);
#2169=AXIS2_PLACEMENT_3D('',#3384,#2778,#2779);
#2170=AXIS2_PLACEMENT_3D('',#3387,#2782,#2783);
#2171=AXIS2_PLACEMENT_3D('',#3390,#2786,#2787);
#2172=AXIS2_PLACEMENT_3D('',#3393,#2790,#2791);
#2173=AXIS2_PLACEMENT_3D('',#3395,#2793,#2794);
#2174=AXIS2_PLACEMENT_3D('',#3397,#2796,#2797);
#2175=AXIS2_PLACEMENT_3D('',#3398,#2798,#2799);
#2176=AXIS2_PLACEMENT_3D('',#3399,#2800,#2801);
#2177=AXIS2_PLACEMENT_3D('',#3400,#2802,#2803);
#2178=AXIS2_PLACEMENT_3D('',#3401,#2804,#2805);
#2179=AXIS2_PLACEMENT_3D('',#3402,#2806,#2807);
#2180=AXIS2_PLACEMENT_3D('',#3403,#2808,#2809);
#2181=AXIS2_PLACEMENT_3D('',#3404,#2810,#2811);
#2182=AXIS2_PLACEMENT_3D('',#3405,#2812,#2813);
#2183=AXIS2_PLACEMENT_3D('',#3406,#2814,#2815);
#2184=AXIS2_PLACEMENT_3D('',#3407,#2816,#2817);
#2185=AXIS2_PLACEMENT_3D('',#3408,#2818,#2819);
#2186=AXIS2_PLACEMENT_3D('',#3409,#2820,#2821);
#2187=AXIS2_PLACEMENT_3D('',#3410,#2822,#2823);
#2188=AXIS2_PLACEMENT_3D('',#3411,#2824,#2825);
#2189=AXIS2_PLACEMENT_3D('',#3413,#2826,#2827);
#2190=AXIS2_PLACEMENT_3D('',#3415,#2828,#2829);
#2191=AXIS2_PLACEMENT_3D('',#3417,#2830,#2831);
#2192=AXIS2_PLACEMENT_3D('',#3418,#2832,#2833);
#2193=AXIS2_PLACEMENT_3D('',#3419,#2834,#2835);
#2194=AXIS2_PLACEMENT_3D('',#3422,#2837,#2838);
#2195=AXIS2_PLACEMENT_3D('',#3423,#2839,#2840);
#2196=AXIS2_PLACEMENT_3D('',#3425,#2841,#2842);
#2197=AXIS2_PLACEMENT_3D('',#3426,#2843,#2844);
#2198=AXIS2_PLACEMENT_3D('',#3428,#2845,#2846);
#2199=AXIS2_PLACEMENT_3D('',#3430,#2847,#2848);
#2200=AXIS2_PLACEMENT_3D('',#3432,#2849,#2850);
#2201=AXIS2_PLACEMENT_3D('',#3433,#2851,#2852);
#2202=AXIS2_PLACEMENT_3D('',#3434,#2853,#2854);
#2203=AXIS2_PLACEMENT_3D('',#3437,#2856,#2857);
#2204=AXIS2_PLACEMENT_3D('',#3438,#2858,#2859);
#2205=AXIS2_PLACEMENT_3D('',#3440,#2860,#2861);
#2206=AXIS2_PLACEMENT_3D('',#3441,#2862,#2863);
#2207=AXIS2_PLACEMENT_3D('',#3444,#2865,#2866);
#2208=AXIS2_PLACEMENT_3D('',#3445,#2867,#2868);
#2209=AXIS2_PLACEMENT_3D('',#3446,#2869,#2870);
#2210=AXIS2_PLACEMENT_3D('',#3449,#2872,#2873);
#2211=AXIS2_PLACEMENT_3D('',#3450,#2874,#2875);
#2212=AXIS2_PLACEMENT_3D('',#3451,#2876,#2877);
#2213=AXIS2_PLACEMENT_3D('',#3452,#2878,#2879);
#2214=AXIS2_PLACEMENT_3D('',#3454,#2881,#2882);
#2215=AXIS2_PLACEMENT_3D('',#3456,#2884,#2885);
#2216=AXIS2_PLACEMENT_3D('',#3457,#2886,#2887);
#2217=AXIS2_PLACEMENT_3D('',#3458,#2888,#2889);
#2218=DIRECTION('axis',(0.,0.,1.));
#2219=DIRECTION('refdir',(1.,0.,0.));
#2220=DIRECTION('center_axis',(-0.800000000000001,0.,-0.599999999999999));
#2221=DIRECTION('ref_axis',(-0.599999999999999,0.,0.800000000000001));
#2222=DIRECTION('',(-0.557086014531155,0.371390676354101,0.742781352708209));
#2223=DIRECTION('',(0.,1.,0.));
#2224=DIRECTION('',(0.599999999999999,0.,-0.800000000000001));
#2225=DIRECTION('',(0.,1.,0.));
#2226=DIRECTION('center_axis',(0.800000000000001,0.,0.599999999999999));
#2227=DIRECTION('ref_axis',(-0.599999999999999,8.32667268468867E-17,0.800000000000001));
#2228=DIRECTION('center_axis',(1.50030392641949E-16,-0.894427190999918,
0.447213595499955));
#2229=DIRECTION('ref_axis',(3.22058484745593E-16,0.447213595499955,0.894427190999917));
#2230=DIRECTION('',(0.557086014531155,-0.371390676354101,-0.742781352708209));
#2231=DIRECTION('',(-1.,0.,3.35478156638385E-16));
#2232=DIRECTION('',(0.557086014531156,0.371390676354101,0.742781352708209));
#2233=DIRECTION('',(1.,1.27796210294434E-15,2.22044604925032E-15));
#2234=DIRECTION('center_axis',(-0.799999999999999,0.,-0.600000000000001));
#2235=DIRECTION('ref_axis',(-0.600000000000001,0.,0.799999999999999));
#2236=DIRECTION('',(-0.557086014531158,0.3713906763541,0.742781352708208));
#2237=DIRECTION('',(0.,1.,0.));
#2238=DIRECTION('',(0.600000000000001,0.,-0.799999999999999));
#2239=DIRECTION('',(0.,1.,0.));
#2240=DIRECTION('center_axis',(0.799999999999999,0.,0.600000000000001));
#2241=DIRECTION('ref_axis',(-0.600000000000001,4.16333634234435E-17,0.799999999999999));
#2242=DIRECTION('center_axis',(1.50030392641949E-16,-0.894427190999918,
0.447213595499955));
#2243=DIRECTION('ref_axis',(3.22058484745593E-16,0.447213595499955,0.894427190999917));
#2244=DIRECTION('',(0.557086014531158,-0.3713906763541,-0.742781352708208));
#2245=DIRECTION('',(-1.,0.,3.35478156638385E-16));
#2246=DIRECTION('',(0.557086014531156,0.371390676354101,0.742781352708209));
#2247=DIRECTION('',(1.,1.67739078319191E-16,0.));
#2248=DIRECTION('center_axis',(-1.,0.,3.35478156638385E-16));
#2249=DIRECTION('ref_axis',(0.,0.97324898946773,-0.229752920547362));
#2250=DIRECTION('center_axis',(-0.470592172410913,-0.394599292261291,-0.789198584522594));
#2251=DIRECTION('ref_axis',(-0.882350841369564,0.21045521743802,0.420910434876041));
#2252=DIRECTION('center_axis',(-0.707106781186546,0.,0.707106781186549));
#2253=DIRECTION('ref_axis',(-0.707106781186549,0.,-0.707106781186546));
#2254=DIRECTION('',(1.,0.,-3.35478156638385E-16));
#2255=DIRECTION('center_axis',(1.,0.,0.));
#2256=DIRECTION('ref_axis',(0.,0.894427190999919,-0.447213595499951));
#2257=DIRECTION('center_axis',(-1.,0.,3.35478156638385E-16));
#2258=DIRECTION('ref_axis',(0.,0.97324898946773,-0.229752920547362));
#2259=DIRECTION('center_axis',(-0.470592172410911,-0.394599292261291,-0.789198584522595));
#2260=DIRECTION('ref_axis',(-0.882350841369565,0.210455217438019,0.420910434876039));
#2261=DIRECTION('center_axis',(-0.707106781186546,0.,0.707106781186549));
#2262=DIRECTION('ref_axis',(-0.707106781186549,-9.81307786677361E-17,-0.707106781186546));
#2263=DIRECTION('',(1.,0.,-3.35478156638385E-16));
#2264=DIRECTION('center_axis',(1.,0.,-7.44760245974193E-15));
#2265=DIRECTION('ref_axis',(-3.33066907387547E-15,0.894427190999919,-0.447213595499952));
#2266=DIRECTION('center_axis',(0.218217890235991,-0.87287156094397,-0.436435780471984));
#2267=DIRECTION('ref_axis',(-0.390360029179412,-0.487950036474265,0.780720058358828));
#2268=DIRECTION('center_axis',(0.,-1.,0.));
#2269=DIRECTION('ref_axis',(-0.799999999999999,0.,0.600000000000001));
#2270=DIRECTION('center_axis',(0.600000000000004,0.,0.799999999999997));
#2271=DIRECTION('ref_axis',(0.,-1.,0.));
#2272=DIRECTION('center_axis',(-1.,0.,-4.44089209850062E-15));
#2273=DIRECTION('ref_axis',(-4.44089209850062E-15,0.,1.));
#2274=DIRECTION('center_axis',(-0.218217890235991,-0.872871560943969,-0.436435780471986));
#2275=DIRECTION('ref_axis',(0.390360029179408,-0.487950036474266,0.780720058358829));
#2276=DIRECTION('center_axis',(0.,-1.,0.));
#2277=DIRECTION('ref_axis',(-4.44089209850063E-15,0.,1.));
#2278=DIRECTION('center_axis',(1.,0.,8.88178419700123E-15));
#2279=DIRECTION('ref_axis',(0.,-1.,0.));
#2280=DIRECTION('center_axis',(-0.6,-1.33226762955019E-15,0.8));
#2281=DIRECTION('ref_axis',(0.8,0.,0.6));
#2282=DIRECTION('center_axis',(1.,0.,2.42547270166125E-15));
#2283=DIRECTION('ref_axis',(0.,-0.707106781186547,0.707106781186548));
#2284=DIRECTION('',(-1.,0.,-2.42547270166125E-15));
#2285=DIRECTION('',(1.,0.,2.42547270166125E-15));
#2286=DIRECTION('center_axis',(0.,0.,1.));
#2287=DIRECTION('ref_axis',(1.,0.,0.));
#2288=DIRECTION('center_axis',(0.,-1.,0.));
#2289=DIRECTION('ref_axis',(-1.,0.,5.55111512312578E-16));
#2290=DIRECTION('center_axis',(0.,0.,1.));
#2291=DIRECTION('ref_axis',(0.,-1.,0.));
#2292=DIRECTION('center_axis',(-0.6,-1.77635683940025E-15,-0.8));
#2293=DIRECTION('ref_axis',(-0.8,0.,0.6));
#2294=DIRECTION('center_axis',(-0.137188189431356,-0.9262458780798,0.351066908182369));
#2295=DIRECTION('ref_axis',(-0.337127362686782,0.376919850021435,0.862714650384282));
#2296=DIRECTION('center_axis',(1.38777878078146E-15,1.,6.1629758220392E-30));
#2297=DIRECTION('ref_axis',(-4.44089209850063E-15,0.,1.));
#2298=DIRECTION('center_axis',(-1.,2.22044604925032E-15,-4.44089209850063E-15));
#2299=DIRECTION('ref_axis',(0.,0.894427190999915,0.447213595499959));
#2300=DIRECTION('center_axis',(0.557086014531157,-0.371390676354106,0.742781352708206));
#2301=DIRECTION('ref_axis',(-0.799999999999999,0.,0.600000000000002));
#2302=DIRECTION('center_axis',(-0.218217890235991,-0.872871560943968,0.436435780471989));
#2303=DIRECTION('ref_axis',(0.390360029179413,-0.487950036474269,-0.780720058358825));
#2304=DIRECTION('center_axis',(0.,-1.,0.));
#2305=DIRECTION('ref_axis',(0.8,0.,-0.599999999999999));
#2306=DIRECTION('center_axis',(-0.599999999999999,0.,-0.800000000000001));
#2307=DIRECTION('ref_axis',(0.,-1.,0.));
#2308=DIRECTION('center_axis',(1.,4.44089209850063E-15,0.));
#2309=DIRECTION('ref_axis',(0.,0.,-1.));
#2310=DIRECTION('center_axis',(0.,0.,1.));
#2311=DIRECTION('ref_axis',(1.,0.,0.));
#2312=DIRECTION('center_axis',(0.,-1.,0.));
#2313=DIRECTION('ref_axis',(0.8,0.,0.6));
#2314=DIRECTION('center_axis',(0.599999999999994,0.,-0.800000000000005));
#2315=DIRECTION('ref_axis',(0.,-1.,0.));
#2316=DIRECTION('center_axis',(0.,9.99200722162641E-15,1.));
#2317=DIRECTION('ref_axis',(1.,0.,0.));
#2318=DIRECTION('center_axis',(0.6,0.,-0.8));
#2319=DIRECTION('ref_axis',(0.565685424949235,-0.707106781186551,0.424264068711928));
#2320=DIRECTION('',(-0.6,0.,0.8));
#2321=DIRECTION('',(0.6,0.,-0.8));
#2322=DIRECTION('center_axis',(0.137188189431356,-0.926245878079799,0.35106690818237));
#2323=DIRECTION('ref_axis',(0.337127362686779,0.376919850021436,0.862714650384283));
#2324=DIRECTION('center_axis',(-0.557086014531152,-0.371390676354106,0.742781352708209));
#2325=DIRECTION('ref_axis',(0.,0.894427190999915,0.44721359549996));
#2326=DIRECTION('center_axis',(1.,2.74462225724422E-15,4.44089209850063E-15));
#2327=DIRECTION('ref_axis',(-4.44089209850063E-15,0.,1.));
#2328=DIRECTION('center_axis',(0.,1.,0.));
#2329=DIRECTION('ref_axis',(0.8,0.,0.6));
#2330=DIRECTION('center_axis',(-1.,1.39095912154477E-15,-2.42547270166125E-15));
#2331=DIRECTION('ref_axis',(0.,0.525731112119133,0.85065080835204));
#2332=DIRECTION('',(1.,-1.39095912154477E-15,2.42547270166125E-15));
#2333=DIRECTION('',(-1.,1.39095912154477E-15,-2.42547270166125E-15));
#2334=DIRECTION('center_axis',(0.,1.,0.));
#2335=DIRECTION('ref_axis',(0.447213595499958,0.,0.894427190999916));
#2336=DIRECTION('',(0.,-1.,0.));
#2337=DIRECTION('',(0.,1.,0.));
#2338=DIRECTION('center_axis',(0.,0.,1.));
#2339=DIRECTION('ref_axis',(1.,0.,0.));
#2340=DIRECTION('center_axis',(-1.,0.,0.));
#2341=DIRECTION('ref_axis',(0.,0.894427190999915,0.44721359549996));
#2342=DIRECTION('center_axis',(-0.600000000000002,0.,-0.799999999999998));
#2343=DIRECTION('ref_axis',(-0.799999999999998,0.,0.600000000000002));
#2344=DIRECTION('center_axis',(-0.557086014531157,0.371390676354105,-0.742781352708206));
#2345=DIRECTION('ref_axis',(-0.502295366705484,0.561583292368332,0.657513171213283));
#2346=DIRECTION('center_axis',(0.,0.,1.));
#2347=DIRECTION('ref_axis',(1.,0.,0.));
#2348=DIRECTION('center_axis',(0.600000000000002,0.,0.799999999999998));
#2349=DIRECTION('ref_axis',(0.,1.,0.));
#2350=DIRECTION('center_axis',(4.80096443081149E-16,0.,1.));
#2351=DIRECTION('ref_axis',(-0.70710678118655,0.707106781186545,0.));
#2352=DIRECTION('center_axis',(0.,1.,0.));
#2353=DIRECTION('ref_axis',(-1.,0.,0.));
#2354=DIRECTION('center_axis',(0.600000000000002,0.,0.799999999999998));
#2355=DIRECTION('ref_axis',(-0.565685424949236,0.707106781186548,0.42426406871193));
#2356=DIRECTION('',(-0.600000000000002,0.,-0.799999999999998));
#2357=DIRECTION('',(0.600000000000002,0.,0.799999999999998));
#2358=DIRECTION('center_axis',(0.,1.,0.));
#2359=DIRECTION('ref_axis',(-0.948683298050513,0.,0.31622776601684));
#2360=DIRECTION('',(0.,-1.,0.));
#2361=DIRECTION('',(0.,1.,0.));
#2362=DIRECTION('center_axis',(0.218217890235998,-0.872871560943967,0.436435780471988));
#2363=DIRECTION('ref_axis',(-0.390360029179419,-0.487950036474268,-0.780720058358823));
#2364=DIRECTION('center_axis',(0.,-1.,0.));
#2365=DIRECTION('ref_axis',(4.4408920985006E-15,0.,-1.));
#2366=DIRECTION('center_axis',(-1.,0.,0.));
#2367=DIRECTION('ref_axis',(0.,-1.,0.));
#2368=DIRECTION('center_axis',(0.599999999999997,1.24344978758017E-14,-0.800000000000002));
#2369=DIRECTION('ref_axis',(-0.800000000000002,0.,-0.599999999999997));
#2370=DIRECTION('center_axis',(-1.,0.,-2.22044604925032E-15));
#2371=DIRECTION('ref_axis',(0.,-0.707106781186549,-0.707106781186546));
#2372=DIRECTION('',(1.,0.,2.22044604925032E-15));
#2373=DIRECTION('',(-1.,0.,-2.22044604925032E-15));
#2374=DIRECTION('center_axis',(-0.218217890235993,-0.87287156094397,-0.436435780471984));
#2375=DIRECTION('ref_axis',(0.390360029179415,-0.487950036474266,0.780720058358826));
#2376=DIRECTION('center_axis',(-1.73472347597681E-16,-1.,0.));
#2377=DIRECTION('ref_axis',(0.,0.,1.));
#2378=DIRECTION('center_axis',(1.,0.,-2.22044604925031E-15));
#2379=DIRECTION('ref_axis',(0.,-1.,0.));
#2380=DIRECTION('center_axis',(-0.6,0.,0.8));
#2381=DIRECTION('ref_axis',(0.8,0.,0.6));
#2382=DIRECTION('center_axis',(4.80096443081149E-16,0.,1.));
#2383=DIRECTION('ref_axis',(-0.70710678118655,0.707106781186545,0.));
#2384=DIRECTION('',(4.80096443081149E-16,0.,1.));
#2385=DIRECTION('',(-4.80096443081149E-16,0.,-1.));
#2386=DIRECTION('center_axis',(0.707106781186532,0.,0.707106781186563));
#2387=DIRECTION('ref_axis',(0.707106781186563,0.,-0.707106781186532));
#2388=DIRECTION('center_axis',(-0.599999999999999,0.,0.800000000000001));
#2389=DIRECTION('ref_axis',(-0.565685424949239,-0.707106781186548,-0.424264068711926));
#2390=DIRECTION('',(-0.599999999999999,0.,0.800000000000001));
#2391=DIRECTION('center_axis',(0.316227766016837,0.,-0.948683298050514));
#2392=DIRECTION('ref_axis',(0.948683298050514,0.,0.316227766016837));
#2393=DIRECTION('center_axis',(0.218217890235991,-0.872871560943969,-0.436435780471986));
#2394=DIRECTION('ref_axis',(-0.39036002917941,-0.487950036474267,0.780720058358828));
#2395=DIRECTION('center_axis',(0.,-1.,0.));
#2396=DIRECTION('ref_axis',(-0.8,0.,0.6));
#2397=DIRECTION('center_axis',(0.600000000000004,0.,0.799999999999997));
#2398=DIRECTION('ref_axis',(0.,-1.,0.));
#2399=DIRECTION('center_axis',(-1.,4.44089209850063E-15,0.));
#2400=DIRECTION('ref_axis',(0.,0.,1.));
#2401=DIRECTION('center_axis',(0.,0.,1.));
#2402=DIRECTION('ref_axis',(1.,0.,0.));
#2403=DIRECTION('center_axis',(0.600000000000004,0.,-0.799999999999997));
#2404=DIRECTION('ref_axis',(0.,-1.,0.));
#2405=DIRECTION('center_axis',(0.,-3.33066907387547E-15,1.));
#2406=DIRECTION('ref_axis',(1.,0.,0.));
#2407=DIRECTION('center_axis',(1.38777878078144E-16,-1.,-1.8503717077086E-16));
#2408=DIRECTION('ref_axis',(0.8,0.,0.6));
#2409=DIRECTION('center_axis',(-3.00060276925718E-16,0.,-1.));
#2410=DIRECTION('ref_axis',(0.707106781186547,-0.707106781186548,0.));
#2411=DIRECTION('',(3.00060276925718E-16,0.,1.));
#2412=DIRECTION('',(-3.00060276925718E-16,0.,-1.));
#2413=DIRECTION('center_axis',(-0.707106781186548,0.,0.707106781186547));
#2414=DIRECTION('ref_axis',(0.707106781186547,0.,0.707106781186548));
#2415=DIRECTION('center_axis',(0.137188189431355,-0.926245878079799,0.351066908182371));
#2416=DIRECTION('ref_axis',(0.337127362686779,0.376919850021437,0.862714650384282));
#2417=DIRECTION('center_axis',(-0.557086014531149,-0.371390676354107,0.742781352708211));
#2418=DIRECTION('ref_axis',(0.,0.894427190999915,0.44721359549996));
#2419=DIRECTION('center_axis',(1.,7.44760245974182E-15,0.));
#2420=DIRECTION('ref_axis',(0.,0.,1.));
#2421=DIRECTION('center_axis',(-4.16333634234433E-15,1.,5.55111512312578E-15));
#2422=DIRECTION('ref_axis',(0.8,0.,0.6));
#2423=DIRECTION('center_axis',(1.,0.,-5.80508771045834E-16));
#2424=DIRECTION('ref_axis',(0.,0.707106781186547,0.707106781186548));
#2425=DIRECTION('',(-1.,0.,5.80508771045834E-16));
#2426=DIRECTION('center_axis',(0.707106781186547,-7.85046229341887E-16,
-0.707106781186548));
#2427=DIRECTION('ref_axis',(-0.707106781186548,-7.85046229341888E-16,-0.707106781186547));
#2428=DIRECTION('',(1.,0.,-5.80508771045834E-16));
#2429=DIRECTION('center_axis',(4.80096443081149E-16,0.,1.));
#2430=DIRECTION('ref_axis',(-0.707106781186549,-0.707106781186546,0.));
#2431=DIRECTION('',(4.80096443081149E-16,0.,1.));
#2432=DIRECTION('center_axis',(0.707106781186532,0.,-0.707106781186563));
#2433=DIRECTION('ref_axis',(-0.707106781186563,0.,-0.707106781186532));
#2434=DIRECTION('',(-4.80096443081149E-16,0.,-1.));
#2435=DIRECTION('center_axis',(0.21821789023599,-0.872871560943968,0.436435780471988));
#2436=DIRECTION('ref_axis',(-0.390360029179408,-0.487950036474266,-0.780720058358829));
#2437=DIRECTION('center_axis',(0.,-1.,0.));
#2438=DIRECTION('ref_axis',(0.,0.,-1.));
#2439=DIRECTION('center_axis',(-1.,0.,-5.5511151231258E-15));
#2440=DIRECTION('ref_axis',(0.,-1.,0.));
#2441=DIRECTION('center_axis',(0.599999999999999,-1.0769163338864E-14,-0.800000000000001));
#2442=DIRECTION('ref_axis',(-0.800000000000001,0.,-0.599999999999999));
#2443=DIRECTION('center_axis',(-1.,0.,-2.90254385522917E-16));
#2444=DIRECTION('ref_axis',(0.,-0.707106781186549,-0.707106781186546));
#2445=DIRECTION('',(-1.,0.,-2.90254385522917E-16));
#2446=DIRECTION('center_axis',(0.707106781186546,7.85046229341886E-16,0.707106781186549));
#2447=DIRECTION('ref_axis',(0.707106781186549,-7.85046229341883E-16,-0.707106781186546));
#2448=DIRECTION('',(1.,0.,2.90254385522917E-16));
#2449=DIRECTION('center_axis',(-0.218217890235992,-0.872871560943968,0.436435780471988));
#2450=DIRECTION('ref_axis',(0.390360029179413,-0.487950036474269,-0.780720058358825));
#2451=DIRECTION('center_axis',(-1.04083408558608E-16,-1.,-1.38777878078145E-16));
#2452=DIRECTION('ref_axis',(0.800000000000001,0.,-0.599999999999998));
#2453=DIRECTION('center_axis',(-0.599999999999999,0.,-0.800000000000001));
#2454=DIRECTION('ref_axis',(0.,-1.,0.));
#2455=DIRECTION('center_axis',(1.,2.22044604925031E-15,0.));
#2456=DIRECTION('ref_axis',(0.,0.,-1.));
#2457=DIRECTION('center_axis',(-0.137188189431357,-0.926245878079799,-0.351066908182369));
#2458=DIRECTION('ref_axis',(-0.337127362686786,0.376919850021437,-0.86271465038428));
#2459=DIRECTION('center_axis',(0.557086014531161,-0.371390676354098,-0.742781352708206));
#2460=DIRECTION('ref_axis',(0.,0.894427190999919,-0.447213595499953));
#2461=DIRECTION('center_axis',(-1.,-4.96506830649454E-15,0.));
#2462=DIRECTION('ref_axis',(0.,0.,-1.));
#2463=DIRECTION('center_axis',(8.32667268468876E-16,1.,-1.11022302462516E-15));
#2464=DIRECTION('ref_axis',(-0.799999999999998,0.,-0.600000000000003));
#2465=DIRECTION('center_axis',(0.,0.,1.));
#2466=DIRECTION('ref_axis',(1.,0.,0.));
#2467=DIRECTION('center_axis',(0.,-1.,2.31296463463576E-16));
#2468=DIRECTION('ref_axis',(1.,0.,0.));
#2469=DIRECTION('center_axis',(0.,0.,-1.));
#2470=DIRECTION('ref_axis',(0.,-1.,0.));
#2471=DIRECTION('center_axis',(0.599999999999999,-6.66133814775093E-16,
0.800000000000001));
#2472=DIRECTION('ref_axis',(0.8,0.,-0.599999999999999));
#2473=DIRECTION('center_axis',(-3.00060276925718E-16,0.,-1.));
#2474=DIRECTION('ref_axis',(0.707106781186548,-0.707106781186547,0.));
#2475=DIRECTION('',(-3.00060276925718E-16,0.,-1.));
#2476=DIRECTION('',(3.00060276925718E-16,0.,1.));
#2477=DIRECTION('center_axis',(-0.6,0.,-0.8));
#2478=DIRECTION('ref_axis',(0.565685424949237,-0.707106781186549,-0.424264068711927));
#2479=DIRECTION('',(0.6,0.,0.8));
#2480=DIRECTION('',(-0.6,0.,-0.8));
#2481=DIRECTION('center_axis',(0.137188189431355,-0.926245878079797,-0.351066908182375));
#2482=DIRECTION('ref_axis',(0.337127362686776,0.376919850021437,-0.862714650384283));
#2483=DIRECTION('center_axis',(2.7755575615629E-15,1.,0.));
#2484=DIRECTION('ref_axis',(0.,0.,-1.));
#2485=DIRECTION('center_axis',(1.,-3.33066907387543E-15,-6.66133814775096E-15));
#2486=DIRECTION('ref_axis',(0.,0.894427190999919,-0.447213595499952));
#2487=DIRECTION('center_axis',(-0.557086014531157,-0.371390676354096,-0.742781352708211));
#2488=DIRECTION('ref_axis',(0.8,0.,-0.599999999999999));
#2489=DIRECTION('center_axis',(1.,1.67739078319191E-16,0.));
#2490=DIRECTION('ref_axis',(0.,0.525731112119139,-0.850650808352037));
#2491=DIRECTION('',(-1.,-1.67739078319191E-16,0.));
#2492=DIRECTION('center_axis',(0.,0.,1.));
#2493=DIRECTION('ref_axis',(1.,0.,0.));
#2494=DIRECTION('center_axis',(0.599999999999999,0.,0.800000000000001));
#2495=DIRECTION('ref_axis',(0.8,0.,-0.599999999999999));
#2496=DIRECTION('center_axis',(0.557086014531156,0.371390676354101,0.742781352708209));
#2497=DIRECTION('ref_axis',(0.502295366705488,0.561583292368333,-0.657513171213279));
#2498=DIRECTION('center_axis',(0.,0.,1.));
#2499=DIRECTION('ref_axis',(1.,0.,0.));
#2500=DIRECTION('center_axis',(-0.599999999999999,0.,-0.800000000000001));
#2501=DIRECTION('ref_axis',(0.,1.,0.));
#2502=DIRECTION('center_axis',(-3.00060276925718E-16,0.,-1.));
#2503=DIRECTION('ref_axis',(0.707106781186548,0.707106781186547,0.));
#2504=DIRECTION('center_axis',(0.,1.,0.));
#2505=DIRECTION('ref_axis',(1.,0.,0.));
#2506=DIRECTION('center_axis',(-0.6,0.,-0.8));
#2507=DIRECTION('ref_axis',(0.565685424949237,0.707106781186549,-0.424264068711927));
#2508=DIRECTION('',(0.6,0.,0.8));
#2509=DIRECTION('',(-0.6,0.,-0.8));
#2510=DIRECTION('center_axis',(0.,1.,0.));
#2511=DIRECTION('ref_axis',(0.948683298050516,0.,-0.316227766016832));
#2512=DIRECTION('',(0.,-1.,0.));
#2513=DIRECTION('',(0.,1.,0.));
#2514=DIRECTION('center_axis',(-3.00060276925718E-16,0.,-1.));
#2515=DIRECTION('ref_axis',(0.707106781186548,0.707106781186547,0.));
#2516=DIRECTION('',(-3.00060276925718E-16,0.,-1.));
#2517=DIRECTION('',(3.00060276925718E-16,0.,1.));
#2518=DIRECTION('center_axis',(-0.707106781186548,0.,-0.707106781186547));
#2519=DIRECTION('ref_axis',(-0.707106781186547,0.,0.707106781186548));
#2520=DIRECTION('center_axis',(0.557086014531156,0.371390676354101,0.742781352708209));
#2521=DIRECTION('ref_axis',(0.502295366705487,0.561583292368332,-0.657513171213281));
#2522=DIRECTION('',(-0.557086014531156,-0.371390676354101,-0.742781352708209));
#2523=DIRECTION('center_axis',(-1.,0.,-2.90254385522917E-16));
#2524=DIRECTION('ref_axis',(0.,0.707106781186548,-0.707106781186547));
#2525=DIRECTION('',(-1.,0.,-2.90254385522917E-16));
#2526=DIRECTION('',(1.,0.,2.90254385522917E-16));
#2527=DIRECTION('center_axis',(-0.707106781186533,0.,0.707106781186562));
#2528=DIRECTION('ref_axis',(0.707106781186562,0.,0.707106781186533));
#2529=DIRECTION('center_axis',(0.,1.,0.));
#2530=DIRECTION('ref_axis',(0.447213595499957,0.,-0.894427190999916));
#2531=DIRECTION('',(0.,-1.,0.));
#2532=DIRECTION('',(0.,1.,0.));
#2533=DIRECTION('center_axis',(0.,1.,0.));
#2534=DIRECTION('ref_axis',(-0.447213595499958,0.,-0.894427190999916));
#2535=DIRECTION('',(0.,-1.,0.));
#2536=DIRECTION('center_axis',(0.557086014531158,-0.3713906763541,-0.742781352708208));
#2537=DIRECTION('ref_axis',(-0.502295366705487,0.561583292368328,-0.657513171213284));
#2538=DIRECTION('center_axis',(4.80096443081149E-16,0.,1.));
#2539=DIRECTION('ref_axis',(-0.70710678118655,0.707106781186545,0.));
#2540=DIRECTION('',(4.80096443081149E-16,0.,1.));
#2541=DIRECTION('',(-4.80096443081149E-16,0.,-1.));
#2542=DIRECTION('center_axis',(-1.,0.,0.));
#2543=DIRECTION('ref_axis',(0.,-0.707106781186549,-0.707106781186546));
#2544=DIRECTION('',(1.,0.,0.));
#2545=DIRECTION('',(-1.,0.,0.));
#2546=DIRECTION('center_axis',(-0.600000000000001,0.,0.799999999999999));
#2547=DIRECTION('ref_axis',(-0.565685424949235,-0.707106781186548,-0.424264068711932));
#2548=DIRECTION('',(-0.600000000000001,0.,0.799999999999999));
#2549=DIRECTION('center_axis',(0.316227766016837,0.,-0.948683298050514));
#2550=DIRECTION('ref_axis',(0.948683298050514,0.,0.316227766016837));
#2551=DIRECTION('center_axis',(1.11022302462516E-16,0.,1.));
#2552=DIRECTION('ref_axis',(1.,0.,0.));
#2553=DIRECTION('center_axis',(0.,-1.,0.));
#2554=DIRECTION('ref_axis',(-1.,0.,5.55111512312578E-16));
#2555=DIRECTION('center_axis',(0.,0.,1.));
#2556=DIRECTION('ref_axis',(0.,-1.,0.));
#2557=DIRECTION('center_axis',(-0.6,6.10622663543836E-16,-0.8));
#2558=DIRECTION('ref_axis',(-0.8,0.,0.6));
#2559=DIRECTION('center_axis',(2.80940725080997E-16,0.,1.));
#2560=DIRECTION('ref_axis',(-0.707106781186547,-0.707106781186548,0.));
#2561=DIRECTION('',(2.80940725080997E-16,0.,1.));
#2562=DIRECTION('',(-2.80940725080997E-16,0.,-1.));
#2563=DIRECTION('center_axis',(0.6,0.,0.8));
#2564=DIRECTION('ref_axis',(-0.565685424949237,-0.707106781186549,0.424264068711928));
#2565=DIRECTION('',(-0.6,0.,-0.8));
#2566=DIRECTION('',(0.6,0.,0.8));
#2567=DIRECTION('center_axis',(-0.137188189431355,-0.9262458780798,0.351066908182368));
#2568=DIRECTION('ref_axis',(-0.337127362686782,0.376919850021434,0.862714650384282));
#2569=DIRECTION('center_axis',(0.,1.,0.));
#2570=DIRECTION('ref_axis',(0.,0.,1.));
#2571=DIRECTION('center_axis',(-1.,0.,0.));
#2572=DIRECTION('ref_axis',(0.,0.894427190999915,0.44721359549996));
#2573=DIRECTION('center_axis',(0.557086014531156,-0.371390676354106,0.742781352708206));
#2574=DIRECTION('ref_axis',(-0.8,-1.11022302462516E-15,0.6));
#2575=DIRECTION('center_axis',(-1.,1.78222770714143E-16,0.));
#2576=DIRECTION('ref_axis',(0.,0.525731112119133,0.85065080835204));
#2577=DIRECTION('',(1.,-1.78222770714143E-16,0.));
#2578=DIRECTION('',(-1.,1.78222770714143E-16,0.));
#2579=DIRECTION('center_axis',(0.,0.,1.));
#2580=DIRECTION('ref_axis',(1.,0.,0.));
#2581=DIRECTION('center_axis',(1.,0.,2.48253415324727E-15));
#2582=DIRECTION('ref_axis',(0.,1.,0.));
#2583=DIRECTION('center_axis',(0.557086014531155,0.371390676354105,-0.742781352708207));
#2584=DIRECTION('ref_axis',(0.502295366705491,0.561583292368326,0.657513171213282));
#2585=DIRECTION('center_axis',(0.6,0.,-0.8));
#2586=DIRECTION('ref_axis',(0.,1.,0.));
#2587=DIRECTION('center_axis',(0.,0.,1.));
#2588=DIRECTION('ref_axis',(1.,0.,0.));
#2589=DIRECTION('center_axis',(-0.6,0.,0.8));
#2590=DIRECTION('ref_axis',(0.8,0.,0.6));
#2591=DIRECTION('center_axis',(0.,1.,0.));
#2592=DIRECTION('ref_axis',(0.8,0.,0.599999999999999));
#2593=DIRECTION('center_axis',(3.00060276925718E-16,0.,1.));
#2594=DIRECTION('ref_axis',(0.707106781186548,0.707106781186547,0.));
#2595=DIRECTION('center_axis',(-0.6,0.,0.8));
#2596=DIRECTION('ref_axis',(0.565685424949238,0.707106781186548,0.424264068711929));
#2597=DIRECTION('',(0.6,0.,-0.8));
#2598=DIRECTION('',(-0.6,0.,0.8));
#2599=DIRECTION('center_axis',(0.,1.,0.));
#2600=DIRECTION('ref_axis',(0.948683298050514,0.,0.316227766016838));
#2601=DIRECTION('',(0.,-1.,0.));
#2602=DIRECTION('',(0.,1.,0.));
#2603=DIRECTION('center_axis',(-0.557086014531155,-0.371390676354105,0.742781352708207));
#2604=DIRECTION('ref_axis',(0.50229536670549,0.561583292368326,0.657513171213283));
#2605=DIRECTION('',(0.557086014531155,0.371390676354105,-0.742781352708207));
#2606=DIRECTION('',(-0.557086014531155,-0.371390676354105,0.742781352708207));
#2607=DIRECTION('center_axis',(-3.00060276925718E-16,0.,-1.));
#2608=DIRECTION('ref_axis',(0.707106781186548,0.707106781186547,0.));
#2609=DIRECTION('',(3.00060276925718E-16,0.,1.));
#2610=DIRECTION('',(-3.00060276925718E-16,0.,-1.));
#2611=DIRECTION('center_axis',(0.,0.,1.));
#2612=DIRECTION('ref_axis',(1.,0.,0.));
#2613=DIRECTION('center_axis',(-1.,0.,-1.55158384577954E-15));
#2614=DIRECTION('ref_axis',(-6.93889390390722E-16,0.894427190999915,0.44721359549996));
#2615=DIRECTION('center_axis',(-0.6,0.,-0.8));
#2616=DIRECTION('ref_axis',(-0.8,0.,0.6));
#2617=DIRECTION('center_axis',(-0.557086014531156,0.371390676354105,-0.742781352708207));
#2618=DIRECTION('ref_axis',(-0.502295366705489,0.561583292368328,0.657513171213282));
#2619=DIRECTION('center_axis',(1.11022302462516E-16,0.,1.));
#2620=DIRECTION('ref_axis',(1.,0.,0.));
#2621=DIRECTION('center_axis',(0.6,0.,0.8));
#2622=DIRECTION('ref_axis',(0.,1.,0.));
#2623=DIRECTION('center_axis',(2.80940725080997E-16,0.,1.));
#2624=DIRECTION('ref_axis',(-0.707106781186548,0.707106781186547,0.));
#2625=DIRECTION('center_axis',(0.,1.,0.));
#2626=DIRECTION('ref_axis',(-1.,0.,0.));
#2627=DIRECTION('center_axis',(0.6,0.,0.8));
#2628=DIRECTION('ref_axis',(-0.565685424949237,0.707106781186548,0.424264068711928));
#2629=DIRECTION('',(-0.6,0.,-0.8));
#2630=DIRECTION('',(0.6,0.,0.8));
#2631=DIRECTION('center_axis',(0.,1.,0.));
#2632=DIRECTION('ref_axis',(-0.948683298050514,0.,0.316227766016838));
#2633=DIRECTION('',(0.,-1.,0.));
#2634=DIRECTION('',(0.,1.,0.));
#2635=DIRECTION('center_axis',(2.80940725080997E-16,0.,1.));
#2636=DIRECTION('ref_axis',(-0.707106781186548,0.707106781186547,0.));
#2637=DIRECTION('',(2.80940725080997E-16,0.,1.));
#2638=DIRECTION('',(-2.80940725080997E-16,0.,-1.));
#2639=DIRECTION('center_axis',(-0.557086014531156,0.371390676354105,-0.742781352708207));
#2640=DIRECTION('ref_axis',(-0.50229536670549,0.561583292368328,0.657513171213282));
#2641=DIRECTION('',(0.557086014531156,-0.371390676354105,0.742781352708207));
#2642=DIRECTION('',(-0.557086014531156,0.371390676354105,-0.742781352708207));
#2643=DIRECTION('center_axis',(1.,0.,-3.56445541428284E-16));
#2644=DIRECTION('ref_axis',(0.,0.97324898946773,0.229752920547362));
#2645=DIRECTION('',(-1.,0.,3.56445541428284E-16));
#2646=DIRECTION('',(1.,0.,-3.56445541428284E-16));
#2647=DIRECTION('center_axis',(0.,1.,0.));
#2648=DIRECTION('ref_axis',(-0.447213595499958,0.,0.894427190999916));
#2649=DIRECTION('',(0.,-1.,0.));
#2650=DIRECTION('',(0.,1.,0.));
#2651=DIRECTION('center_axis',(0.,1.,0.));
#2652=DIRECTION('ref_axis',(0.447213595499958,0.,0.894427190999916));
#2653=DIRECTION('',(0.,-1.,0.));
#2654=DIRECTION('',(0.,1.,0.));
#2655=DIRECTION('center_axis',(0.6,0.,-0.8));
#2656=DIRECTION('ref_axis',(0.565685424949238,-0.707106781186547,0.424264068711929));
#2657=DIRECTION('',(-0.6,0.,0.8));
#2658=DIRECTION('',(0.6,0.,-0.8));
#2659=DIRECTION('center_axis',(1.,0.,0.));
#2660=DIRECTION('ref_axis',(0.,-0.707106781186547,0.707106781186548));
#2661=DIRECTION('',(-1.,0.,0.));
#2662=DIRECTION('',(1.,0.,0.));
#2663=DIRECTION('center_axis',(1.,0.,-5.80508771045834E-16));
#2664=DIRECTION('ref_axis',(0.,-0.707106781186547,0.707106781186548));
#2665=DIRECTION('',(-1.,0.,5.80508771045834E-16));
#2666=DIRECTION('',(1.,0.,-5.80508771045834E-16));
#2667=DIRECTION('center_axis',(-0.707106781186533,0.,-0.707106781186562));
#2668=DIRECTION('ref_axis',(-0.707106781186562,0.,0.707106781186533));
#2669=DIRECTION('center_axis',(0.,0.,1.));
#2670=DIRECTION('ref_axis',(1.,0.,0.));
#2671=DIRECTION('center_axis',(0.,-1.,0.));
#2672=DIRECTION('ref_axis',(1.,0.,0.));
#2673=DIRECTION('center_axis',(1.77635683940025E-14,0.,-1.));
#2674=DIRECTION('ref_axis',(0.,-1.,0.));
#2675=DIRECTION('center_axis',(0.599999999999999,-2.22044604925031E-14,
0.800000000000001));
#2676=DIRECTION('ref_axis',(0.8,0.,-0.599999999999999));
#2677=DIRECTION('center_axis',(-3.60072332310862E-16,0.,-1.));
#2678=DIRECTION('ref_axis',(0.707106781186549,-0.707106781186546,0.));
#2679=DIRECTION('',(3.60072332310862E-16,0.,1.));
#2680=DIRECTION('',(-3.60072332310862E-16,0.,-1.));
#2681=DIRECTION('center_axis',(-0.6,0.,-0.8));
#2682=DIRECTION('ref_axis',(0.565685424949235,-0.707106781186551,-0.424264068711928));
#2683=DIRECTION('',(0.599999999999999,0.,0.8));
#2684=DIRECTION('',(-0.599999999999999,0.,-0.8));
#2685=DIRECTION('center_axis',(0.137188189431356,-0.926245878079797,-0.351066908182376));
#2686=DIRECTION('ref_axis',(0.337127362686784,0.37691985002144,-0.862714650384279));
#2687=DIRECTION('center_axis',(-4.16333634234436E-15,1.,0.));
#2688=DIRECTION('ref_axis',(0.,0.,-1.));
#2689=DIRECTION('center_axis',(1.,0.,0.));
#2690=DIRECTION('ref_axis',(0.,0.894427190999919,-0.447213595499952));
#2691=DIRECTION('center_axis',(-0.557086014531156,-0.371390676354099,-0.742781352708209));
#2692=DIRECTION('ref_axis',(0.8,0.,-0.599999999999999));
#2693=DIRECTION('center_axis',(-0.13718818943136,-0.926245878079796,-0.351066908182376));
#2694=DIRECTION('ref_axis',(-0.337127362686787,0.37691985002144,-0.862714650384278));
#2695=DIRECTION('center_axis',(0.557086014531147,-0.371390676354102,-0.742781352708215));
#2696=DIRECTION('ref_axis',(0.,0.894427190999919,-0.447213595499952));
#2697=DIRECTION('center_axis',(-1.,-4.96506830649454E-15,0.));
#2698=DIRECTION('ref_axis',(0.,0.,-1.));
#2699=DIRECTION('center_axis',(4.99600361081312E-15,1.,-6.66133814775088E-15));
#2700=DIRECTION('ref_axis',(-0.800000000000002,0.,-0.599999999999997));
#2701=DIRECTION('center_axis',(1.,1.27796210294434E-15,2.22044604925032E-15));
#2702=DIRECTION('ref_axis',(0.,0.525731112119139,-0.850650808352037));
#2703=DIRECTION('',(-1.,-1.27796210294434E-15,-2.22044604925032E-15));
#2704=DIRECTION('center_axis',(0.,1.,0.));
#2705=DIRECTION('ref_axis',(-0.447213595499958,0.,-0.894427190999916));
#2706=DIRECTION('',(0.,-1.,0.));
#2707=DIRECTION('center_axis',(0.557086014531155,-0.371390676354101,-0.742781352708209));
#2708=DIRECTION('ref_axis',(-0.502295366705492,0.561583292368331,-0.657513171213277));
#2709=DIRECTION('center_axis',(0.,0.,1.));
#2710=DIRECTION('ref_axis',(1.,0.,0.));
#2711=DIRECTION('center_axis',(1.,0.,0.));
#2712=DIRECTION('ref_axis',(0.,1.,0.));
#2713=DIRECTION('center_axis',(0.557086014531155,0.371390676354105,-0.742781352708207));
#2714=DIRECTION('ref_axis',(0.502295366705488,0.56158329236833,0.657513171213282));
#2715=DIRECTION('center_axis',(0.6,0.,-0.8));
#2716=DIRECTION('ref_axis',(0.,1.,0.));
#2717=DIRECTION('center_axis',(0.,0.,1.));
#2718=DIRECTION('ref_axis',(1.,0.,0.));
#2719=DIRECTION('center_axis',(-0.6,0.,0.8));
#2720=DIRECTION('ref_axis',(0.8,0.,0.6));
#2721=DIRECTION('center_axis',(0.,1.,0.));
#2722=DIRECTION('ref_axis',(0.8,0.,0.6));
#2723=DIRECTION('center_axis',(3.60072332310862E-16,0.,1.));
#2724=DIRECTION('ref_axis',(0.70710678118655,0.707106781186545,0.));
#2725=DIRECTION('center_axis',(-0.6,0.,0.8));
#2726=DIRECTION('ref_axis',(0.565685424949234,0.707106781186551,0.424264068711928));
#2727=DIRECTION('',(0.6,0.,-0.8));
#2728=DIRECTION('',(-0.6,0.,0.8));
#2729=DIRECTION('center_axis',(0.,1.,0.));
#2730=DIRECTION('ref_axis',(0.948683298050514,0.,0.316227766016838));
#2731=DIRECTION('',(0.,-1.,0.));
#2732=DIRECTION('',(0.,1.,0.));
#2733=DIRECTION('center_axis',(-0.557086014531155,-0.371390676354105,0.742781352708207));
#2734=DIRECTION('ref_axis',(0.502295366705489,0.561583292368328,0.657513171213282));
#2735=DIRECTION('',(0.557086014531155,0.371390676354105,-0.742781352708207));
#2736=DIRECTION('',(-0.557086014531155,-0.371390676354105,0.742781352708207));
#2737=DIRECTION('center_axis',(0.,0.,1.));
#2738=DIRECTION('ref_axis',(1.,0.,0.));
#2739=DIRECTION('center_axis',(0.599999999999997,0.,0.800000000000002));
#2740=DIRECTION('ref_axis',(0.800000000000002,0.,-0.599999999999997));
#2741=DIRECTION('center_axis',(0.557086014531156,0.371390676354101,0.742781352708209));
#2742=DIRECTION('ref_axis',(0.502295366705492,0.561583292368329,-0.657513171213279));
#2743=DIRECTION('center_axis',(0.,0.,1.));
#2744=DIRECTION('ref_axis',(1.,0.,0.));
#2745=DIRECTION('center_axis',(-0.599999999999997,0.,-0.800000000000002));
#2746=DIRECTION('ref_axis',(0.,1.,0.));
#2747=DIRECTION('center_axis',(-3.60072332310862E-16,0.,-1.));
#2748=DIRECTION('ref_axis',(0.70710678118655,0.707106781186545,0.));
#2749=DIRECTION('center_axis',(0.,1.,0.));
#2750=DIRECTION('ref_axis',(1.,0.,0.));
#2751=DIRECTION('center_axis',(-0.6,0.,-0.8));
#2752=DIRECTION('ref_axis',(0.565685424949238,0.707106781186546,-0.424264068711932));
#2753=DIRECTION('',(0.599999999999999,0.,0.8));
#2754=DIRECTION('',(-0.599999999999999,0.,-0.8));
#2755=DIRECTION('center_axis',(0.,1.,0.));
#2756=DIRECTION('ref_axis',(0.948683298050516,0.,-0.316227766016832));
#2757=DIRECTION('',(0.,-1.,0.));
#2758=DIRECTION('',(0.,1.,0.));
#2759=DIRECTION('center_axis',(-3.60072332310862E-16,0.,-1.));
#2760=DIRECTION('ref_axis',(0.70710678118655,0.707106781186545,0.));
#2761=DIRECTION('',(3.60072332310862E-16,0.,1.));
#2762=DIRECTION('',(-3.60072332310862E-16,0.,-1.));
#2763=DIRECTION('center_axis',(0.557086014531156,0.371390676354101,0.742781352708209));
#2764=DIRECTION('ref_axis',(0.502295366705492,0.56158329236833,-0.657513171213278));
#2765=DIRECTION('',(-0.557086014531156,-0.371390676354101,-0.742781352708209));
#2766=DIRECTION('center_axis',(1.,0.,-3.56445541428284E-16));
#2767=DIRECTION('ref_axis',(0.,0.97324898946773,0.229752920547362));
#2768=DIRECTION('',(-1.,0.,3.56445541428284E-16));
#2769=DIRECTION('',(1.,0.,-3.56445541428284E-16));
#2770=DIRECTION('center_axis',(0.,1.,0.));
#2771=DIRECTION('ref_axis',(0.447213595499958,0.,-0.894427190999916));
#2772=DIRECTION('',(0.,-1.,0.));
#2773=DIRECTION('',(0.,1.,0.));
#2774=DIRECTION('center_axis',(-0.557086014531157,0.371390676354105,-0.742781352708206));
#2775=DIRECTION('ref_axis',(-0.502295366705485,0.56158329236833,0.657513171213284));
#2776=DIRECTION('',(0.557086014531157,-0.371390676354105,0.742781352708206));
#2777=DIRECTION('',(-0.557086014531157,0.371390676354105,-0.742781352708206));
#2778=DIRECTION('center_axis',(4.80096443081149E-16,0.,1.));
#2779=DIRECTION('ref_axis',(-0.707106781186546,-0.707106781186549,0.));
#2780=DIRECTION('',(4.80096443081149E-16,0.,1.));
#2781=DIRECTION('',(-4.80096443081149E-16,0.,-1.));
#2782=DIRECTION('center_axis',(0.,1.,0.));
#2783=DIRECTION('ref_axis',(-0.447213595499958,0.,0.894427190999916));
#2784=DIRECTION('',(0.,-1.,0.));
#2785=DIRECTION('',(0.,1.,0.));
#2786=DIRECTION('center_axis',(0.600000000000002,0.,0.799999999999998));
#2787=DIRECTION('ref_axis',(-0.565685424949236,-0.707106781186549,0.42426406871193));
#2788=DIRECTION('',(-0.600000000000002,0.,-0.799999999999998));
#2789=DIRECTION('',(0.600000000000002,0.,0.799999999999998));
#2790=DIRECTION('center_axis',(1.,0.,-3.00060276925718E-16));
#2791=DIRECTION('ref_axis',(-3.00060276925718E-16,0.,-1.));
#2792=DIRECTION('',(0.,1.,0.));
#2793=DIRECTION('center_axis',(5.80508771045834E-16,0.,1.));
#2794=DIRECTION('ref_axis',(1.,0.,-5.80508771045834E-16));
#2795=DIRECTION('',(0.,1.,0.));
#2796=DIRECTION('center_axis',(-1.59407292182073E-16,-0.894427190999915,
-0.447213595499959));
#2797=DIRECTION('ref_axis',(3.22058484745592E-16,-0.447213595499959,0.894427190999915));
#2798=DIRECTION('center_axis',(-2.42547270166125E-15,0.,1.));
#2799=DIRECTION('ref_axis',(1.,0.,2.42547270166125E-15));
#2800=DIRECTION('center_axis',(-0.799999999999998,0.,0.600000000000002));
#2801=DIRECTION('ref_axis',(0.600000000000002,0.,0.799999999999998));
#2802=DIRECTION('center_axis',(0.,1.,0.));
#2803=DIRECTION('ref_axis',(0.,0.,1.));
#2804=DIRECTION('center_axis',(0.,0.,-1.));
#2805=DIRECTION('ref_axis',(-1.,0.,0.));
#2806=DIRECTION('center_axis',(0.8,0.,-0.6));
#2807=DIRECTION('ref_axis',(-0.6,0.,-0.8));
#2808=DIRECTION('center_axis',(-1.59407292182073E-16,-0.894427190999915,
-0.447213595499959));
#2809=DIRECTION('ref_axis',(3.22058484745592E-16,-0.447213595499959,0.894427190999915));
#2810=DIRECTION('center_axis',(0.,0.,1.));
#2811=DIRECTION('ref_axis',(1.,0.,0.));
#2812=DIRECTION('center_axis',(0.8,0.,0.6));
#2813=DIRECTION('ref_axis',(0.6,0.,-0.8));
#2814=DIRECTION('center_axis',(-0.8,0.,0.6));
#2815=DIRECTION('ref_axis',(0.6,0.,0.8));
#2816=DIRECTION('center_axis',(1.,0.,-3.60072332310862E-16));
#2817=DIRECTION('ref_axis',(-3.60072332310862E-16,0.,-1.));
#2818=DIRECTION('center_axis',(2.22044604925032E-15,0.,-1.));
#2819=DIRECTION('ref_axis',(-1.,0.,-2.22044604925032E-15));
#2820=DIRECTION('center_axis',(0.8,0.,0.6));
#2821=DIRECTION('ref_axis',(0.6,0.,-0.8));
#2822=DIRECTION('center_axis',(0.8,0.,-0.6));
#2823=DIRECTION('ref_axis',(-0.599999999999999,0.,-0.8));
#2824=DIRECTION('center_axis',(0.,1.,0.));
#2825=DIRECTION('ref_axis',(0.,0.,1.));
#2826=DIRECTION('center_axis',(0.,-1.,0.));
#2827=DIRECTION('ref_axis',(-1.,0.,0.));
#2828=DIRECTION('center_axis',(-1.,0.,0.));
#2829=DIRECTION('ref_axis',(0.,0.,-1.));
#2830=DIRECTION('center_axis',(0.,1.,0.));
#2831=DIRECTION('ref_axis',(-1.,0.,0.));
#2832=DIRECTION('center_axis',(0.,1.,0.));
#2833=DIRECTION('ref_axis',(-1.,0.,0.));
#2834=DIRECTION('center_axis',(0.,1.,0.));
#2835=DIRECTION('ref_axis',(1.,0.,0.));
#2836=DIRECTION('',(0.,-1.,0.));
#2837=DIRECTION('center_axis',(0.,-1.,0.));
#2838=DIRECTION('ref_axis',(1.,0.,0.));
#2839=DIRECTION('center_axis',(0.,1.,0.));
#2840=DIRECTION('ref_axis',(0.,0.,1.));
#2841=DIRECTION('center_axis',(0.,-1.,0.));
#2842=DIRECTION('ref_axis',(1.,0.,0.));
#2843=DIRECTION('center_axis',(0.,1.,0.));
#2844=DIRECTION('ref_axis',(0.,0.,1.));
#2845=DIRECTION('center_axis',(0.,-1.,0.));
#2846=DIRECTION('ref_axis',(-1.,0.,0.));
#2847=DIRECTION('center_axis',(-1.,0.,0.));
#2848=DIRECTION('ref_axis',(0.,0.,-1.));
#2849=DIRECTION('center_axis',(0.,1.,0.));
#2850=DIRECTION('ref_axis',(-1.,0.,0.));
#2851=DIRECTION('center_axis',(0.,1.,0.));
#2852=DIRECTION('ref_axis',(-1.,0.,0.));
#2853=DIRECTION('center_axis',(0.,1.,0.));
#2854=DIRECTION('ref_axis',(1.,0.,0.));
#2855=DIRECTION('',(0.,-1.,0.));
#2856=DIRECTION('center_axis',(0.,-1.,0.));
#2857=DIRECTION('ref_axis',(1.,0.,0.));
#2858=DIRECTION('center_axis',(0.,1.,0.));
#2859=DIRECTION('ref_axis',(0.,0.,1.));
#2860=DIRECTION('center_axis',(0.,-1.,0.));
#2861=DIRECTION('ref_axis',(1.,0.,0.));
#2862=DIRECTION('center_axis',(0.,-1.,0.));
#2863=DIRECTION('ref_axis',(1.,0.,0.));
#2864=DIRECTION('',(0.,-1.,0.));
#2865=DIRECTION('center_axis',(0.,-1.,0.));
#2866=DIRECTION('ref_axis',(1.,0.,0.));
#2867=DIRECTION('center_axis',(0.,1.,0.));
#2868=DIRECTION('ref_axis',(0.,0.,1.));
#2869=DIRECTION('center_axis',(0.,-1.,0.));
#2870=DIRECTION('ref_axis',(1.,0.,0.));
#2871=DIRECTION('',(0.,-1.,0.));
#2872=DIRECTION('center_axis',(0.,-1.,0.));
#2873=DIRECTION('ref_axis',(1.,0.,0.));
#2874=DIRECTION('center_axis',(0.,1.,0.));
#2875=DIRECTION('ref_axis',(0.,0.,1.));
#2876=DIRECTION('center_axis',(-1.,0.,2.80940725080997E-16));
#2877=DIRECTION('ref_axis',(2.80940725080997E-16,0.,1.));
#2878=DIRECTION('center_axis',(1.,0.,-3.00060276925718E-16));
#2879=DIRECTION('ref_axis',(-3.00060276925718E-16,0.,-1.));
#2880=DIRECTION('',(0.,1.,0.));
#2881=DIRECTION('center_axis',(2.90254385522917E-16,0.,-1.));
#2882=DIRECTION('ref_axis',(-1.,0.,-2.90254385522917E-16));
#2883=DIRECTION('',(0.,1.,0.));
#2884=DIRECTION('center_axis',(-1.,0.,4.80096443081149E-16));
#2885=DIRECTION('ref_axis',(4.80096443081149E-16,0.,1.));
#2886=DIRECTION('center_axis',(-1.,0.,4.80096443081149E-16));
#2887=DIRECTION('ref_axis',(4.80096443081149E-16,0.,1.));
#2888=DIRECTION('center_axis',(0.,1.,0.));
#2889=DIRECTION('ref_axis',(0.,0.,1.));
#2890=CARTESIAN_POINT('',(0.,0.,0.));
#2891=CARTESIAN_POINT('Origin',(28.3,0.,-45.));
#2892=CARTESIAN_POINT('',(28.,7.08196601125011,-44.6));
#2893=CARTESIAN_POINT('',(25.3149078434903,8.87202744892324,-41.0198771246537));
#2894=CARTESIAN_POINT('',(30.0135102092242,5.73962587176734,-47.2846802789656));
#2895=CARTESIAN_POINT('',(28.,1.,-44.6));
#2896=CARTESIAN_POINT('',(28.,0.,-44.6));
#2897=CARTESIAN_POINT('',(25.3,1.,-41.));
#2898=CARTESIAN_POINT('',(20.983,1.,-35.244));
#2899=CARTESIAN_POINT('',(25.3,8.7,-41.));
#2900=CARTESIAN_POINT('',(25.3,0.,-41.));
#2901=CARTESIAN_POINT('Origin',(26.3,8.7,-42.3333333333334));
#2902=CARTESIAN_POINT('Origin',(35.3,7.7,-45.));
#2903=CARTESIAN_POINT('',(26.3729490168752,9.59442719099992,-41.2111456180002));
#2904=CARTESIAN_POINT('',(28.8,7.97639320225002,-44.4472135955));
#2905=CARTESIAN_POINT('',(30.8135102092242,6.63405306276726,-47.1318938744655));
#2906=CARTESIAN_POINT('',(34.2270509831249,9.59442719099992,-41.2111456180002));
#2907=CARTESIAN_POINT('',(26.475,9.59442719099992,-41.2111456180002));
#2908=CARTESIAN_POINT('',(31.8,7.97639320225002,-44.4472135955));
#2909=CARTESIAN_POINT('',(32.6313173769828,8.53060478690518,-43.3387904261897));
#2910=CARTESIAN_POINT('',(33.8,7.97639320225002,-44.4472135955));
#2911=CARTESIAN_POINT('Origin',(3.,0.,-45.));
#2912=CARTESIAN_POINT('',(2.7,7.08196601125012,-44.6));
#2913=CARTESIAN_POINT('',(0.0149078434902747,8.87202744892325,-41.0198771246537));
#2914=CARTESIAN_POINT('',(8.63937227818972,3.12238449245702,-52.5191630375863));
#2915=CARTESIAN_POINT('',(2.7,1.,-44.6));
#2916=CARTESIAN_POINT('',(2.7,0.,-44.6));
#2917=CARTESIAN_POINT('',(-1.21093123468033E-14,1.,-41.));
#2918=CARTESIAN_POINT('',(0.237000000000012,1.,-41.316));
#2919=CARTESIAN_POINT('',(-1.21093123468033E-14,8.7,-41.));
#2920=CARTESIAN_POINT('',(-1.21093123468033E-14,0.,-41.));
#2921=CARTESIAN_POINT('Origin',(0.999999999999987,8.7,-42.3333333333333));
#2922=CARTESIAN_POINT('Origin',(35.3,7.7,-45.));
#2923=CARTESIAN_POINT('',(1.07294901687515,9.59442719099992,-41.2111456180002));
#2924=CARTESIAN_POINT('',(3.5,7.97639320225004,-44.4472135955));
#2925=CARTESIAN_POINT('',(9.43937227818972,4.01681168345694,-52.3663766330862));
#2926=CARTESIAN_POINT('',(8.92705098312482,9.59442719099992,-41.2111456180002));
#2927=CARTESIAN_POINT('',(26.475,9.59442719099992,-41.2111456180002));
#2928=CARTESIAN_POINT('',(6.49999999999999,7.97639320225004,-44.4472135955));
#2929=CARTESIAN_POINT('',(11.2571794459482,11.1478461662155,-38.1043076675689));
#2930=CARTESIAN_POINT('',(21.15,7.97639320225004,-44.4472135955));
#2931=CARTESIAN_POINT('Origin',(26.475,8.7,-40.7639320225002));
#2932=CARTESIAN_POINT('',(26.0260102375016,9.66173260839282,-41.0379217849986));
#2933=CARTESIAN_POINT('Origin',(26.3729490168752,8.7,-40.7639320225002));
#2934=CARTESIAN_POINT('',(26.3,9.7,-40.7639320225002));
#2935=CARTESIAN_POINT('Origin',(26.3,8.7,-40.7639320225002));
#2936=CARTESIAN_POINT('',(34.2270509831249,9.7,-40.7639320225002));
#2937=CARTESIAN_POINT('',(26.475,9.7,-40.7639320225002));
#2938=CARTESIAN_POINT('Origin',(34.2270509831249,8.7,-40.7639320225002));
#2939=CARTESIAN_POINT('Origin',(26.475,8.7,-40.7639320225002));
#2940=CARTESIAN_POINT('',(0.726010237501583,9.66173260839282,-41.0379217849986));
#2941=CARTESIAN_POINT('Origin',(1.07294901687515,8.7,-40.7639320225002));
#2942=CARTESIAN_POINT('',(0.999999999999988,9.7,-40.7639320225002));
#2943=CARTESIAN_POINT('Origin',(0.999999999999987,8.7,-40.7639320225002));
#2944=CARTESIAN_POINT('',(8.92705098312482,9.7,-40.7639320225002));
#2945=CARTESIAN_POINT('',(26.475,9.7,-40.7639320225002));
#2946=CARTESIAN_POINT('Origin',(8.92705098312483,8.7,-40.7639320225002));
#2947=CARTESIAN_POINT('Origin',(28.8,1.,-1.00000000000005));
#2948=CARTESIAN_POINT('',(28.,1.,-0.400000000000047));
#2949=CARTESIAN_POINT('',(28.8,1.,-4.64905891561784E-14));
#2950=CARTESIAN_POINT('Origin',(28.8,1.,-1.00000000000005));
#2951=CARTESIAN_POINT('',(28.8,0.,-1.00000000000005));
#2952=CARTESIAN_POINT('Origin',(28.8,1.,-1.00000000000005));
#2953=CARTESIAN_POINT('Origin',(28.8,1.,-1.00000000000005));
#2954=CARTESIAN_POINT('Origin',(31.8,1.,-1.00000000000004));
#2955=CARTESIAN_POINT('',(31.8,1.,-3.92411361279885E-14));
#2956=CARTESIAN_POINT('',(32.6,1.,-0.40000000000004));
#2957=CARTESIAN_POINT('Origin',(31.8,1.,-1.00000000000004));
#2958=CARTESIAN_POINT('',(31.8,0.,-1.00000000000004));
#2959=CARTESIAN_POINT('Origin',(31.8,1.,-1.00000000000004));
#2960=CARTESIAN_POINT('Origin',(31.8,1.,-1.00000000000004));
#2961=CARTESIAN_POINT('Origin',(22.975,1.,-1.00000000000006));
#2962=CARTESIAN_POINT('',(22.975,1.,-6.06459327201492E-14));
#2963=CARTESIAN_POINT('',(22.975,0.,-1.00000000000006));
#2964=CARTESIAN_POINT('Origin',(26.3,1.,-4.33333333333336));
#2965=CARTESIAN_POINT('',(25.3,1.,-4.33333333333336));
#2966=CARTESIAN_POINT('',(25.5,1.,-3.73333333333336));
#2967=CARTESIAN_POINT('Origin',(26.3,1.,-4.33333333333336));
#2968=CARTESIAN_POINT('',(26.3,0.,-4.33333333333336));
#2969=CARTESIAN_POINT('Origin',(26.3,1.,-4.33333333333336));
#2970=CARTESIAN_POINT('Origin',(26.3,1.,-4.33333333333336));
#2971=CARTESIAN_POINT('Origin',(28.8,7.0819660112501,-1.00000000000005));
#2972=CARTESIAN_POINT('',(28.8,7.0819660112501,-4.65505576010987E-14));
#2973=CARTESIAN_POINT('',(28.,7.08196601125011,-0.400000000000047));
#2974=CARTESIAN_POINT('Origin',(28.8,7.0819660112501,-1.00000000000005));
#2975=CARTESIAN_POINT('',(28.8,7.97639320225002,-0.552786404500087));
#2976=CARTESIAN_POINT('Origin',(28.8,7.0819660112501,-1.00000000000005));
#2977=CARTESIAN_POINT('Origin',(28.8,7.08196601125011,-1.00000000000005));
#2978=CARTESIAN_POINT('Origin',(31.8,1.,-44.));
#2979=CARTESIAN_POINT('',(32.6,1.,-44.6));
#2980=CARTESIAN_POINT('',(31.8,1.,-45.));
#2981=CARTESIAN_POINT('Origin',(31.8,1.,-44.));
#2982=CARTESIAN_POINT('',(31.8,0.,-44.));
#2983=CARTESIAN_POINT('Origin',(31.8,1.,-44.));
#2984=CARTESIAN_POINT('Origin',(31.8,1.,-44.));
#2985=CARTESIAN_POINT('Origin',(34.3,1.,-4.33333333333335));
#2986=CARTESIAN_POINT('',(35.1,1.,-3.73333333333336));
#2987=CARTESIAN_POINT('',(35.3,1.,-4.33333333333336));
#2988=CARTESIAN_POINT('Origin',(34.3,1.,-4.33333333333336));
#2989=CARTESIAN_POINT('',(34.3,0.,-4.33333333333335));
#2990=CARTESIAN_POINT('Origin',(34.3,1.,-4.33333333333335));
#2991=CARTESIAN_POINT('Origin',(34.3,1.,-4.33333333333336));
#2992=CARTESIAN_POINT('Origin',(34.263,1.,-4.28400000000002));
#2993=CARTESIAN_POINT('',(35.063,1.,-3.68400000000003));
#2994=CARTESIAN_POINT('',(34.263,0.,-4.28400000000002));
#2995=CARTESIAN_POINT('Origin',(31.8,7.0819660112501,-1.00000000000004));
#2996=CARTESIAN_POINT('',(31.8,7.97639320225002,-0.552786404500079));
#2997=CARTESIAN_POINT('',(32.6,7.0819660112501,-0.40000000000004));
#2998=CARTESIAN_POINT('Origin',(31.8,7.0819660112501,-1.00000000000004));
#2999=CARTESIAN_POINT('',(31.8,7.0819660112501,-3.92741394961149E-14));
#3000=CARTESIAN_POINT('Origin',(31.8,7.0819660112501,-1.00000000000004));
#3001=CARTESIAN_POINT('Origin',(31.8,7.0819660112501,-1.00000000000004));
#3002=CARTESIAN_POINT('Origin',(31.8,7.0819660112501,-1.00000000000004));
#3003=CARTESIAN_POINT('',(31.8,7.0819660112501,-3.92741394961149E-14));
#3004=CARTESIAN_POINT('',(31.8,7.97639320225002,-0.552786404500079));
#3005=CARTESIAN_POINT('Origin',(31.8,0.,-1.00000000000004));
#3006=CARTESIAN_POINT('',(31.8,0.,-3.92741394961149E-14));
#3007=CARTESIAN_POINT('',(32.6,0.,-0.40000000000004));
#3008=CARTESIAN_POINT('Origin',(26.3729490168752,8.7,-4.23606797749982));
#3009=CARTESIAN_POINT('',(26.3729490168752,9.59442719099991,-3.78885438199986));
#3010=CARTESIAN_POINT('',(26.3729490168752,9.7,-4.23606797749982));
#3011=CARTESIAN_POINT('Origin',(26.3729490168752,8.7,-4.23606797749982));
#3012=CARTESIAN_POINT('',(25.5729490168752,8.7,-3.63606797749982));
#3013=CARTESIAN_POINT('Origin',(26.3729490168752,8.7,-4.23606797749982));
#3014=CARTESIAN_POINT('Origin',(26.3729490168752,8.7,-4.23606797749982));
#3015=CARTESIAN_POINT('Origin',(26.3,8.7,-4.33333333333336));
#3016=CARTESIAN_POINT('',(26.3,9.7,-4.33333333333336));
#3017=CARTESIAN_POINT('',(25.5,8.7,-3.73333333333336));
#3018=CARTESIAN_POINT('Origin',(26.3,8.7,-4.33333333333336));
#3019=CARTESIAN_POINT('',(25.3,8.7,-4.33333333333336));
#3020=CARTESIAN_POINT('Origin',(26.3,8.7,-4.33333333333336));
#3021=CARTESIAN_POINT('Origin',(26.3,8.7,-4.33333333333336));
#3022=CARTESIAN_POINT('Origin',(20.283,8.7,-12.356));
#3023=CARTESIAN_POINT('',(20.283,9.7,-12.356));
#3024=CARTESIAN_POINT('',(19.483,8.7,-11.756));
#3025=CARTESIAN_POINT('Origin',(26.3,0.,-4.33333333333336));
#3026=CARTESIAN_POINT('',(25.3,0.,-4.33333333333336));
#3027=CARTESIAN_POINT('',(25.5,0.,-3.73333333333336));
#3028=CARTESIAN_POINT('Origin',(28.8,1.,-44.));
#3029=CARTESIAN_POINT('',(28.8,1.,-45.));
#3030=CARTESIAN_POINT('Origin',(28.8,1.,-44.));
#3031=CARTESIAN_POINT('',(28.8,0.,-44.));
#3032=CARTESIAN_POINT('Origin',(28.8,1.,-44.));
#3033=CARTESIAN_POINT('Origin',(28.8,1.,-44.));
#3034=CARTESIAN_POINT('Origin',(24.975,1.,-44.0000000000001));
#3035=CARTESIAN_POINT('',(24.975,1.,-45.0000000000001));
#3036=CARTESIAN_POINT('',(24.975,0.,-44.0000000000001));
#3037=CARTESIAN_POINT('Origin',(6.49999999999999,1.,-1.));
#3038=CARTESIAN_POINT('',(6.49999999999999,1.,0.));
#3039=CARTESIAN_POINT('',(7.3,1.,-0.4));
#3040=CARTESIAN_POINT('Origin',(6.49999999999999,1.,-1.));
#3041=CARTESIAN_POINT('',(6.49999999999999,0.,-1.));
#3042=CARTESIAN_POINT('Origin',(6.49999999999999,1.,-1.));
#3043=CARTESIAN_POINT('Origin',(6.49999999999999,1.,-1.));
#3044=CARTESIAN_POINT('Origin',(26.3,8.7,-20.));
#3045=CARTESIAN_POINT('',(25.3,8.7,-17.5));
#3046=CARTESIAN_POINT('',(25.3,8.7,-20.));
#3047=CARTESIAN_POINT('',(26.3,9.7,-18.5));
#3048=CARTESIAN_POINT('',(26.3,9.7,-20.));
#3049=CARTESIAN_POINT('Origin',(26.3,8.7,-18.5));
#3050=CARTESIAN_POINT('Origin',(21.783,1.,-34.644));
#3051=CARTESIAN_POINT('',(26.3,0.,-40.6666666666667));
#3052=CARTESIAN_POINT('',(21.783,0.,-34.644));
#3053=CARTESIAN_POINT('Origin',(26.3,1.,-40.6666666666667));
#3054=CARTESIAN_POINT('Origin',(3.5,1.,-1.));
#3055=CARTESIAN_POINT('',(2.7,1.,-0.399999999999998));
#3056=CARTESIAN_POINT('',(3.5,1.,0.));
#3057=CARTESIAN_POINT('Origin',(3.5,1.,-1.));
#3058=CARTESIAN_POINT('',(3.5,0.,-1.));
#3059=CARTESIAN_POINT('Origin',(3.5,1.,-1.));
#3060=CARTESIAN_POINT('Origin',(3.5,1.,-1.));
#3061=CARTESIAN_POINT('Origin',(8.99999999999999,1.,-4.33333333333334));
#3062=CARTESIAN_POINT('',(8.99999999999999,0.,-4.33333333333334));
#3063=CARTESIAN_POINT('',(9.79999999999999,1.,-3.73333333333333));
#3064=CARTESIAN_POINT('Origin',(8.99999999999999,1.,-4.33333333333334));
#3065=CARTESIAN_POINT('',(9.99999999999999,1.,-4.33333333333334));
#3066=CARTESIAN_POINT('Origin',(8.99999999999999,1.,-4.33333333333334));
#3067=CARTESIAN_POINT('Origin',(8.99999999999999,1.,-4.33333333333333));
#3068=CARTESIAN_POINT('Origin',(8.99999999999999,1.,-13.25));
#3069=CARTESIAN_POINT('',(9.99999999999999,1.,-17.5));
#3070=CARTESIAN_POINT('',(9.99999999999999,1.,-13.25));
#3071=CARTESIAN_POINT('',(8.99999999999999,0.,-18.5));
#3072=CARTESIAN_POINT('',(8.99999999999999,0.,-13.25));
#3073=CARTESIAN_POINT('Origin',(8.99999999999999,1.,-18.5));
#3074=CARTESIAN_POINT('Origin',(6.49999999999999,7.08196601125008,-1.));
#3075=CARTESIAN_POINT('',(6.49999999999999,7.97639320225,-0.55278640450004));
#3076=CARTESIAN_POINT('',(7.3,7.08196601125009,-0.4));
#3077=CARTESIAN_POINT('Origin',(6.49999999999999,7.08196601125009,-0.999999999999998));
#3078=CARTESIAN_POINT('',(6.49999999999999,7.08196601125008,0.));
#3079=CARTESIAN_POINT('Origin',(6.49999999999999,7.08196601125008,-1.));
#3080=CARTESIAN_POINT('Origin',(6.49999999999999,7.08196601125009,-1.));
#3081=CARTESIAN_POINT('Origin',(13.825,8.7,-18.5));
#3082=CARTESIAN_POINT('',(8.99999999999999,9.7,-18.5));
#3083=CARTESIAN_POINT('',(13.825,9.7,-18.5));
#3084=CARTESIAN_POINT('',(9.99999999999999,8.7,-17.5));
#3085=CARTESIAN_POINT('Origin',(8.99999999999999,8.7,-18.5));
#3086=CARTESIAN_POINT('',(13.825,8.7,-17.5));
#3087=CARTESIAN_POINT('Origin',(26.3,1.,-31.75));
#3088=CARTESIAN_POINT('',(26.3,0.,-26.5));
#3089=CARTESIAN_POINT('',(26.3,0.,-31.75));
#3090=CARTESIAN_POINT('',(25.3,1.,-27.5));
#3091=CARTESIAN_POINT('Origin',(26.3,1.,-26.5));
#3092=CARTESIAN_POINT('',(25.3,1.,-31.75));
#3093=CARTESIAN_POINT('Origin',(3.5,1.,-44.));
#3094=CARTESIAN_POINT('',(3.50000000000001,1.,-45.));
#3095=CARTESIAN_POINT('Origin',(3.5,1.,-44.));
#3096=CARTESIAN_POINT('',(3.5,0.,-44.));
#3097=CARTESIAN_POINT('Origin',(3.5,1.,-44.));
#3098=CARTESIAN_POINT('Origin',(3.50000000000001,1.,-44.));
#3099=CARTESIAN_POINT('Origin',(21.475,1.,-26.5));
#3100=CARTESIAN_POINT('',(8.99999999999999,0.,-26.5));
#3101=CARTESIAN_POINT('',(21.475,0.,-26.5));
#3102=CARTESIAN_POINT('',(9.99999999999999,1.,-27.5));
#3103=CARTESIAN_POINT('Origin',(8.99999999999999,1.,-26.5));
#3104=CARTESIAN_POINT('',(21.475,1.,-27.5));
#3105=CARTESIAN_POINT('Origin',(6.49999999999998,1.,-44.));
#3106=CARTESIAN_POINT('',(7.29999999999998,1.,-44.6));
#3107=CARTESIAN_POINT('',(6.49999999999998,1.,-45.));
#3108=CARTESIAN_POINT('Origin',(6.49999999999998,1.,-44.));
#3109=CARTESIAN_POINT('',(6.49999999999998,0.,-44.));
#3110=CARTESIAN_POINT('Origin',(6.49999999999998,1.,-44.));
#3111=CARTESIAN_POINT('Origin',(6.49999999999998,1.,-44.));
#3112=CARTESIAN_POINT('Origin',(3.50000000000001,7.08196601125012,-44.));
#3113=CARTESIAN_POINT('Origin',(3.5,7.08196601125012,-44.));
#3114=CARTESIAN_POINT('',(3.5,7.08196601125012,-45.));
#3115=CARTESIAN_POINT('Origin',(3.50000000000001,7.08196601125012,-44.));
#3116=CARTESIAN_POINT('Origin',(3.5,7.08196601125012,-44.));
#3117=CARTESIAN_POINT('Origin',(8.99999999999998,1.,-40.6666666666667));
#3118=CARTESIAN_POINT('',(9.99999999999998,1.,-40.6666666666667));
#3119=CARTESIAN_POINT('',(9.79999999999998,1.,-41.2666666666667));
#3120=CARTESIAN_POINT('Origin',(8.99999999999998,1.,-40.6666666666667));
#3121=CARTESIAN_POINT('',(8.99999999999998,0.,-40.6666666666667));
#3122=CARTESIAN_POINT('Origin',(8.99999999999998,1.,-40.6666666666667));
#3123=CARTESIAN_POINT('Origin',(8.99999999999998,1.,-40.6666666666667));
#3124=CARTESIAN_POINT('Origin',(8.99999999999999,1.,-25.));
#3125=CARTESIAN_POINT('',(8.99999999999999,0.,-25.));
#3126=CARTESIAN_POINT('',(9.99999999999999,1.,-25.));
#3127=CARTESIAN_POINT('Origin',(15.017,1.,-32.644));
#3128=CARTESIAN_POINT('',(15.817,1.,-33.244));
#3129=CARTESIAN_POINT('',(15.017,0.,-32.644));
#3130=CARTESIAN_POINT('Origin',(6.49999999999999,7.08196601125012,-44.));
#3131=CARTESIAN_POINT('',(6.49999999999998,7.08196601125012,-45.));
#3132=CARTESIAN_POINT('',(7.29999999999998,7.08196601125012,-44.6));
#3133=CARTESIAN_POINT('Origin',(6.49999999999998,7.08196601125012,-44.));
#3134=CARTESIAN_POINT('Origin',(6.49999999999999,7.08196601125012,-44.));
#3135=CARTESIAN_POINT('Origin',(6.49999999999998,7.08196601125012,-44.));
#3136=CARTESIAN_POINT('Origin',(21.15,7.08196601125012,-44.));
#3137=CARTESIAN_POINT('',(21.15,7.08196601125012,-45.));
#3138=CARTESIAN_POINT('Origin',(8.92705098312483,8.7,-40.7639320225002));
#3139=CARTESIAN_POINT('',(9.72705098312482,8.7,-41.3639320225002));
#3140=CARTESIAN_POINT('Origin',(8.92705098312482,8.7,-40.7639320225002));
#3141=CARTESIAN_POINT('Origin',(8.92705098312482,8.7,-40.7639320225002));
#3142=CARTESIAN_POINT('Origin',(8.99999999999998,8.7,-40.6666666666667));
#3143=CARTESIAN_POINT('',(8.99999999999998,9.7,-40.6666666666667));
#3144=CARTESIAN_POINT('',(9.79999999999998,8.7,-41.2666666666667));
#3145=CARTESIAN_POINT('Origin',(8.99999999999998,8.7,-40.6666666666667));
#3146=CARTESIAN_POINT('',(9.99999999999998,8.7,-40.6666666666667));
#3147=CARTESIAN_POINT('Origin',(8.99999999999998,8.7,-40.6666666666667));
#3148=CARTESIAN_POINT('Origin',(8.99999999999998,8.7,-40.6666666666667));
#3149=CARTESIAN_POINT('Origin',(15.017,8.7,-32.644));
#3150=CARTESIAN_POINT('',(15.017,9.7,-32.644));
#3151=CARTESIAN_POINT('',(15.817,8.7,-33.244));
#3152=CARTESIAN_POINT('Origin',(8.99999999999998,0.,-40.6666666666667));
#3153=CARTESIAN_POINT('',(9.99999999999998,0.,-40.6666666666667));
#3154=CARTESIAN_POINT('',(9.79999999999998,0.,-41.2666666666667));
#3155=CARTESIAN_POINT('Origin',(8.99999999999999,8.7,-25.));
#3156=CARTESIAN_POINT('',(9.99999999999999,8.7,-27.5));
#3157=CARTESIAN_POINT('',(9.99999999999999,8.7,-25.));
#3158=CARTESIAN_POINT('',(8.99999999999999,9.7,-26.5));
#3159=CARTESIAN_POINT('',(8.99999999999999,9.7,-25.));
#3160=CARTESIAN_POINT('Origin',(8.99999999999999,8.7,-26.5));
#3161=CARTESIAN_POINT('Origin',(11.2571794459482,10.2534189752156,-37.657094072069));
#3162=CARTESIAN_POINT('',(12.0571794459482,10.2534189752156,-38.257094072069));
#3163=CARTESIAN_POINT('Origin',(21.475,8.7,-26.5));
#3164=CARTESIAN_POINT('',(25.3,8.7,-27.5));
#3165=CARTESIAN_POINT('',(21.475,8.7,-27.5));
#3166=CARTESIAN_POINT('',(26.3,9.7,-26.5));
#3167=CARTESIAN_POINT('',(21.475,9.7,-26.5));
#3168=CARTESIAN_POINT('Origin',(26.3,8.7,-26.5));
#3169=CARTESIAN_POINT('Origin',(6.49999999999998,0.,-44.));
#3170=CARTESIAN_POINT('',(7.29999999999998,0.,-44.6));
#3171=CARTESIAN_POINT('',(6.49999999999998,0.,-45.));
#3172=CARTESIAN_POINT('Origin',(3.5,0.,-44.));
#3173=CARTESIAN_POINT('',(3.5,0.,-45.));
#3174=CARTESIAN_POINT('Origin',(9.43937227818972,3.12238449245702,-51.9191630375863));
#3175=CARTESIAN_POINT('Ctrl Pts',(0.0149078434902742,8.87202744892325,-41.0198771246537));
#3176=CARTESIAN_POINT('Ctrl Pts',(0.0330327801435537,8.97581747223719,-41.0440437068581));
#3177=CARTESIAN_POINT('Ctrl Pts',(0.0683299314660066,9.07725842909533,-41.0611176033544));
#3178=CARTESIAN_POINT('Ctrl Pts',(0.163913930467185,9.25817727763819,-41.0817030398514));
#3179=CARTESIAN_POINT('Ctrl Pts',(0.239023023606657,9.35697572388378,-41.0860141484151));
#3180=CARTESIAN_POINT('Ctrl Pts',(0.416653118972602,9.52429769338387,-41.0802205077947));
#3181=CARTESIAN_POINT('Ctrl Pts',(0.561373556184426,9.60937646820324,-41.0632373843954));
#3182=CARTESIAN_POINT('Ctrl Pts',(0.704349607220248,9.6553601500849,-41.0413087506319));
#3183=CARTESIAN_POINT('Ctrl Pts',(0.715087731218443,9.65862087559278,-41.0396395401769));
#3184=CARTESIAN_POINT('Ctrl Pts',(0.726010237501581,9.66173260839282,-41.0379217849986));
#3185=CARTESIAN_POINT('Origin',(26.3,8.7,-31.75));
#3186=CARTESIAN_POINT('Ctrl Pts',(25.3149078434903,8.87202744892323,-41.0198771246537));
#3187=CARTESIAN_POINT('Ctrl Pts',(25.3330327801436,8.97581747223718,-41.0440437068581));
#3188=CARTESIAN_POINT('Ctrl Pts',(25.368329931466,9.07725842909534,-41.0611176033545));
#3189=CARTESIAN_POINT('Ctrl Pts',(25.4639139304672,9.25817727763821,-41.0817030398514));
#3190=CARTESIAN_POINT('Ctrl Pts',(25.5390230236067,9.3569757238838,-41.0860141484151));
#3191=CARTESIAN_POINT('Ctrl Pts',(25.7166531189727,9.52429769338389,-41.0802205077947));
#3192=CARTESIAN_POINT('Ctrl Pts',(25.8613735561845,9.60937646820325,-41.0632373843955));
#3193=CARTESIAN_POINT('Ctrl Pts',(26.0043496072203,9.65536015008491,-41.0413087506319));
#3194=CARTESIAN_POINT('Ctrl Pts',(26.0150877312185,9.65862087559279,-41.039639540177));
#3195=CARTESIAN_POINT('Ctrl Pts',(26.0260102375016,9.66173260839282,-41.0379217849986));
#3196=CARTESIAN_POINT('',(25.3,8.7,-31.75));
#3197=CARTESIAN_POINT('',(26.3,9.7,-31.75));
#3198=CARTESIAN_POINT('Origin',(12.325,1.,-44.));
#3199=CARTESIAN_POINT('',(12.325,1.,-45.));
#3200=CARTESIAN_POINT('',(12.325,0.,-44.));
#3201=CARTESIAN_POINT('Origin',(1.03700000000001,1.,-40.716));
#3202=CARTESIAN_POINT('',(0.999999999999987,0.,-40.6666666666667));
#3203=CARTESIAN_POINT('',(1.03700000000001,0.,-40.716));
#3204=CARTESIAN_POINT('Origin',(0.999999999999987,1.,-40.6666666666667));
#3205=CARTESIAN_POINT('Origin',(0.999999999999998,1.,-4.33333333333333));
#3206=CARTESIAN_POINT('',(-1.73443749667648E-15,1.,-4.33333333333333));
#3207=CARTESIAN_POINT('',(0.2,1.,-3.73333333333333));
#3208=CARTESIAN_POINT('Origin',(0.999999999999998,1.,-4.33333333333333));
#3209=CARTESIAN_POINT('',(0.999999999999997,0.,-4.33333333333333));
#3210=CARTESIAN_POINT('Origin',(0.999999999999998,1.,-4.33333333333333));
#3211=CARTESIAN_POINT('Origin',(0.999999999999998,1.,-4.33333333333333));
#3212=CARTESIAN_POINT('Origin',(0.99999999999999,1.,-31.75));
#3213=CARTESIAN_POINT('',(0.99999999999999,0.,-31.75));
#3214=CARTESIAN_POINT('',(-9.43689570931383E-15,1.,-31.75));
#3215=CARTESIAN_POINT('Origin',(-0.463000000000006,1.,-6.284));
#3216=CARTESIAN_POINT('',(-1.263,1.,-5.684));
#3217=CARTESIAN_POINT('',(-0.463000000000006,0.,-6.284));
#3218=CARTESIAN_POINT('Origin',(3.5,7.08196601125009,-1.));
#3219=CARTESIAN_POINT('',(3.5,7.08196601125009,0.));
#3220=CARTESIAN_POINT('',(2.7,7.08196601125009,-0.399999999999999));
#3221=CARTESIAN_POINT('Origin',(3.5,7.08196601125009,-1.));
#3222=CARTESIAN_POINT('',(3.5,7.97639320225,-0.55278640450004));
#3223=CARTESIAN_POINT('Origin',(3.5,7.08196601125009,-1.));
#3224=CARTESIAN_POINT('Origin',(3.5,7.08196601125009,-0.999999999999999));
#3225=CARTESIAN_POINT('Origin',(19.15,7.08196601125008,-1.));
#3226=CARTESIAN_POINT('',(19.15,7.08196601125008,0.));
#3227=CARTESIAN_POINT('',(19.15,7.97639320225,-0.55278640450004));
#3228=CARTESIAN_POINT('Origin',(8.92705098312485,8.7,-4.23606797749981));
#3229=CARTESIAN_POINT('',(8.92705098312485,9.7,-4.23606797749981));
#3230=CARTESIAN_POINT('',(8.92705098312485,9.59442719099992,-3.78885438199985));
#3231=CARTESIAN_POINT('Origin',(8.92705098312485,8.7,-4.23606797749981));
#3232=CARTESIAN_POINT('',(9.72705098312485,8.7,-3.63606797749981));
#3233=CARTESIAN_POINT('Origin',(8.92705098312485,8.7,-4.23606797749981));
#3234=CARTESIAN_POINT('Origin',(8.92705098312485,8.7,-4.23606797749981));
#3235=CARTESIAN_POINT('Origin',(8.99999999999999,8.7,-4.33333333333334));
#3236=CARTESIAN_POINT('',(9.79999999999999,8.7,-3.73333333333333));
#3237=CARTESIAN_POINT('',(8.99999999999999,9.7,-4.33333333333334));
#3238=CARTESIAN_POINT('Origin',(8.99999999999999,8.7,-4.33333333333334));
#3239=CARTESIAN_POINT('',(9.99999999999999,8.7,-4.33333333333334));
#3240=CARTESIAN_POINT('Origin',(8.99999999999999,8.7,-4.33333333333334));
#3241=CARTESIAN_POINT('Origin',(8.99999999999999,8.7,-4.33333333333334));
#3242=CARTESIAN_POINT('Origin',(13.517,8.7,-10.356));
#3243=CARTESIAN_POINT('',(14.317,8.7,-9.75600000000001));
#3244=CARTESIAN_POINT('',(13.517,9.7,-10.356));
#3245=CARTESIAN_POINT('Origin',(8.99999999999999,0.,-4.33333333333333));
#3246=CARTESIAN_POINT('',(9.79999999999999,0.,-3.73333333333334));
#3247=CARTESIAN_POINT('',(9.99999999999999,0.,-4.33333333333334));
#3248=CARTESIAN_POINT('Origin',(10.9985587562931,10.0810051821122,-6.99807834172412));
#3249=CARTESIAN_POINT('',(11.7985587562931,10.0810051821122,-6.39807834172412));
#3250=CARTESIAN_POINT('',(10.9985587562931,10.9754323731121,-6.55086474622416));
#3251=CARTESIAN_POINT('Origin',(8.99999999999999,8.7,-13.25));
#3252=CARTESIAN_POINT('',(8.99999999999999,9.7,-13.25));
#3253=CARTESIAN_POINT('',(9.99999999999999,8.7,-13.25));
#3254=CARTESIAN_POINT('Origin',(1.07294901687514,8.7,-4.23606797749981));
#3255=CARTESIAN_POINT('',(1.07294901687514,9.59442719099991,-3.78885438199985));
#3256=CARTESIAN_POINT('',(1.07294901687514,9.7,-4.23606797749981));
#3257=CARTESIAN_POINT('Origin',(1.07294901687514,8.7,-4.23606797749981));
#3258=CARTESIAN_POINT('',(0.27294901687514,8.7,-3.63606797749981));
#3259=CARTESIAN_POINT('Origin',(1.07294901687514,8.7,-4.23606797749981));
#3260=CARTESIAN_POINT('Origin',(1.07294901687514,8.7,-4.23606797749981));
#3261=CARTESIAN_POINT('Origin',(0.999999999999998,8.7,-4.33333333333333));
#3262=CARTESIAN_POINT('',(0.999999999999997,9.7,-4.33333333333333));
#3263=CARTESIAN_POINT('',(0.2,8.7,-3.73333333333333));
#3264=CARTESIAN_POINT('Origin',(0.999999999999997,8.7,-4.33333333333333));
#3265=CARTESIAN_POINT('',(-2.42861286636753E-15,8.7,-4.33333333333333));
#3266=CARTESIAN_POINT('Origin',(0.999999999999998,8.7,-4.33333333333333));
#3267=CARTESIAN_POINT('Origin',(0.999999999999998,8.7,-4.33333333333333));
#3268=CARTESIAN_POINT('Origin',(-0.463000000000006,8.7,-6.284));
#3269=CARTESIAN_POINT('',(-0.463000000000006,9.7,-6.284));
#3270=CARTESIAN_POINT('',(-1.263,8.7,-5.684));
#3271=CARTESIAN_POINT('Origin',(0.999999999999998,0.,-4.33333333333333));
#3272=CARTESIAN_POINT('',(-1.80411241501588E-15,0.,-4.33333333333333));
#3273=CARTESIAN_POINT('',(0.2,0.,-3.73333333333333));
#3274=CARTESIAN_POINT('Origin',(0.99999999999999,8.7,-31.75));
#3275=CARTESIAN_POINT('',(-9.43689570931383E-15,8.7,-31.75));
#3276=CARTESIAN_POINT('',(0.99999999999999,9.7,-31.75));
#3277=CARTESIAN_POINT('Origin',(7.11178607129312,4.674108630388,3.81571476172416));
#3278=CARTESIAN_POINT('',(6.31178607129312,4.674108630388,4.41571476172416));
#3279=CARTESIAN_POINT('',(7.11178607129312,5.56853582138791,4.26292835722412));
#3280=CARTESIAN_POINT('Origin',(26.475,8.7,-4.23606797749982));
#3281=CARTESIAN_POINT('',(26.475,9.7,-4.23606797749982));
#3282=CARTESIAN_POINT('',(26.475,9.59442719099991,-3.78885438199986));
#3283=CARTESIAN_POINT('Origin',(3.5,0.,-1.));
#3284=CARTESIAN_POINT('',(2.7,0.,-0.399999999999999));
#3285=CARTESIAN_POINT('',(3.5,0.,0.));
#3286=CARTESIAN_POINT('Origin',(6.49999999999999,0.,-1.));
#3287=CARTESIAN_POINT('',(6.49999999999999,0.,0.));
#3288=CARTESIAN_POINT('',(7.3,0.,-0.4));
#3289=CARTESIAN_POINT('Origin',(13.517,1.,-10.356));
#3290=CARTESIAN_POINT('',(14.317,1.,-9.75600000000001));
#3291=CARTESIAN_POINT('',(13.517,0.,-10.356));
#3292=CARTESIAN_POINT('Origin',(10.325,1.,-1.));
#3293=CARTESIAN_POINT('',(10.325,1.,0.));
#3294=CARTESIAN_POINT('',(10.325,0.,-1.));
#3295=CARTESIAN_POINT('Origin',(13.825,1.,-18.5));
#3296=CARTESIAN_POINT('',(25.3,1.,-17.5));
#3297=CARTESIAN_POINT('',(13.825,1.,-17.5));
#3298=CARTESIAN_POINT('',(26.3,0.,-18.5));
#3299=CARTESIAN_POINT('',(13.825,0.,-18.5));
#3300=CARTESIAN_POINT('Origin',(26.3,1.,-18.5));
#3301=CARTESIAN_POINT('Origin',(34.3,1.,-40.6666666666667));
#3302=CARTESIAN_POINT('',(35.3,1.,-40.6666666666667));
#3303=CARTESIAN_POINT('',(35.1,1.,-41.2666666666667));
#3304=CARTESIAN_POINT('Origin',(34.3,1.,-40.6666666666667));
#3305=CARTESIAN_POINT('',(34.3,0.,-40.6666666666667));
#3306=CARTESIAN_POINT('Origin',(34.3,1.,-40.6666666666667));
#3307=CARTESIAN_POINT('Origin',(34.3,1.,-40.6666666666667));
#3308=CARTESIAN_POINT('Origin',(34.3,1.,-13.25));
#3309=CARTESIAN_POINT('',(35.3,1.,-13.25));
#3310=CARTESIAN_POINT('',(34.3,0.,-13.25));
#3311=CARTESIAN_POINT('Origin',(35.763,1.,-38.716));
#3312=CARTESIAN_POINT('',(36.563,1.,-39.316));
#3313=CARTESIAN_POINT('',(35.763,0.,-38.716));
#3314=CARTESIAN_POINT('Origin',(31.8,7.0819660112501,-44.));
#3315=CARTESIAN_POINT('',(31.8,7.0819660112501,-45.));
#3316=CARTESIAN_POINT('',(32.6,7.08196601125011,-44.6));
#3317=CARTESIAN_POINT('Origin',(31.8,7.0819660112501,-44.));
#3318=CARTESIAN_POINT('Origin',(31.8,7.0819660112501,-44.));
#3319=CARTESIAN_POINT('Origin',(31.8,7.08196601125011,-44.));
#3320=CARTESIAN_POINT('Origin',(28.8,7.0819660112501,-44.));
#3321=CARTESIAN_POINT('Origin',(28.8,7.0819660112501,-44.));
#3322=CARTESIAN_POINT('',(28.8,7.0819660112501,-45.));
#3323=CARTESIAN_POINT('Origin',(28.8,7.0819660112501,-44.));
#3324=CARTESIAN_POINT('Origin',(28.8,7.08196601125011,-44.));
#3325=CARTESIAN_POINT('Origin',(33.8,7.08196601125011,-44.));
#3326=CARTESIAN_POINT('',(33.8,7.08196601125011,-45.));
#3327=CARTESIAN_POINT('Origin',(28.8,0.,-44.));
#3328=CARTESIAN_POINT('',(28.8,0.,-45.));
#3329=CARTESIAN_POINT('Origin',(30.8135102092242,5.73962587176734,-46.6846802789656));
#3330=CARTESIAN_POINT('Origin',(34.2270509831249,8.7,-4.23606797749982));
#3331=CARTESIAN_POINT('',(34.2270509831249,9.7,-4.23606797749982));
#3332=CARTESIAN_POINT('',(34.2270509831249,9.59442719099991,-3.78885438199986));
#3333=CARTESIAN_POINT('Origin',(34.2270509831249,8.7,-4.23606797749982));
#3334=CARTESIAN_POINT('',(35.0270509831249,8.7,-3.63606797749982));
#3335=CARTESIAN_POINT('Origin',(34.2270509831249,8.7,-4.23606797749982));
#3336=CARTESIAN_POINT('Origin',(34.2270509831249,8.7,-4.23606797749982));
#3337=CARTESIAN_POINT('Origin',(34.3,8.7,-4.33333333333336));
#3338=CARTESIAN_POINT('',(35.1,8.7,-3.73333333333336));
#3339=CARTESIAN_POINT('',(34.3,9.7,-4.33333333333336));
#3340=CARTESIAN_POINT('Origin',(34.3,8.7,-4.33333333333336));
#3341=CARTESIAN_POINT('',(35.3,8.7,-4.33333333333336));
#3342=CARTESIAN_POINT('Origin',(34.3,8.7,-4.33333333333336));
#3343=CARTESIAN_POINT('Origin',(34.3,8.7,-4.33333333333336));
#3344=CARTESIAN_POINT('Origin',(34.263,8.7,-4.28400000000002));
#3345=CARTESIAN_POINT('',(35.063,8.7,-3.68400000000003));
#3346=CARTESIAN_POINT('',(34.263,9.7,-4.28400000000002));
#3347=CARTESIAN_POINT('Origin',(34.3,0.,-4.33333333333336));
#3348=CARTESIAN_POINT('',(35.1,0.,-3.73333333333336));
#3349=CARTESIAN_POINT('',(35.3,0.,-4.33333333333336));
#3350=CARTESIAN_POINT('Origin',(32.3726966873276,7.46376380280181,-1.76359558310345));
#3351=CARTESIAN_POINT('',(33.1726966873276,7.46376380280181,-1.16359558310345));
#3352=CARTESIAN_POINT('',(32.3726966873276,8.35819099380172,-1.31638198760349));
#3353=CARTESIAN_POINT('Origin',(34.2270509831249,8.7,-40.7639320225002));
#3354=CARTESIAN_POINT('',(35.0270509831249,8.7,-41.3639320225002));
#3355=CARTESIAN_POINT('Origin',(34.2270509831249,8.7,-40.7639320225002));
#3356=CARTESIAN_POINT('Origin',(34.2270509831249,8.7,-40.7639320225002));
#3357=CARTESIAN_POINT('Origin',(34.3,8.7,-40.6666666666667));
#3358=CARTESIAN_POINT('',(34.3,9.7,-40.6666666666667));
#3359=CARTESIAN_POINT('',(35.1,8.7,-41.2666666666667));
#3360=CARTESIAN_POINT('Origin',(34.3,8.7,-40.6666666666667));
#3361=CARTESIAN_POINT('',(35.3,8.7,-40.6666666666667));
#3362=CARTESIAN_POINT('Origin',(34.3,8.7,-40.6666666666667));
#3363=CARTESIAN_POINT('Origin',(34.3,8.7,-40.6666666666667));
#3364=CARTESIAN_POINT('Origin',(35.763,8.7,-38.716));
#3365=CARTESIAN_POINT('',(35.763,9.7,-38.716));
#3366=CARTESIAN_POINT('',(36.563,8.7,-39.316));
#3367=CARTESIAN_POINT('Origin',(34.3,0.,-40.6666666666667));
#3368=CARTESIAN_POINT('',(35.3,0.,-40.6666666666667));
#3369=CARTESIAN_POINT('',(35.1,0.,-41.2666666666667));
#3370=CARTESIAN_POINT('Origin',(34.3,8.7,-13.25));
#3371=CARTESIAN_POINT('',(34.3,9.7,-13.25));
#3372=CARTESIAN_POINT('',(35.3,8.7,-13.25));
#3373=CARTESIAN_POINT('Origin',(32.6313173769828,7.63617759590526,-42.8915768306897));
#3374=CARTESIAN_POINT('',(33.4313173769827,7.63617759590526,-43.4915768306897));
#3375=CARTESIAN_POINT('Origin',(26.475,8.7,-4.23606797749982));
#3376=CARTESIAN_POINT('',(26.475,9.7,-4.23606797749982));
#3377=CARTESIAN_POINT('',(26.475,9.59442719099991,-3.78885438199986));
#3378=CARTESIAN_POINT('Origin',(31.8,0.,-44.));
#3379=CARTESIAN_POINT('',(32.6,0.,-44.6));
#3380=CARTESIAN_POINT('',(31.8,0.,-45.));
#3381=CARTESIAN_POINT('Origin',(28.4859240023276,7.29135000969836,-1.41876799689656));
#3382=CARTESIAN_POINT('',(27.6859240023277,7.29135000969836,-0.818767996896556));
#3383=CARTESIAN_POINT('',(28.4859240023276,8.18577720069828,-0.971554401396596));
#3384=CARTESIAN_POINT('Origin',(26.3,1.,-20.));
#3385=CARTESIAN_POINT('',(26.3,0.,-20.));
#3386=CARTESIAN_POINT('',(25.3,1.,-20.));
#3387=CARTESIAN_POINT('Origin',(28.8,0.,-1.00000000000005));
#3388=CARTESIAN_POINT('',(28.,0.,-0.400000000000047));
#3389=CARTESIAN_POINT('',(28.8,0.,-4.64905891561784E-14));
#3390=CARTESIAN_POINT('Origin',(20.283,1.,-12.356));
#3391=CARTESIAN_POINT('',(19.483,1.,-11.756));
#3392=CARTESIAN_POINT('',(20.283,0.,-12.356));
#3393=CARTESIAN_POINT('Origin',(9.99999999999999,0.,-4.));
#3394=CARTESIAN_POINT('',(9.99999999999999,0.,-17.5));
#3395=CARTESIAN_POINT('Origin',(9.99999999999999,0.,-17.5));
#3396=CARTESIAN_POINT('',(25.3,0.,-17.5));
#3397=CARTESIAN_POINT('Origin',(35.3,9.7,-4.00000000000003));
#3398=CARTESIAN_POINT('Origin',(28.3,0.,-4.77379099782107E-14));
#3399=CARTESIAN_POINT('Origin',(25.3,0.,-4.00000000000003));
#3400=CARTESIAN_POINT('Origin',(17.65,0.,-22.5));
#3401=CARTESIAN_POINT('Origin',(6.99999999999998,0.,-45.));
#3402=CARTESIAN_POINT('Origin',(9.99999999999998,0.,-41.));
#3403=CARTESIAN_POINT('Origin',(35.3,9.7,-4.00000000000003));
#3404=CARTESIAN_POINT('Origin',(3.,0.,0.));
#3405=CARTESIAN_POINT('Origin',(6.99999999999999,0.,0.));
#3406=CARTESIAN_POINT('Origin',(-1.71450551880637E-15,0.,-4.));
#3407=CARTESIAN_POINT('Origin',(35.3,0.,-4.00000000000003));
#3408=CARTESIAN_POINT('Origin',(32.3,0.,-45.));
#3409=CARTESIAN_POINT('Origin',(32.3,0.,-3.81320222356465E-14));
#3410=CARTESIAN_POINT('Origin',(35.3,0.,-41.));
#3411=CARTESIAN_POINT('Origin',(29.3,23.7,-22.5));
#3412=CARTESIAN_POINT('',(29.3,24.7,-25.25));
#3413=CARTESIAN_POINT('Origin',(29.3,24.7,-22.5));
#3414=CARTESIAN_POINT('',(29.3,23.7,-26.25));
#3415=CARTESIAN_POINT('Origin',(29.3,23.7,-25.25));
#3416=CARTESIAN_POINT('',(25.55,23.7,-22.5));
#3417=CARTESIAN_POINT('Origin',(29.3,23.7,-22.5));
#3418=CARTESIAN_POINT('Origin',(29.3,23.7,-22.5));
#3419=CARTESIAN_POINT('Origin',(29.3,9.7,-22.5));
#3420=CARTESIAN_POINT('',(25.55,9.7,-22.5));
#3421=CARTESIAN_POINT('',(25.55,9.7,-22.5));
#3422=CARTESIAN_POINT('Origin',(29.3,9.7,-22.5));
#3423=CARTESIAN_POINT('Origin',(29.3,24.7,-22.5));
#3424=CARTESIAN_POINT('',(28.05,24.7,-22.5));
#3425=CARTESIAN_POINT('Origin',(29.3,24.7,-22.5));
#3426=CARTESIAN_POINT('Origin',(5.99999999999999,23.7,-22.5));
#3427=CARTESIAN_POINT('',(5.99999999999999,24.7,-25.25));
#3428=CARTESIAN_POINT('Origin',(5.99999999999999,24.7,-22.5));
#3429=CARTESIAN_POINT('',(5.99999999999999,23.7,-26.25));
#3430=CARTESIAN_POINT('Origin',(5.99999999999999,23.7,-25.25));
#3431=CARTESIAN_POINT('',(2.24999999999999,23.7,-22.5));
#3432=CARTESIAN_POINT('Origin',(5.99999999999999,23.7,-22.5));
#3433=CARTESIAN_POINT('Origin',(5.99999999999999,23.7,-22.5));
#3434=CARTESIAN_POINT('Origin',(5.99999999999999,9.7,-22.5));
#3435=CARTESIAN_POINT('',(2.24999999999999,9.7,-22.5));
#3436=CARTESIAN_POINT('',(2.24999999999999,9.7,-22.5));
#3437=CARTESIAN_POINT('Origin',(5.99999999999999,9.7,-22.5));
#3438=CARTESIAN_POINT('Origin',(5.99999999999999,24.7,-22.5));
#3439=CARTESIAN_POINT('',(4.74999999999999,24.7,-22.5));
#3440=CARTESIAN_POINT('Origin',(5.99999999999999,24.7,-22.5));
#3441=CARTESIAN_POINT('Origin',(5.99999999999999,24.7,-22.5));
#3442=CARTESIAN_POINT('',(4.74999999999999,14.7,-22.5));
#3443=CARTESIAN_POINT('',(4.74999999999999,24.7,-22.5));
#3444=CARTESIAN_POINT('Origin',(5.99999999999999,14.7,-22.5));
#3445=CARTESIAN_POINT('Origin',(5.99999999999999,14.7,-22.5));
#3446=CARTESIAN_POINT('Origin',(29.3,24.7,-22.5));
#3447=CARTESIAN_POINT('',(28.05,14.7,-22.5));
#3448=CARTESIAN_POINT('',(28.05,24.7,-22.5));
#3449=CARTESIAN_POINT('Origin',(29.3,14.7,-22.5));
#3450=CARTESIAN_POINT('Origin',(29.3,14.7,-22.5));
#3451=CARTESIAN_POINT('Origin',(-1.21093123468033E-14,0.,-41.));
#3452=CARTESIAN_POINT('Origin',(9.99999999999999,0.,-27.5));
#3453=CARTESIAN_POINT('',(9.99999999999999,0.,-27.5));
#3454=CARTESIAN_POINT('Origin',(25.3,0.,-27.5));
#3455=CARTESIAN_POINT('',(25.3,0.,-27.5));
#3456=CARTESIAN_POINT('Origin',(25.3,0.,-41.));
#3457=CARTESIAN_POINT('Origin',(25.3,0.,-17.5));
#3458=CARTESIAN_POINT('Origin',(17.65,9.7,-22.5));
#3459=UNCERTAINTY_MEASURE_WITH_UNIT(LENGTH_MEASURE(0.01),#3463,
'DISTANCE_ACCURACY_VALUE',
'Maximum model space distance between geometric entities at asserted c
onnectivities');
#3460=UNCERTAINTY_MEASURE_WITH_UNIT(LENGTH_MEASURE(0.01),#3463,
'DISTANCE_ACCURACY_VALUE',
'Maximum model space distance between geometric entities at asserted c
onnectivities');
#3461=(
GEOMETRIC_REPRESENTATION_CONTEXT(3)
GLOBAL_UNCERTAINTY_ASSIGNED_CONTEXT((#3459))
GLOBAL_UNIT_ASSIGNED_CONTEXT((#3463,#3465,#3466))
REPRESENTATION_CONTEXT('','3D')
);
#3462=(
GEOMETRIC_REPRESENTATION_CONTEXT(3)
GLOBAL_UNCERTAINTY_ASSIGNED_CONTEXT((#3460))
GLOBAL_UNIT_ASSIGNED_CONTEXT((#3463,#3465,#3466))
REPRESENTATION_CONTEXT('','3D')
);
#3463=(
LENGTH_UNIT()
NAMED_UNIT(*)
SI_UNIT(.MILLI.,.METRE.)
);
#3464=(
LENGTH_UNIT()
NAMED_UNIT(*)
SI_UNIT(.CENTI.,.METRE.)
);
#3465=(
NAMED_UNIT(*)
PLANE_ANGLE_UNIT()
SI_UNIT($,.RADIAN.)
);
#3466=(
NAMED_UNIT(*)
SI_UNIT($,.STERADIAN.)
SOLID_ANGLE_UNIT()
);
#3467=SHAPE_DEFINITION_REPRESENTATION(#3468,#3469);
#3468=PRODUCT_DEFINITION_SHAPE('',$,#3471);
#3469=SHAPE_REPRESENTATION('',(#1951),#3461);
#3470=PRODUCT_DEFINITION_CONTEXT('part definition',#3475,'design');
#3471=PRODUCT_DEFINITION('Segundo Inserto','Segundo Acople',#3472,#3470);
#3472=PRODUCT_DEFINITION_FORMATION('',$,#3477);
#3473=PRODUCT_RELATED_PRODUCT_CATEGORY('Segundo Acople',
'Segundo Acople',(#3477));
#3474=APPLICATION_PROTOCOL_DEFINITION('international standard',
'automotive_design',2009,#3475);
#3475=APPLICATION_CONTEXT(
'Core Data for Automotive Mechanical Design Process');
#3476=PRODUCT_CONTEXT('part definition',#3475,'mechanical');
#3477=PRODUCT('Segundo Inserto','Segundo Acople',$,(#3476));
#3478=PRESENTATION_STYLE_ASSIGNMENT((#3479));
#3479=SURFACE_STYLE_USAGE(.BOTH.,#3482);
#3480=SURFACE_STYLE_RENDERING_WITH_PROPERTIES($,#3486,(#3481));
#3481=SURFACE_STYLE_TRANSPARENT(0.);
#3482=SURFACE_SIDE_STYLE('',(#3483,#3480));
#3483=SURFACE_STYLE_FILL_AREA(#3484);
#3484=FILL_AREA_STYLE('',(#3485));
#3485=FILL_AREA_STYLE_COLOUR('',#3486);
#3486=COLOUR_RGB('',0.313725490196078,0.313725490196078,0.313725490196078);
ENDSEC;
END-ISO-10303-21;
